per,nseg,icalc,outseg,iupseg,iprior,nstrpts,flow,runoff,etsw,pptsw,roughch,roughbk,cdpth,fdpth,awdth,bwdth,hcond1,thickm1,elevup,width1,depth1,thts1,thti1,eps1,uhc1,hcond2,thickm2,elevdn,width2,depth2,thts2,thti2,eps2,uhc2
0,1,1,2,0,0,0,0.0,0.0,0.0,0.0,0.037,0.0,0.0,0.0,0.0,0.0,0.0,0.0,200.29973,35.44681,0.0,0.0,0.0,0.0,0.0,0.0,0.0,200.28174,35.450478,0.0,0.0,0.0,0.0,0.0
0,2,1,3,0,0,0,0.0,0.0,0.0,0.0,0.037,0.0,0.0,0.0,0.0,0.0,0.0,0.0,200.28174,35.450478,0.0,0.0,0.0,0.0,0.0,0.0,0.0,200.22981,35.455948,0.0,0.0,0.0,0.0,0.0
0,3,1,5,0,0,0,0.0,0.0,0.0,0.0,0.037,0.0,0.0,0.0,0.0,0.0,0.0,0.0,200.22981,35.455948,0.0,0.0,0.0,0.0,0.0,0.0,0.0,200.00056,35.479126,0.0,0.0,0.0,0.0,0.0
0,4,1,6,0,0,0,0.0,0.0,0.0,0.0,0.037,0.0,0.0,0.0,0.0,0.0,0.0,0.0,204.47334,5.2501626,0.0,0.0,0.0,0.0,0.0,0.0,0.0,203.71744,5.400064,0.0,0.0,0.0,0.0,0.0
0,5,1,7,0,0,0,0.0,0.0,0.0,0.0,0.037,0.0,0.0,0.0,0.0,0.0,0.0,0.0,200.00056,35.479126,0.0,0.0,0.0,0.0,0.0,0.0,0.0,199.89433,35.489502,0.0,0.0,0.0,0.0,0.0
0,6,1,8,0,0,0,0.0,0.0,0.0,0.0,0.037,0.0,0.0,0.0,0.0,0.0,0.0,0.0,203.71744,5.428352,0.0,0.0,0.0,0.0,0.0,0.0,0.0,201.91437,5.714555,0.0,0.0,0.0,0.0,0.0
0,7,1,9,0,0,0,0.0,0.0,0.0,0.0,0.037,0.0,0.0,0.0,0.0,0.0,0.0,0.0,199.89433,35.50098,0.0,0.0,0.0,0.0,0.0,0.0,0.0,199.88214,35.503906,0.0,0.0,0.0,0.0,0.0
0,8,1,11,0,0,0,0.0,0.0,0.0,0.0,0.037,0.0,0.0,0.0,0.0,0.0,0.0,0.0,201.91437,6.111445,0.0,0.0,0.0,0.0,0.0,0.0,0.0,201.29848,6.163862,0.0,0.0,0.0,0.0,0.0
0,9,1,12,0,0,0,0.0,0.0,0.0,0.0,0.037,0.0,0.0,0.0,0.0,0.0,0.0,0.0,199.88214,35.503906,0.0,0.0,0.0,0.0,0.0,0.0,0.0,199.81813,35.519794,0.0,0.0,0.0,0.0,0.0
0,10,1,13,0,0,0,0.0,0.0,0.0,0.0,0.037,0.0,0.0,0.0,0.0,0.0,0.0,0.0,210.2618,6.1753745,0.0,0.0,0.0,0.0,0.0,0.0,0.0,210.2618,7.377927,0.0,0.0,0.0,0.0,0.0
0,11,1,15,0,0,0,0.0,0.0,0.0,0.0,0.037,0.0,0.0,0.0,0.0,0.0,0.0,0.0,201.29848,6.163862,0.0,0.0,0.0,0.0,0.0,0.0,0.0,199.006,6.511393,0.0,0.0,0.0,0.0,0.0
0,12,1,16,0,0,0,0.0,0.0,0.0,0.0,0.037,0.0,0.0,0.0,0.0,0.0,0.0,0.0,199.81813,35.53194,0.0,0.0,0.0,0.0,0.0,0.0,0.0,199.7267,35.540237,0.0,0.0,0.0,0.0,0.0
0,13,1,17,0,0,0,0.0,0.0,0.0,0.0,0.037,0.0,0.0,0.0,0.0,0.0,0.0,0.0,210.2618,8.8602,0.0,0.0,0.0,0.0,0.0,0.0,0.0,207.38606,9.090151,0.0,0.0,0.0,0.0,0.0
0,14,1,18,0,0,0,0.0,0.0,0.0,0.0,0.037,0.0,0.0,0.0,0.0,0.0,0.0,0.0,222.2643,5.2779007,0.0,0.0,0.0,0.0,0.0,0.0,0.0,220.48778,5.459094,0.0,0.0,0.0,0.0,0.0
0,15,1,19,0,0,0,0.0,0.0,0.0,0.0,0.037,0.0,0.0,0.0,0.0,0.0,0.0,0.0,199.006,6.511393,0.0,0.0,0.0,0.0,0.0,0.0,0.0,198.43556,6.616434,0.0,0.0,0.0,0.0,0.0
0,16,1,20,0,0,0,0.0,0.0,0.0,0.0,0.037,0.0,0.0,0.0,0.0,0.0,0.0,0.0,199.7267,35.540237,0.0,0.0,0.0,0.0,0.0,0.0,0.0,199.7145,35.547306,0.0,0.0,0.0,0.0,0.0
0,17,1,21,0,0,0,0.0,0.0,0.0,0.0,0.037,0.0,0.0,0.0,0.0,0.0,0.0,0.0,207.38606,9.090151,0.0,0.0,0.0,0.0,0.0,0.0,0.0,206.4367,9.155482,0.0,0.0,0.0,0.0,0.0
0,18,1,22,0,0,0,0.0,0.0,0.0,0.0,0.037,0.0,0.0,0.0,0.0,0.0,0.0,0.0,220.48778,7.0390043,0.0,0.0,0.0,0.0,0.0,0.0,0.0,220.07852,7.088559,0.0,0.0,0.0,0.0,0.0
0,19,1,23,0,0,0,0.0,0.0,0.0,0.0,0.037,0.0,0.0,0.0,0.0,0.0,0.0,0.0,198.43556,7.0617094,0.0,0.0,0.0,0.0,0.0,0.0,0.0,197.76309,7.25378,0.0,0.0,0.0,0.0,0.0
0,20,1,24,0,0,0,0.0,0.0,0.0,0.0,0.037,0.0,0.0,0.0,0.0,0.0,0.0,0.0,199.7145,35.547306,0.0,0.0,0.0,0.0,0.0,0.0,0.0,199.34279,35.588387,0.0,0.0,0.0,0.0,0.0
0,21,1,25,0,0,0,0.0,0.0,0.0,0.0,0.037,0.0,0.0,0.0,0.0,0.0,0.0,0.0,206.4367,9.155482,0.0,0.0,0.0,0.0,0.0,0.0,0.0,205.80846,9.216021,0.0,0.0,0.0,0.0,0.0
0,22,1,26,0,0,0,0.0,0.0,0.0,0.0,0.037,0.0,0.0,0.0,0.0,0.0,0.0,0.0,220.07852,7.088559,0.0,0.0,0.0,0.0,0.0,0.0,0.0,218.30083,7.371556,0.0,0.0,0.0,0.0,0.0
0,23,1,27,0,0,0,0.0,0.0,0.0,0.0,0.037,0.0,0.0,0.0,0.0,0.0,0.0,0.0,197.76309,7.25378,0.0,0.0,0.0,0.0,0.0,0.0,0.0,197.43663,7.3740664,0.0,0.0,0.0,0.0,0.0
0,24,1,28,0,0,0,0.0,0.0,0.0,0.0,0.037,0.0,0.0,0.0,0.0,0.0,0.0,0.0,199.34279,35.588387,0.0,0.0,0.0,0.0,0.0,0.0,0.0,199.25424,35.59861,0.0,0.0,0.0,0.0,0.0
0,25,1,29,0,0,0,0.0,0.0,0.0,0.0,0.037,0.0,0.0,0.0,0.0,0.0,0.0,0.0,205.80846,9.216021,0.0,0.0,0.0,0.0,0.0,0.0,0.0,202.14163,9.521486,0.0,0.0,0.0,0.0,0.0
0,26,1,30,0,0,0,0.0,0.0,0.0,0.0,0.037,0.0,0.0,0.0,0.0,0.0,0.0,0.0,218.30083,7.959139,0.0,0.0,0.0,0.0,0.0,0.0,0.0,211.87956,8.556532,0.0,0.0,0.0,0.0,0.0
0,27,1,31,0,0,0,0.0,0.0,0.0,0.0,0.037,0.0,0.0,0.0,0.0,0.0,0.0,0.0,197.43663,7.804111,0.0,0.0,0.0,0.0,0.0,0.0,0.0,196.91025,7.9315176,0.0,0.0,0.0,0.0,0.0
0,28,1,32,0,0,0,0.0,0.0,0.0,0.0,0.037,0.0,0.0,0.0,0.0,0.0,0.0,0.0,199.25424,35.59861,0.0,0.0,0.0,0.0,0.0,0.0,0.0,198.91214,35.650475,0.0,0.0,0.0,0.0,0.0
0,29,1,33,0,0,0,0.0,0.0,0.0,0.0,0.037,0.0,0.0,0.0,0.0,0.0,0.0,0.0,202.14163,9.521486,0.0,0.0,0.0,0.0,0.0,0.0,0.0,200.72708,9.753835,0.0,0.0,0.0,0.0,0.0
0,30,1,34,0,0,0,0.0,0.0,0.0,0.0,0.037,0.0,0.0,0.0,0.0,0.0,0.0,0.0,211.87956,9.733525,0.0,0.0,0.0,0.0,0.0,0.0,0.0,208.83022,9.891812,0.0,0.0,0.0,0.0,0.0
0,31,1,35,0,0,0,0.0,0.0,0.0,0.0,0.037,0.0,0.0,0.0,0.0,0.0,0.0,0.0,196.91025,8.09673,0.0,0.0,0.0,0.0,0.0,0.0,0.0,196.83653,8.125551,0.0,0.0,0.0,0.0,0.0
0,32,1,36,0,0,0,0.0,0.0,0.0,0.0,0.037,0.0,0.0,0.0,0.0,0.0,0.0,0.0,198.91214,35.650475,0.0,0.0,0.0,0.0,0.0,0.0,0.0,198.54102,35.69213,0.0,0.0,0.0,0.0,0.0
0,33,1,37,0,0,0,0.0,0.0,0.0,0.0,0.037,0.0,0.0,0.0,0.0,0.0,0.0,0.0,200.72708,9.753835,0.0,0.0,0.0,0.0,0.0,0.0,0.0,199.64444,9.976474,0.0,0.0,0.0,0.0,0.0
0,34,1,38,0,0,0,0.0,0.0,0.0,0.0,0.037,0.0,0.0,0.0,0.0,0.0,0.0,0.0,208.83022,10.885603,0.0,0.0,0.0,0.0,0.0,0.0,0.0,202.55403,11.38412,0.0,0.0,0.0,0.0,0.0
0,35,1,41,0,0,0,0.0,0.0,0.0,0.0,0.037,0.0,0.0,0.0,0.0,0.0,0.0,0.0,196.83653,8.125551,0.0,0.0,0.0,0.0,0.0,0.0,0.0,196.18677,8.2644615,0.0,0.0,0.0,0.0,0.0
0,36,1,42,0,0,0,0.0,0.0,0.0,0.0,0.037,0.0,0.0,0.0,0.0,0.0,0.0,0.0,198.54102,35.883896,0.0,0.0,0.0,0.0,0.0,0.0,0.0,198.28331,35.91778,0.0,0.0,0.0,0.0,0.0
0,37,1,42,0,0,0,0.0,0.0,0.0,0.0,0.037,0.0,0.0,0.0,0.0,0.0,0.0,0.0,199.64444,9.976474,0.0,0.0,0.0,0.0,0.0,0.0,0.0,198.28331,10.327379,0.0,0.0,0.0,0.0,0.0
0,38,1,43,0,0,0,0.0,0.0,0.0,0.0,0.037,0.0,0.0,0.0,0.0,0.0,0.0,0.0,202.55403,11.38412,0.0,0.0,0.0,0.0,0.0,0.0,0.0,200.7451,11.52809,0.0,0.0,0.0,0.0,0.0
0,39,1,44,0,0,0,0.0,0.0,0.0,0.0,0.037,0.0,0.0,0.0,0.0,0.0,0.0,0.0,215.66083,5.489279,0.0,0.0,0.0,0.0,0.0,0.0,0.0,213.55556,5.673434,0.0,0.0,0.0,0.0,0.0
0,40,1,45,0,0,0,0.0,0.0,0.0,0.0,0.037,0.0,0.0,0.0,0.0,0.0,0.0,0.0,207.3694,5.651884,0.0,0.0,0.0,0.0,0.0,0.0,0.0,206.10884,5.6884212,0.0,0.0,0.0,0.0,0.0
0,41,1,46,0,0,0,0.0,0.0,0.0,0.0,0.037,0.0,0.0,0.0,0.0,0.0,0.0,0.0,196.18677,8.2644615,0.0,0.0,0.0,0.0,0.0,0.0,0.0,196.00487,8.310312,0.0,0.0,0.0,0.0,0.0
0,42,1,47,0,0,0,0.0,0.0,0.0,0.0,0.037,0.0,0.0,0.0,0.0,0.0,0.0,0.0,198.28331,37.405457,0.0,0.0,0.0,0.0,0.0,0.0,0.0,198.2545,37.411674,0.0,0.0,0.0,0.0,0.0
0,43,1,47,0,0,0,0.0,0.0,0.0,0.0,0.037,0.0,0.0,0.0,0.0,0.0,0.0,0.0,200.7451,11.52809,0.0,0.0,0.0,0.0,0.0,0.0,0.0,198.2545,11.823134,0.0,0.0,0.0,0.0,0.0
0,44,1,48,0,0,0,0.0,0.0,0.0,0.0,0.037,0.0,0.0,0.0,0.0,0.0,0.0,0.0,213.55556,5.9668274,0.0,0.0,0.0,0.0,0.0,0.0,0.0,204.07198,6.6253457,0.0,0.0,0.0,0.0,0.0
0,45,1,48,0,0,0,0.0,0.0,0.0,0.0,0.037,0.0,0.0,0.0,0.0,0.0,0.0,0.0,206.10884,5.6884212,0.0,0.0,0.0,0.0,0.0,0.0,0.0,204.07198,6.1494427,0.0,0.0,0.0,0.0,0.0
0,46,1,49,0,0,0,0.0,0.0,0.0,0.0,0.037,0.0,0.0,0.0,0.0,0.0,0.0,0.0,196.00487,8.310312,0.0,0.0,0.0,0.0,0.0,0.0,0.0,195.98145,8.325569,0.0,0.0,0.0,0.0,0.0
0,47,1,50,0,0,0,0.0,0.0,0.0,0.0,0.037,0.0,0.0,0.0,0.0,0.0,0.0,0.0,198.2545,39.0087,0.0,0.0,0.0,0.0,0.0,0.0,0.0,197.96799,39.039482,0.0,0.0,0.0,0.0,0.0
0,48,1,51,0,0,0,0.0,0.0,0.0,0.0,0.037,0.0,0.0,0.0,0.0,0.0,0.0,0.0,204.07198,9.059398,0.0,0.0,0.0,0.0,0.0,0.0,0.0,199.92355,9.482178,0.0,0.0,0.0,0.0,0.0
0,49,1,53,0,0,0,0.0,0.0,0.0,0.0,0.037,0.0,0.0,0.0,0.0,0.0,0.0,0.0,195.98145,8.325569,0.0,0.0,0.0,0.0,0.0,0.0,0.0,195.8784,8.411536,0.0,0.0,0.0,0.0,0.0
0,50,1,55,0,0,0,0.0,0.0,0.0,0.0,0.037,0.0,0.0,0.0,0.0,0.0,0.0,0.0,197.96799,39.039482,0.0,0.0,0.0,0.0,0.0,0.0,0.0,197.44676,39.099297,0.0,0.0,0.0,0.0,0.0
0,51,1,55,0,0,0,0.0,0.0,0.0,0.0,0.037,0.0,0.0,0.0,0.0,0.0,0.0,0.0,199.92355,9.482178,0.0,0.0,0.0,0.0,0.0,0.0,0.0,197.44676,9.8364,0.0,0.0,0.0,0.0,0.0
0,52,1,56,0,0,0,0.0,0.0,0.0,0.0,0.037,0.0,0.0,0.0,0.0,0.0,0.0,0.0,199.93405,4.594049,0.0,0.0,0.0,0.0,0.0,0.0,0.0,199.93405,5.964209,0.0,0.0,0.0,0.0,0.0
0,53,1,57,0,0,0,0.0,0.0,0.0,0.0,0.037,0.0,0.0,0.0,0.0,0.0,0.0,0.0,195.8784,8.411536,0.0,0.0,0.0,0.0,0.0,0.0,0.0,195.83499,8.473364,0.0,0.0,0.0,0.0,0.0
0,54,1,58,0,0,0,0.0,0.0,0.0,0.0,0.037,0.0,0.0,0.0,0.0,0.0,0.0,0.0,199.64044,5.667929,0.0,0.0,0.0,0.0,0.0,0.0,0.0,197.6582,5.8775263,0.0,0.0,0.0,0.0,0.0
0,55,1,59,0,0,0,0.0,0.0,0.0,0.0,0.037,0.0,0.0,0.0,0.0,0.0,0.0,0.0,197.44676,40.346912,0.0,0.0,0.0,0.0,0.0,0.0,0.0,197.32494,40.352932,0.0,0.0,0.0,0.0,0.0
0,56,1,59,0,0,0,0.0,0.0,0.0,0.0,0.037,0.0,0.0,0.0,0.0,0.0,0.0,0.0,199.93405,5.964209,0.0,0.0,0.0,0.0,0.0,0.0,0.0,197.32494,6.18962,0.0,0.0,0.0,0.0,0.0
0,57,1,60,0,0,0,0.0,0.0,0.0,0.0,0.037,0.0,0.0,0.0,0.0,0.0,0.0,0.0,195.83499,8.473364,0.0,0.0,0.0,0.0,0.0,0.0,0.0,195.4395,8.53734,0.0,0.0,0.0,0.0,0.0
0,58,1,63,0,0,0,0.0,0.0,0.0,0.0,0.037,0.0,0.0,0.0,0.0,0.0,0.0,0.0,197.6582,5.8775263,0.0,0.0,0.0,0.0,0.0,0.0,0.0,196.88976,6.0014706,0.0,0.0,0.0,0.0,0.0
0,59,1,64,0,0,0,0.0,0.0,0.0,0.0,0.037,0.0,0.0,0.0,0.0,0.0,0.0,0.0,197.32494,40.83931,0.0,0.0,0.0,0.0,0.0,0.0,0.0,197.32486,40.884266,0.0,0.0,0.0,0.0,0.0
0,60,1,65,0,0,0,0.0,0.0,0.0,0.0,0.037,0.0,0.0,0.0,0.0,0.0,0.0,0.0,195.16426,8.544104,0.0,0.0,0.0,0.0,0.0,0.0,0.0,195.16426,8.616422,0.0,0.0,0.0,0.0,0.0
0,61,1,66,0,0,0,0.0,0.0,0.0,0.0,0.037,0.0,0.0,0.0,0.0,0.0,0.0,0.0,202.50043,5.3052287,0.0,0.0,0.0,0.0,0.0,0.0,0.0,200.69128,5.3840213,0.0,0.0,0.0,0.0,0.0
0,62,1,66,0,0,0,0.0,0.0,0.0,0.0,0.037,0.0,0.0,0.0,0.0,0.0,0.0,0.0,207.54503,5.2893043,0.0,0.0,0.0,0.0,0.0,0.0,0.0,201.69434,5.8443437,0.0,0.0,0.0,0.0,0.0
0,63,1,68,0,0,0,0.0,0.0,0.0,0.0,0.037,0.0,0.0,0.0,0.0,0.0,0.0,0.0,196.88976,6.75047,0.0,0.0,0.0,0.0,0.0,0.0,0.0,196.88976,6.8046083,0.0,0.0,0.0,0.0,0.0
0,64,1,69,0,0,0,0.0,0.0,0.0,0.0,0.037,0.0,0.0,0.0,0.0,0.0,0.0,0.0,197.32486,40.884266,0.0,0.0,0.0,0.0,0.0,0.0,0.0,197.32486,40.899548,0.0,0.0,0.0,0.0,0.0
0,65,1,70,0,0,0,0.0,0.0,0.0,0.0,0.037,0.0,0.0,0.0,0.0,0.0,0.0,0.0,195.16426,8.616422,0.0,0.0,0.0,0.0,0.0,0.0,0.0,195.16426,8.681658,0.0,0.0,0.0,0.0,0.0
0,66,1,71,0,0,0,0.0,0.0,0.0,0.0,0.037,0.0,0.0,0.0,0.0,0.0,0.0,0.0,200.69128,8.40789,0.0,0.0,0.0,0.0,0.0,0.0,0.0,199.0913,8.595702,0.0,0.0,0.0,0.0,0.0
0,67,1,72,0,0,0,0.0,0.0,0.0,0.0,0.037,0.0,0.0,0.0,0.0,0.0,0.0,0.0,224.33098,6.529052,0.0,0.0,0.0,0.0,0.0,0.0,0.0,224.33098,6.6508346,0.0,0.0,0.0,0.0,0.0
0,68,1,73,0,0,0,0.0,0.0,0.0,0.0,0.037,0.0,0.0,0.0,0.0,0.0,0.0,0.0,196.88976,6.8046083,0.0,0.0,0.0,0.0,0.0,0.0,0.0,196.78127,6.857599,0.0,0.0,0.0,0.0,0.0
0,69,1,73,0,0,0,0.0,0.0,0.0,0.0,0.037,0.0,0.0,0.0,0.0,0.0,0.0,0.0,197.32486,40.899548,0.0,0.0,0.0,0.0,0.0,0.0,0.0,196.78127,40.947887,0.0,0.0,0.0,0.0,0.0
0,70,1,74,0,0,0,0.0,0.0,0.0,0.0,0.037,0.0,0.0,0.0,0.0,0.0,0.0,0.0,195.16426,8.691512,0.0,0.0,0.0,0.0,0.0,0.0,0.0,195.16426,8.754239,0.0,0.0,0.0,0.0,0.0
0,71,1,75,0,0,0,0.0,0.0,0.0,0.0,0.037,0.0,0.0,0.0,0.0,0.0,0.0,0.0,199.0913,8.763362,0.0,0.0,0.0,0.0,0.0,0.0,0.0,198.07198,8.861005,0.0,0.0,0.0,0.0,0.0
0,72,1,76,0,0,0,0.0,0.0,0.0,0.0,0.037,0.0,0.0,0.0,0.0,0.0,0.0,0.0,224.33098,6.6508346,0.0,0.0,0.0,0.0,0.0,0.0,0.0,224.33098,6.691757,0.0,0.0,0.0,0.0,0.0
0,73,1,77,0,0,0,0.0,0.0,0.0,0.0,0.037,0.0,0.0,0.0,0.0,0.0,0.0,0.0,196.78127,41.53492,0.0,0.0,0.0,0.0,0.0,0.0,0.0,195.16426,41.616272,0.0,0.0,0.0,0.0,0.0
0,74,1,77,0,0,0,0.0,0.0,0.0,0.0,0.037,0.0,0.0,0.0,0.0,0.0,0.0,0.0,195.16426,8.754239,0.0,0.0,0.0,0.0,0.0,0.0,0.0,195.16426,8.873638,0.0,0.0,0.0,0.0,0.0
0,75,1,78,0,0,0,0.0,0.0,0.0,0.0,0.037,0.0,0.0,0.0,0.0,0.0,0.0,0.0,198.07198,8.861005,0.0,0.0,0.0,0.0,0.0,0.0,0.0,196.12453,9.125182,0.0,0.0,0.0,0.0,0.0
0,76,1,79,0,0,0,0.0,0.0,0.0,0.0,0.037,0.0,0.0,0.0,0.0,0.0,0.0,0.0,224.33098,6.691757,0.0,0.0,0.0,0.0,0.0,0.0,0.0,219.91698,6.710007,0.0,0.0,0.0,0.0,0.0
0,77,1,80,0,0,0,0.0,0.0,0.0,0.0,0.037,0.0,0.0,0.0,0.0,0.0,0.0,0.0,195.16426,42.576336,0.0,0.0,0.0,0.0,0.0,0.0,0.0,194.63957,42.747288,0.0,0.0,0.0,0.0,0.0
0,78,1,81,0,0,0,0.0,0.0,0.0,0.0,0.037,0.0,0.0,0.0,0.0,0.0,0.0,0.0,196.12453,9.125182,0.0,0.0,0.0,0.0,0.0,0.0,0.0,194.65002,9.214859,0.0,0.0,0.0,0.0,0.0
0,79,1,82,0,0,0,0.0,0.0,0.0,0.0,0.037,0.0,0.0,0.0,0.0,0.0,0.0,0.0,219.91698,6.710007,0.0,0.0,0.0,0.0,0.0,0.0,0.0,217.92928,6.74752,0.0,0.0,0.0,0.0,0.0
0,80,1,83,0,0,0,0.0,0.0,0.0,0.0,0.037,0.0,0.0,0.0,0.0,0.0,0.0,0.0,194.63957,42.83009,0.0,0.0,0.0,0.0,0.0,0.0,0.0,193.77904,42.879215,0.0,0.0,0.0,0.0,0.0
0,81,1,84,0,0,0,0.0,0.0,0.0,0.0,0.037,0.0,0.0,0.0,0.0,0.0,0.0,0.0,194.65002,9.214859,0.0,0.0,0.0,0.0,0.0,0.0,0.0,194.15189,9.329355,0.0,0.0,0.0,0.0,0.0
0,82,1,86,0,0,0,0.0,0.0,0.0,0.0,0.037,0.0,0.0,0.0,0.0,0.0,0.0,0.0,217.92928,6.8849244,0.0,0.0,0.0,0.0,0.0,0.0,0.0,217.31952,6.9014335,0.0,0.0,0.0,0.0,0.0
0,83,1,87,0,0,0,0.0,0.0,0.0,0.0,0.037,0.0,0.0,0.0,0.0,0.0,0.0,0.0,193.77904,42.879215,0.0,0.0,0.0,0.0,0.0,0.0,0.0,192.95195,42.906677,0.0,0.0,0.0,0.0,0.0
0,84,1,88,0,0,0,0.0,0.0,0.0,0.0,0.037,0.0,0.0,0.0,0.0,0.0,0.0,0.0,194.15189,9.757422,0.0,0.0,0.0,0.0,0.0,0.0,0.0,193.60019,9.789804,0.0,0.0,0.0,0.0,0.0
0,85,1,89,0,0,0,0.0,0.0,0.0,0.0,0.037,0.0,0.0,0.0,0.0,0.0,0.0,0.0,222.04555,5.2141294,0.0,0.0,0.0,0.0,0.0,0.0,0.0,222.04555,5.426915,0.0,0.0,0.0,0.0,0.0
0,86,1,90,0,0,0,0.0,0.0,0.0,0.0,0.037,0.0,0.0,0.0,0.0,0.0,0.0,0.0,216.72058,6.9333096,0.0,0.0,0.0,0.0,0.0,0.0,0.0,216.10022,6.9663687,0.0,0.0,0.0,0.0,0.0
0,87,1,91,0,0,0,0.0,0.0,0.0,0.0,0.037,0.0,0.0,0.0,0.0,0.0,0.0,0.0,192.95195,42.906677,0.0,0.0,0.0,0.0,0.0,0.0,0.0,192.95195,42.95097,0.0,0.0,0.0,0.0,0.0
0,88,1,92,0,0,0,0.0,0.0,0.0,0.0,0.037,0.0,0.0,0.0,0.0,0.0,0.0,0.0,193.60019,9.789804,0.0,0.0,0.0,0.0,0.0,0.0,0.0,193.46405,9.833713,0.0,0.0,0.0,0.0,0.0
0,89,1,94,0,0,0,0.0,0.0,0.0,0.0,0.037,0.0,0.0,0.0,0.0,0.0,0.0,0.0,222.04555,5.6567774,0.0,0.0,0.0,0.0,0.0,0.0,0.0,217.73523,5.8297524,0.0,0.0,0.0,0.0,0.0
0,90,1,95,0,0,0,0.0,0.0,0.0,0.0,0.037,0.0,0.0,0.0,0.0,0.0,0.0,0.0,216.10022,6.9663687,0.0,0.0,0.0,0.0,0.0,0.0,0.0,215.49347,7.0023227,0.0,0.0,0.0,0.0,0.0
0,91,1,96,0,0,0,0.0,0.0,0.0,0.0,0.037,0.0,0.0,0.0,0.0,0.0,0.0,0.0,192.95195,42.95097,0.0,0.0,0.0,0.0,0.0,0.0,0.0,192.91438,42.95912,0.0,0.0,0.0,0.0,0.0
0,92,1,98,0,0,0,0.0,0.0,0.0,0.0,0.037,0.0,0.0,0.0,0.0,0.0,0.0,0.0,193.46405,9.833713,0.0,0.0,0.0,0.0,0.0,0.0,0.0,193.32492,9.879019,0.0,0.0,0.0,0.0,0.0
0,93,1,99,0,0,0,0.0,0.0,0.0,0.0,0.037,0.0,0.0,0.0,0.0,0.0,0.0,0.0,204.07413,16.578176,0.0,0.0,0.0,0.0,0.0,0.0,0.0,203.08395,16.663729,0.0,0.0,0.0,0.0,0.0
0,94,1,100,0,0,0,0.0,0.0,0.0,0.0,0.037,0.0,0.0,0.0,0.0,0.0,0.0,0.0,217.73523,5.8297524,0.0,0.0,0.0,0.0,0.0,0.0,0.0,216.13376,5.86459,0.0,0.0,0.0,0.0,0.0
0,95,1,101,0,0,0,0.0,0.0,0.0,0.0,0.037,0.0,0.0,0.0,0.0,0.0,0.0,0.0,215.49347,7.150623,0.0,0.0,0.0,0.0,0.0,0.0,0.0,214.23152,7.2164993,0.0,0.0,0.0,0.0,0.0
0,96,1,102,0,0,0,0.0,0.0,0.0,0.0,0.037,0.0,0.0,0.0,0.0,0.0,0.0,0.0,192.91438,42.95912,0.0,0.0,0.0,0.0,0.0,0.0,0.0,191.08675,43.020084,0.0,0.0,0.0,0.0,0.0
0,97,1,103,0,0,0,0.0,0.0,0.0,0.0,0.037,0.0,0.0,0.0,0.0,0.0,0.0,0.0,203.20558,6.2726107,0.0,0.0,0.0,0.0,0.0,0.0,0.0,202.40245,6.4603305,0.0,0.0,0.0,0.0,0.0
0,98,1,104,0,0,0,0.0,0.0,0.0,0.0,0.037,0.0,0.0,0.0,0.0,0.0,0.0,0.0,193.32492,9.879019,0.0,0.0,0.0,0.0,0.0,0.0,0.0,193.10452,9.892463,0.0,0.0,0.0,0.0,0.0
0,99,1,105,0,0,0,0.0,0.0,0.0,0.0,0.037,0.0,0.0,0.0,0.0,0.0,0.0,0.0,203.08395,17.087296,0.0,0.0,0.0,0.0,0.0,0.0,0.0,202.98203,17.140774,0.0,0.0,0.0,0.0,0.0
0,100,1,106,0,0,0,0.0,0.0,0.0,0.0,0.037,0.0,0.0,0.0,0.0,0.0,0.0,0.0,216.13376,5.86459,0.0,0.0,0.0,0.0,0.0,0.0,0.0,212.05713,5.9789515,0.0,0.0,0.0,0.0,0.0
0,101,1,107,0,0,0,0.0,0.0,0.0,0.0,0.037,0.0,0.0,0.0,0.0,0.0,0.0,0.0,214.23152,7.2164993,0.0,0.0,0.0,0.0,0.0,0.0,0.0,210.54744,7.3873763,0.0,0.0,0.0,0.0,0.0
0,102,1,108,0,0,0,0.0,0.0,0.0,0.0,0.037,0.0,0.0,0.0,0.0,0.0,0.0,0.0,191.08675,43.160892,0.0,0.0,0.0,0.0,0.0,0.0,0.0,191.08675,43.163673,0.0,0.0,0.0,0.0,0.0
0,103,1,109,0,0,0,0.0,0.0,0.0,0.0,0.037,0.0,0.0,0.0,0.0,0.0,0.0,0.0,202.40245,6.7956147,0.0,0.0,0.0,0.0,0.0,0.0,0.0,201.2472,7.1869535,0.0,0.0,0.0,0.0,0.0
0,104,1,110,0,0,0,0.0,0.0,0.0,0.0,0.037,0.0,0.0,0.0,0.0,0.0,0.0,0.0,193.10452,10.719461,0.0,0.0,0.0,0.0,0.0,0.0,0.0,192.21953,10.904579,0.0,0.0,0.0,0.0,0.0
0,105,1,111,0,0,0,0.0,0.0,0.0,0.0,0.037,0.0,0.0,0.0,0.0,0.0,0.0,0.0,202.98203,17.140774,0.0,0.0,0.0,0.0,0.0,0.0,0.0,202.43349,17.186846,0.0,0.0,0.0,0.0,0.0
0,106,1,112,0,0,0,0.0,0.0,0.0,0.0,0.037,0.0,0.0,0.0,0.0,0.0,0.0,0.0,212.05713,6.297929,0.0,0.0,0.0,0.0,0.0,0.0,0.0,209.53168,6.425476,0.0,0.0,0.0,0.0,0.0
0,107,1,112,0,0,0,0.0,0.0,0.0,0.0,0.037,0.0,0.0,0.0,0.0,0.0,0.0,0.0,210.54744,7.887197,0.0,0.0,0.0,0.0,0.0,0.0,0.0,208.48315,7.99986,0.0,0.0,0.0,0.0,0.0
0,108,1,113,0,0,0,0.0,0.0,0.0,0.0,0.037,0.0,0.0,0.0,0.0,0.0,0.0,0.0,191.08675,43.163673,0.0,0.0,0.0,0.0,0.0,0.0,0.0,191.08675,43.21177,0.0,0.0,0.0,0.0,0.0
0,109,1,114,0,0,0,0.0,0.0,0.0,0.0,0.037,0.0,0.0,0.0,0.0,0.0,0.0,0.0,201.2472,7.623407,0.0,0.0,0.0,0.0,0.0,0.0,0.0,200.62653,7.733785,0.0,0.0,0.0,0.0,0.0
0,110,1,116,0,0,0,0.0,0.0,0.0,0.0,0.037,0.0,0.0,0.0,0.0,0.0,0.0,0.0,192.21953,10.904579,0.0,0.0,0.0,0.0,0.0,0.0,0.0,191.95891,10.913498,0.0,0.0,0.0,0.0,0.0
0,111,1,117,0,0,0,0.0,0.0,0.0,0.0,0.037,0.0,0.0,0.0,0.0,0.0,0.0,0.0,202.43349,17.45,0.0,0.0,0.0,0.0,0.0,0.0,0.0,202.43349,17.479424,0.0,0.0,0.0,0.0,0.0
0,112,1,118,0,0,0,0.0,0.0,0.0,0.0,0.037,0.0,0.0,0.0,0.0,0.0,0.0,0.0,208.48315,10.450293,0.0,0.0,0.0,0.0,0.0,0.0,0.0,208.02568,10.503664,0.0,0.0,0.0,0.0,0.0
0,113,1,119,0,0,0,0.0,0.0,0.0,0.0,0.037,0.0,0.0,0.0,0.0,0.0,0.0,0.0,191.08675,43.513027,0.0,0.0,0.0,0.0,0.0,0.0,0.0,191.08675,43.53601,0.0,0.0,0.0,0.0,0.0
0,114,1,120,0,0,0,0.0,0.0,0.0,0.0,0.037,0.0,0.0,0.0,0.0,0.0,0.0,0.0,200.62653,7.975952,0.0,0.0,0.0,0.0,0.0,0.0,0.0,200.28514,8.068249,0.0,0.0,0.0,0.0,0.0
0,115,1,121,0,0,0,0.0,0.0,0.0,0.0,0.037,0.0,0.0,0.0,0.0,0.0,0.0,0.0,208.6604,5.267415,0.0,0.0,0.0,0.0,0.0,0.0,0.0,208.6604,5.410427,0.0,0.0,0.0,0.0,0.0
0,116,1,123,0,0,0,0.0,0.0,0.0,0.0,0.037,0.0,0.0,0.0,0.0,0.0,0.0,0.0,191.95891,10.913498,0.0,0.0,0.0,0.0,0.0,0.0,0.0,191.75807,10.946553,0.0,0.0,0.0,0.0,0.0
0,117,1,124,0,0,0,0.0,0.0,0.0,0.0,0.037,0.0,0.0,0.0,0.0,0.0,0.0,0.0,202.43349,17.605669,0.0,0.0,0.0,0.0,0.0,0.0,0.0,202.43349,17.633776,0.0,0.0,0.0,0.0,0.0
0,118,1,125,0,0,0,0.0,0.0,0.0,0.0,0.037,0.0,0.0,0.0,0.0,0.0,0.0,0.0,208.02568,10.503664,0.0,0.0,0.0,0.0,0.0,0.0,0.0,208.01202,10.605161,0.0,0.0,0.0,0.0,0.0
0,119,1,126,0,0,0,0.0,0.0,0.0,0.0,0.037,0.0,0.0,0.0,0.0,0.0,0.0,0.0,191.08675,43.53601,0.0,0.0,0.0,0.0,0.0,0.0,0.0,191.08675,43.5772,0.0,0.0,0.0,0.0,0.0
0,120,1,127,0,0,0,0.0,0.0,0.0,0.0,0.037,0.0,0.0,0.0,0.0,0.0,0.0,0.0,200.28514,8.355659,0.0,0.0,0.0,0.0,0.0,0.0,0.0,199.9901,8.404667,0.0,0.0,0.0,0.0,0.0
0,121,1,128,0,0,0,0.0,0.0,0.0,0.0,0.037,0.0,0.0,0.0,0.0,0.0,0.0,0.0,208.6604,5.7933607,0.0,0.0,0.0,0.0,0.0,0.0,0.0,208.6604,5.8510194,0.0,0.0,0.0,0.0,0.0
0,122,1,129,0,0,0,0.0,0.0,0.0,0.0,0.037,0.0,0.0,0.0,0.0,0.0,0.0,0.0,196.14055,5.2589307,0.0,0.0,0.0,0.0,0.0,0.0,0.0,193.34364,5.4777684,0.0,0.0,0.0,0.0,0.0
0,123,1,130,0,0,0,0.0,0.0,0.0,0.0,0.037,0.0,0.0,0.0,0.0,0.0,0.0,0.0,191.75807,10.946553,0.0,0.0,0.0,0.0,0.0,0.0,0.0,191.61139,11.02633,0.0,0.0,0.0,0.0,0.0
0,124,1,131,0,0,0,0.0,0.0,0.0,0.0,0.037,0.0,0.0,0.0,0.0,0.0,0.0,0.0,202.43349,18.089624,0.0,0.0,0.0,0.0,0.0,0.0,0.0,202.43349,18.234612,0.0,0.0,0.0,0.0,0.0
0,125,1,132,0,0,0,0.0,0.0,0.0,0.0,0.037,0.0,0.0,0.0,0.0,0.0,0.0,0.0,208.01202,10.605161,0.0,0.0,0.0,0.0,0.0,0.0,0.0,205.28133,10.716458,0.0,0.0,0.0,0.0,0.0
0,126,1,133,0,0,0,0.0,0.0,0.0,0.0,0.037,0.0,0.0,0.0,0.0,0.0,0.0,0.0,191.08675,43.58081,0.0,0.0,0.0,0.0,0.0,0.0,0.0,190.99721,43.60421,0.0,0.0,0.0,0.0,0.0
0,127,1,134,0,0,0,0.0,0.0,0.0,0.0,0.037,0.0,0.0,0.0,0.0,0.0,0.0,0.0,199.9901,8.683547,0.0,0.0,0.0,0.0,0.0,0.0,0.0,199.08572,8.949228,0.0,0.0,0.0,0.0,0.0
0,128,1,135,0,0,0,0.0,0.0,0.0,0.0,0.037,0.0,0.0,0.0,0.0,0.0,0.0,0.0,204.77974,5.882596,0.0,0.0,0.0,0.0,0.0,0.0,0.0,203.95457,6.0562353,0.0,0.0,0.0,0.0,0.0
0,129,1,136,0,0,0,0.0,0.0,0.0,0.0,0.037,0.0,0.0,0.0,0.0,0.0,0.0,0.0,193.34364,7.5012784,0.0,0.0,0.0,0.0,0.0,0.0,0.0,192.33989,7.7193117,0.0,0.0,0.0,0.0,0.0
0,130,1,137,0,0,0,0.0,0.0,0.0,0.0,0.037,0.0,0.0,0.0,0.0,0.0,0.0,0.0,191.61139,11.02633,0.0,0.0,0.0,0.0,0.0,0.0,0.0,191.60883,11.052062,0.0,0.0,0.0,0.0,0.0
0,131,1,138,0,0,0,0.0,0.0,0.0,0.0,0.037,0.0,0.0,0.0,0.0,0.0,0.0,0.0,202.43349,18.36424,0.0,0.0,0.0,0.0,0.0,0.0,0.0,202.0824,18.50975,0.0,0.0,0.0,0.0,0.0
0,132,1,139,0,0,0,0.0,0.0,0.0,0.0,0.037,0.0,0.0,0.0,0.0,0.0,0.0,0.0,205.2812,10.733531,0.0,0.0,0.0,0.0,0.0,0.0,0.0,202.84142,10.795794,0.0,0.0,0.0,0.0,0.0
0,133,1,140,0,0,0,0.0,0.0,0.0,0.0,0.037,0.0,0.0,0.0,0.0,0.0,0.0,0.0,190.99721,43.614914,0.0,0.0,0.0,0.0,0.0,0.0,0.0,190.31432,43.65893,0.0,0.0,0.0,0.0,0.0
0,134,1,141,0,0,0,0.0,0.0,0.0,0.0,0.037,0.0,0.0,0.0,0.0,0.0,0.0,0.0,199.08572,9.713469,0.0,0.0,0.0,0.0,0.0,0.0,0.0,198.72025,9.77359,0.0,0.0,0.0,0.0,0.0
0,135,1,142,0,0,0,0.0,0.0,0.0,0.0,0.037,0.0,0.0,0.0,0.0,0.0,0.0,0.0,203.95457,6.3688273,0.0,0.0,0.0,0.0,0.0,0.0,0.0,202.41318,6.639387,0.0,0.0,0.0,0.0,0.0
0,136,1,143,0,0,0,0.0,0.0,0.0,0.0,0.037,0.0,0.0,0.0,0.0,0.0,0.0,0.0,192.33989,7.7193117,0.0,0.0,0.0,0.0,0.0,0.0,0.0,191.13481,7.966119,0.0,0.0,0.0,0.0,0.0
0,137,1,143,0,0,0,0.0,0.0,0.0,0.0,0.037,0.0,0.0,0.0,0.0,0.0,0.0,0.0,191.60883,11.082514,0.0,0.0,0.0,0.0,0.0,0.0,0.0,191.13481,11.307912,0.0,0.0,0.0,0.0,0.0
0,138,1,144,0,0,0,0.0,0.0,0.0,0.0,0.037,0.0,0.0,0.0,0.0,0.0,0.0,0.0,202.0824,18.734247,0.0,0.0,0.0,0.0,0.0,0.0,0.0,201.44807,18.878696,0.0,0.0,0.0,0.0,0.0
0,139,1,144,0,0,0,0.0,0.0,0.0,0.0,0.037,0.0,0.0,0.0,0.0,0.0,0.0,0.0,202.84142,10.915661,0.0,0.0,0.0,0.0,0.0,0.0,0.0,201.44807,11.028601,0.0,0.0,0.0,0.0,0.0
0,140,1,145,0,0,0,0.0,0.0,0.0,0.0,0.037,0.0,0.0,0.0,0.0,0.0,0.0,0.0,190.31432,43.65893,0.0,0.0,0.0,0.0,0.0,0.0,0.0,190.25551,43.663986,0.0,0.0,0.0,0.0,0.0
0,141,1,146,0,0,0,0.0,0.0,0.0,0.0,0.037,0.0,0.0,0.0,0.0,0.0,0.0,0.0,198.72025,10.09164,0.0,0.0,0.0,0.0,0.0,0.0,0.0,198.11824,10.360623,0.0,0.0,0.0,0.0,0.0
0,142,1,147,0,0,0,0.0,0.0,0.0,0.0,0.037,0.0,0.0,0.0,0.0,0.0,0.0,0.0,202.41318,7.239441,0.0,0.0,0.0,0.0,0.0,0.0,0.0,190.88113,8.153835,0.0,0.0,0.0,0.0,0.0
0,143,1,147,0,0,0,0.0,0.0,0.0,0.0,0.037,0.0,0.0,0.0,0.0,0.0,0.0,0.0,191.13481,13.860301,0.0,0.0,0.0,0.0,0.0,0.0,0.0,190.88113,13.93646,0.0,0.0,0.0,0.0,0.0
0,144,1,148,0,0,0,0.0,0.0,0.0,0.0,0.037,0.0,0.0,0.0,0.0,0.0,0.0,0.0,201.44807,21.903782,0.0,0.0,0.0,0.0,0.0,0.0,0.0,200.68602,22.086151,0.0,0.0,0.0,0.0,0.0
0,145,1,149,0,0,0,0.0,0.0,0.0,0.0,0.037,0.0,0.0,0.0,0.0,0.0,0.0,0.0,190.25499,43.67404,0.0,0.0,0.0,0.0,0.0,0.0,0.0,190.16809,43.67974,0.0,0.0,0.0,0.0,0.0
0,146,1,150,0,0,0,0.0,0.0,0.0,0.0,0.037,0.0,0.0,0.0,0.0,0.0,0.0,0.0,198.11824,10.567804,0.0,0.0,0.0,0.0,0.0,0.0,0.0,196.80702,10.679486,0.0,0.0,0.0,0.0,0.0
0,147,1,151,0,0,0,0.0,0.0,0.0,0.0,0.037,0.0,0.0,0.0,0.0,0.0,0.0,0.0,190.88113,16.175915,0.0,0.0,0.0,0.0,0.0,0.0,0.0,190.60326,16.232533,0.0,0.0,0.0,0.0,0.0
0,148,1,152,0,0,0,0.0,0.0,0.0,0.0,0.037,0.0,0.0,0.0,0.0,0.0,0.0,0.0,200.68602,22.419815,0.0,0.0,0.0,0.0,0.0,0.0,0.0,200.55766,22.431953,0.0,0.0,0.0,0.0,0.0
0,149,1,153,0,0,0,0.0,0.0,0.0,0.0,0.037,0.0,0.0,0.0,0.0,0.0,0.0,0.0,190.16809,43.67974,0.0,0.0,0.0,0.0,0.0,0.0,0.0,190.04807,43.68436,0.0,0.0,0.0,0.0,0.0
0,150,1,154,0,0,0,0.0,0.0,0.0,0.0,0.037,0.0,0.0,0.0,0.0,0.0,0.0,0.0,196.80702,11.290049,0.0,0.0,0.0,0.0,0.0,0.0,0.0,196.46771,11.332066,0.0,0.0,0.0,0.0,0.0
0,151,1,155,0,0,0,0.0,0.0,0.0,0.0,0.037,0.0,0.0,0.0,0.0,0.0,0.0,0.0,190.60326,16.232533,0.0,0.0,0.0,0.0,0.0,0.0,0.0,190.34395,16.327099,0.0,0.0,0.0,0.0,0.0
0,152,1,156,0,0,0,0.0,0.0,0.0,0.0,0.037,0.0,0.0,0.0,0.0,0.0,0.0,0.0,200.55766,22.500246,0.0,0.0,0.0,0.0,0.0,0.0,0.0,199.64342,22.670553,0.0,0.0,0.0,0.0,0.0
0,153,1,157,0,0,0,0.0,0.0,0.0,0.0,0.037,0.0,0.0,0.0,0.0,0.0,0.0,0.0,190.03299,43.69766,0.0,0.0,0.0,0.0,0.0,0.0,0.0,189.99625,43.701126,0.0,0.0,0.0,0.0,0.0
0,154,1,158,0,0,0,0.0,0.0,0.0,0.0,0.037,0.0,0.0,0.0,0.0,0.0,0.0,0.0,196.46771,11.448077,0.0,0.0,0.0,0.0,0.0,0.0,0.0,195.36153,11.573399,0.0,0.0,0.0,0.0,0.0
0,155,1,159,0,0,0,0.0,0.0,0.0,0.0,0.037,0.0,0.0,0.0,0.0,0.0,0.0,0.0,190.34395,16.964367,0.0,0.0,0.0,0.0,0.0,0.0,0.0,190.1354,17.042349,0.0,0.0,0.0,0.0,0.0
0,156,1,160,0,0,0,0.0,0.0,0.0,0.0,0.037,0.0,0.0,0.0,0.0,0.0,0.0,0.0,199.64342,22.82009,0.0,0.0,0.0,0.0,0.0,0.0,0.0,199.49005,22.850449,0.0,0.0,0.0,0.0,0.0
0,157,1,161,0,0,0,0.0,0.0,0.0,0.0,0.037,0.0,0.0,0.0,0.0,0.0,0.0,0.0,189.99625,43.70742,0.0,0.0,0.0,0.0,0.0,0.0,0.0,189.78812,43.720615,0.0,0.0,0.0,0.0,0.0
0,158,1,162,0,0,0,0.0,0.0,0.0,0.0,0.037,0.0,0.0,0.0,0.0,0.0,0.0,0.0,195.36153,11.719167,0.0,0.0,0.0,0.0,0.0,0.0,0.0,189.97118,12.140209,0.0,0.0,0.0,0.0,0.0
0,159,1,162,0,0,0,0.0,0.0,0.0,0.0,0.037,0.0,0.0,0.0,0.0,0.0,0.0,0.0,190.10757,17.52121,0.0,0.0,0.0,0.0,0.0,0.0,0.0,189.97118,17.581778,0.0,0.0,0.0,0.0,0.0
0,160,1,163,0,0,0,0.0,0.0,0.0,0.0,0.037,0.0,0.0,0.0,0.0,0.0,0.0,0.0,199.49005,23.090784,0.0,0.0,0.0,0.0,0.0,0.0,0.0,198.4248,23.194714,0.0,0.0,0.0,0.0,0.0
0,161,1,164,0,0,0,0.0,0.0,0.0,0.0,0.037,0.0,0.0,0.0,0.0,0.0,0.0,0.0,189.78812,43.720615,0.0,0.0,0.0,0.0,0.0,0.0,0.0,189.64955,43.72886,0.0,0.0,0.0,0.0,0.0
0,162,1,165,0,0,0,0.0,0.0,0.0,0.0,0.037,0.0,0.0,0.0,0.0,0.0,0.0,0.0,189.97118,21.40902,0.0,0.0,0.0,0.0,0.0,0.0,0.0,189.40448,21.447912,0.0,0.0,0.0,0.0,0.0
0,163,1,169,0,0,0,0.0,0.0,0.0,0.0,0.037,0.0,0.0,0.0,0.0,0.0,0.0,0.0,198.4248,23.263498,0.0,0.0,0.0,0.0,0.0,0.0,0.0,198.42026,23.278708,0.0,0.0,0.0,0.0,0.0
0,164,1,170,0,0,0,0.0,0.0,0.0,0.0,0.037,0.0,0.0,0.0,0.0,0.0,0.0,0.0,189.64955,43.743824,0.0,0.0,0.0,0.0,0.0,0.0,0.0,189.2814,43.784306,0.0,0.0,0.0,0.0,0.0
0,165,1,171,0,0,0,0.0,0.0,0.0,0.0,0.037,0.0,0.0,0.0,0.0,0.0,0.0,0.0,189.40448,21.447912,0.0,0.0,0.0,0.0,0.0,0.0,0.0,188.96388,21.60156,0.0,0.0,0.0,0.0,0.0
0,166,1,171,0,0,0,0.0,0.0,0.0,0.0,0.037,0.0,0.0,0.0,0.0,0.0,0.0,0.0,188.96388,6.1667423,0.0,0.0,0.0,0.0,0.0,0.0,0.0,188.96388,6.3879876,0.0,0.0,0.0,0.0,0.0
0,167,1,172,0,0,0,0.0,0.0,0.0,0.0,0.037,0.0,0.0,0.0,0.0,0.0,0.0,0.0,207.86874,5.840821,0.0,0.0,0.0,0.0,0.0,0.0,0.0,204.61852,6.4927015,0.0,0.0,0.0,0.0,0.0
0,168,1,173,0,0,0,0.0,0.0,0.0,0.0,0.037,0.0,0.0,0.0,0.0,0.0,0.0,0.0,206.6584,5.5082383,0.0,0.0,0.0,0.0,0.0,0.0,0.0,198.26595,5.716169,0.0,0.0,0.0,0.0,0.0
0,169,1,173,0,0,0,0.0,0.0,0.0,0.0,0.037,0.0,0.0,0.0,0.0,0.0,0.0,0.0,198.42026,23.387064,0.0,0.0,0.0,0.0,0.0,0.0,0.0,198.26595,23.40201,0.0,0.0,0.0,0.0,0.0
0,170,1,175,0,0,0,0.0,0.0,0.0,0.0,0.037,0.0,0.0,0.0,0.0,0.0,0.0,0.0,189.2814,43.824238,0.0,0.0,0.0,0.0,0.0,0.0,0.0,189.01117,43.83741,0.0,0.0,0.0,0.0,0.0
0,171,1,176,0,0,0,0.0,0.0,0.0,0.0,0.037,0.0,0.0,0.0,0.0,0.0,0.0,0.0,188.96388,22.54657,0.0,0.0,0.0,0.0,0.0,0.0,0.0,188.89285,22.569103,0.0,0.0,0.0,0.0,0.0
0,172,1,177,0,0,0,0.0,0.0,0.0,0.0,0.037,0.0,0.0,0.0,0.0,0.0,0.0,0.0,204.61852,6.8237066,0.0,0.0,0.0,0.0,0.0,0.0,0.0,204.36092,6.8606057,0.0,0.0,0.0,0.0,0.0
0,173,1,178,0,0,0,0.0,0.0,0.0,0.0,0.037,0.0,0.0,0.0,0.0,0.0,0.0,0.0,198.26595,24.106823,0.0,0.0,0.0,0.0,0.0,0.0,0.0,198.07916,24.159409,0.0,0.0,0.0,0.0,0.0
0,174,1,179,0,0,0,0.0,0.0,0.0,0.0,0.037,0.0,0.0,0.0,0.0,0.0,0.0,0.0,213.66277,5.482427,0.0,0.0,0.0,0.0,0.0,0.0,0.0,205.4352,5.9374866,0.0,0.0,0.0,0.0,0.0
0,175,1,180,0,0,0,0.0,0.0,0.0,0.0,0.037,0.0,0.0,0.0,0.0,0.0,0.0,0.0,189.01117,43.868046,0.0,0.0,0.0,0.0,0.0,0.0,0.0,188.91708,43.878834,0.0,0.0,0.0,0.0,0.0
0,176,1,181,0,0,0,0.0,0.0,0.0,0.0,0.037,0.0,0.0,0.0,0.0,0.0,0.0,0.0,188.89285,22.943903,0.0,0.0,0.0,0.0,0.0,0.0,0.0,188.88959,22.963316,0.0,0.0,0.0,0.0,0.0
0,177,1,182,0,0,0,0.0,0.0,0.0,0.0,0.037,0.0,0.0,0.0,0.0,0.0,0.0,0.0,204.36092,7.03314,0.0,0.0,0.0,0.0,0.0,0.0,0.0,198.61502,7.7998195,0.0,0.0,0.0,0.0,0.0
0,178,1,183,0,0,0,0.0,0.0,0.0,0.0,0.037,0.0,0.0,0.0,0.0,0.0,0.0,0.0,198.07916,24.379358,0.0,0.0,0.0,0.0,0.0,0.0,0.0,197.8105,24.40413,0.0,0.0,0.0,0.0,0.0
0,179,1,184,0,0,0,0.0,0.0,0.0,0.0,0.037,0.0,0.0,0.0,0.0,0.0,0.0,0.0,205.4352,7.3447585,0.0,0.0,0.0,0.0,0.0,0.0,0.0,202.98964,7.4617844,0.0,0.0,0.0,0.0,0.0
0,180,1,185,0,0,0,0.0,0.0,0.0,0.0,0.037,0.0,0.0,0.0,0.0,0.0,0.0,0.0,188.91708,43.921947,0.0,0.0,0.0,0.0,0.0,0.0,0.0,188.86136,43.926373,0.0,0.0,0.0,0.0,0.0
0,181,1,186,0,0,0,0.0,0.0,0.0,0.0,0.037,0.0,0.0,0.0,0.0,0.0,0.0,0.0,188.88959,22.963316,0.0,0.0,0.0,0.0,0.0,0.0,0.0,188.82126,23.062521,0.0,0.0,0.0,0.0,0.0
0,182,1,187,0,0,0,0.0,0.0,0.0,0.0,0.037,0.0,0.0,0.0,0.0,0.0,0.0,0.0,198.61502,8.025207,0.0,0.0,0.0,0.0,0.0,0.0,0.0,194.96361,8.280146,0.0,0.0,0.0,0.0,0.0
0,183,1,193,0,0,0,0.0,0.0,0.0,0.0,0.037,0.0,0.0,0.0,0.0,0.0,0.0,0.0,197.8105,24.462496,0.0,0.0,0.0,0.0,0.0,0.0,0.0,195.9864,24.66771,0.0,0.0,0.0,0.0,0.0
0,184,1,194,0,0,0,0.0,0.0,0.0,0.0,0.037,0.0,0.0,0.0,0.0,0.0,0.0,0.0,202.98964,8.447825,0.0,0.0,0.0,0.0,0.0,0.0,0.0,195.11404,8.819843,0.0,0.0,0.0,0.0,0.0
0,185,1,195,0,0,0,0.0,0.0,0.0,0.0,0.037,0.0,0.0,0.0,0.0,0.0,0.0,0.0,188.86136,43.935787,0.0,0.0,0.0,0.0,0.0,0.0,0.0,188.72289,43.950504,0.0,0.0,0.0,0.0,0.0
0,186,1,195,0,0,0,0.0,0.0,0.0,0.0,0.037,0.0,0.0,0.0,0.0,0.0,0.0,0.0,188.82126,23.062521,0.0,0.0,0.0,0.0,0.0,0.0,0.0,188.74593,23.113014,0.0,0.0,0.0,0.0,0.0
0,187,1,196,0,0,0,0.0,0.0,0.0,0.0,0.037,0.0,0.0,0.0,0.0,0.0,0.0,0.0,194.96361,8.48497,0.0,0.0,0.0,0.0,0.0,0.0,0.0,190.41437,8.702749,0.0,0.0,0.0,0.0,0.0
0,188,1,196,0,0,0,0.0,0.0,0.0,0.0,0.037,0.0,0.0,0.0,0.0,0.0,0.0,0.0,198.614,5.7474895,0.0,0.0,0.0,0.0,0.0,0.0,0.0,190.41437,6.481856,0.0,0.0,0.0,0.0,0.0
0,189,1,197,0,0,0,0.0,0.0,0.0,0.0,0.037,0.0,0.0,0.0,0.0,0.0,0.0,0.0,187.74564,5.4968963,0.0,0.0,0.0,0.0,0.0,0.0,0.0,187.74564,5.7693014,0.0,0.0,0.0,0.0,0.0
0,190,1,199,0,0,0,0.0,0.0,0.0,0.0,0.037,0.0,0.0,0.0,0.0,0.0,0.0,0.0,207.70978,4.4012213,0.0,0.0,0.0,0.0,0.0,0.0,0.0,200.32286,5.3858647,0.0,0.0,0.0,0.0,0.0
0,191,1,199,0,0,0,0.0,0.0,0.0,0.0,0.037,0.0,0.0,0.0,0.0,0.0,0.0,0.0,203.97246,5.1609874,0.0,0.0,0.0,0.0,0.0,0.0,0.0,200.32286,5.4262614,0.0,0.0,0.0,0.0,0.0
0,192,1,200,0,0,0,0.0,0.0,0.0,0.0,0.037,0.0,0.0,0.0,0.0,0.0,0.0,0.0,194.43753,5.25583,0.0,0.0,0.0,0.0,0.0,0.0,0.0,194.43753,5.994013,0.0,0.0,0.0,0.0,0.0
0,193,1,201,0,0,0,0.0,0.0,0.0,0.0,0.037,0.0,0.0,0.0,0.0,0.0,0.0,0.0,195.9864,24.75173,0.0,0.0,0.0,0.0,0.0,0.0,0.0,194.4582,24.99168,0.0,0.0,0.0,0.0,0.0
0,194,1,201,0,0,0,0.0,0.0,0.0,0.0,0.037,0.0,0.0,0.0,0.0,0.0,0.0,0.0,195.11404,9.002577,0.0,0.0,0.0,0.0,0.0,0.0,0.0,195.11404,9.029096,0.0,0.0,0.0,0.0,0.0
0,195,1,203,0,0,0,0.0,0.0,0.0,0.0,0.037,0.0,0.0,0.0,0.0,0.0,0.0,0.0,188.703,49.759357,0.0,0.0,0.0,0.0,0.0,0.0,0.0,188.60214,49.77013,0.0,0.0,0.0,0.0,0.0
0,196,1,203,0,0,0,0.0,0.0,0.0,0.0,0.037,0.0,0.0,0.0,0.0,0.0,0.0,0.0,190.41437,10.87403,0.0,0.0,0.0,0.0,0.0,0.0,0.0,188.70255,10.964447,0.0,0.0,0.0,0.0,0.0
0,197,1,204,0,0,0,0.0,0.0,0.0,0.0,0.037,0.0,0.0,0.0,0.0,0.0,0.0,0.0,187.74564,6.1919146,0.0,0.0,0.0,0.0,0.0,0.0,0.0,185.30092,6.3945475,0.0,0.0,0.0,0.0,0.0
0,198,1,205,0,0,0,0.0,0.0,0.0,0.0,0.037,0.0,0.0,0.0,0.0,0.0,0.0,0.0,226.78967,5.537902,0.0,0.0,0.0,0.0,0.0,0.0,0.0,223.93639,5.8344984,0.0,0.0,0.0,0.0,0.0
0,199,1,206,0,0,0,0.0,0.0,0.0,0.0,0.037,0.0,0.0,0.0,0.0,0.0,0.0,0.0,200.32286,7.6623573,0.0,0.0,0.0,0.0,0.0,0.0,0.0,189.143,8.6212225,0.0,0.0,0.0,0.0,0.0
0,200,1,207,0,0,0,0.0,0.0,0.0,0.0,0.037,0.0,0.0,0.0,0.0,0.0,0.0,0.0,194.43753,5.994013,0.0,0.0,0.0,0.0,0.0,0.0,0.0,190.7875,6.1073766,0.0,0.0,0.0,0.0,0.0
0,201,1,208,0,0,0,0.0,0.0,0.0,0.0,0.037,0.0,0.0,0.0,0.0,0.0,0.0,0.0,194.4582,26.60908,0.0,0.0,0.0,0.0,0.0,0.0,0.0,193.2432,26.712784,0.0,0.0,0.0,0.0,0.0
0,202,1,209,0,0,0,0.0,0.0,0.0,0.0,0.037,0.0,0.0,0.0,0.0,0.0,0.0,0.0,215.83652,5.3402567,0.0,0.0,0.0,0.0,0.0,0.0,0.0,211.43039,5.810119,0.0,0.0,0.0,0.0,0.0
0,203,1,210,0,0,0,0.0,0.0,0.0,0.0,0.037,0.0,0.0,0.0,0.0,0.0,0.0,0.0,188.58896,51.02965,0.0,0.0,0.0,0.0,0.0,0.0,0.0,186.55339,51.081223,0.0,0.0,0.0,0.0,0.0
0,204,1,211,0,0,0,0.0,0.0,0.0,0.0,0.037,0.0,0.0,0.0,0.0,0.0,0.0,0.0,185.30092,51.589252,0.0,0.0,0.0,0.0,0.0,0.0,0.0,185.21826,51.595547,0.0,0.0,0.0,0.0,0.0
0,205,1,212,0,0,0,0.0,0.0,0.0,0.0,0.037,0.0,0.0,0.0,0.0,0.0,0.0,0.0,223.93639,5.987613,0.0,0.0,0.0,0.0,0.0,0.0,0.0,222.96408,6.0594,0.0,0.0,0.0,0.0,0.0
0,206,1,213,0,0,0,0.0,0.0,0.0,0.0,0.037,0.0,0.0,0.0,0.0,0.0,0.0,0.0,189.143,8.6212225,0.0,0.0,0.0,0.0,0.0,0.0,0.0,184.78943,8.805757,0.0,0.0,0.0,0.0,0.0
0,207,1,215,0,0,0,0.0,0.0,0.0,0.0,0.037,0.0,0.0,0.0,0.0,0.0,0.0,0.0,190.7875,6.6542544,0.0,0.0,0.0,0.0,0.0,0.0,0.0,186.78333,7.114609,0.0,0.0,0.0,0.0,0.0
0,208,1,217,0,0,0,0.0,0.0,0.0,0.0,0.037,0.0,0.0,0.0,0.0,0.0,0.0,0.0,193.2432,26.776339,0.0,0.0,0.0,0.0,0.0,0.0,0.0,193.07521,26.808264,0.0,0.0,0.0,0.0,0.0
0,209,1,219,0,0,0,0.0,0.0,0.0,0.0,0.037,0.0,0.0,0.0,0.0,0.0,0.0,0.0,211.20381,7.492161,0.0,0.0,0.0,0.0,0.0,0.0,0.0,210.44946,7.522227,0.0,0.0,0.0,0.0,0.0
0,210,1,220,0,0,0,0.0,0.0,0.0,0.0,0.037,0.0,0.0,0.0,0.0,0.0,0.0,0.0,186.55339,51.14155,0.0,0.0,0.0,0.0,0.0,0.0,0.0,185.45494,51.170116,0.0,0.0,0.0,0.0,0.0
0,211,1,221,0,0,0,0.0,0.0,0.0,0.0,0.037,0.0,0.0,0.0,0.0,0.0,0.0,0.0,185.21826,51.595547,0.0,0.0,0.0,0.0,0.0,0.0,0.0,185.16939,51.59949,0.0,0.0,0.0,0.0,0.0
0,212,1,222,0,0,0,0.0,0.0,0.0,0.0,0.037,0.0,0.0,0.0,0.0,0.0,0.0,0.0,222.96408,6.0594,0.0,0.0,0.0,0.0,0.0,0.0,0.0,222.12921,6.1357994,0.0,0.0,0.0,0.0,0.0
0,213,1,224,0,0,0,0.0,0.0,0.0,0.0,0.037,0.0,0.0,0.0,0.0,0.0,0.0,0.0,184.78943,9.632459,0.0,0.0,0.0,0.0,0.0,0.0,0.0,183.6409,9.726918,0.0,0.0,0.0,0.0,0.0
0,214,1,229,0,0,0,0.0,0.0,0.0,0.0,0.037,0.0,0.0,0.0,0.0,0.0,0.0,0.0,199.2884,4.9209566,0.0,0.0,0.0,0.0,0.0,0.0,0.0,185.7716,5.7543993,0.0,0.0,0.0,0.0,0.0
0,215,1,229,0,0,0,0.0,0.0,0.0,0.0,0.037,0.0,0.0,0.0,0.0,0.0,0.0,0.0,186.78333,7.532632,0.0,0.0,0.0,0.0,0.0,0.0,0.0,185.7716,7.7217107,0.0,0.0,0.0,0.0,0.0
0,216,1,230,0,0,0,0.0,0.0,0.0,0.0,0.037,0.0,0.0,0.0,0.0,0.0,0.0,0.0,209.3976,6.5301404,0.0,0.0,0.0,0.0,0.0,0.0,0.0,204.8256,6.761942,0.0,0.0,0.0,0.0,0.0
0,217,1,231,0,0,0,0.0,0.0,0.0,0.0,0.037,0.0,0.0,0.0,0.0,0.0,0.0,0.0,193.07521,27.162294,0.0,0.0,0.0,0.0,0.0,0.0,0.0,190.4295,27.313334,0.0,0.0,0.0,0.0,0.0
0,218,1,232,0,0,0,0.0,0.0,0.0,0.0,0.037,0.0,0.0,0.0,0.0,0.0,0.0,0.0,209.31999,5.7998495,0.0,0.0,0.0,0.0,0.0,0.0,0.0,209.31999,5.898021,0.0,0.0,0.0,0.0,0.0
0,219,1,233,0,0,0,0.0,0.0,0.0,0.0,0.037,0.0,0.0,0.0,0.0,0.0,0.0,0.0,210.44946,7.555474,0.0,0.0,0.0,0.0,0.0,0.0,0.0,209.27956,7.9419317,0.0,0.0,0.0,0.0,0.0
0,220,1,234,0,0,0,0.0,0.0,0.0,0.0,0.037,0.0,0.0,0.0,0.0,0.0,0.0,0.0,185.45494,51.170116,0.0,0.0,0.0,0.0,0.0,0.0,0.0,185.20613,51.183064,0.0,0.0,0.0,0.0,0.0
0,221,1,235,0,0,0,0.0,0.0,0.0,0.0,0.037,0.0,0.0,0.0,0.0,0.0,0.0,0.0,185.16939,51.59949,0.0,0.0,0.0,0.0,0.0,0.0,0.0,185.12828,51.60259,0.0,0.0,0.0,0.0,0.0
0,222,1,236,0,0,0,0.0,0.0,0.0,0.0,0.037,0.0,0.0,0.0,0.0,0.0,0.0,0.0,222.12921,6.1357994,0.0,0.0,0.0,0.0,0.0,0.0,0.0,221.7512,6.2039475,0.0,0.0,0.0,0.0,0.0
0,223,1,237,0,0,0,0.0,0.0,0.0,0.0,0.037,0.0,0.0,0.0,0.0,0.0,0.0,0.0,201.6121,2.7342908,0.0,0.0,0.0,0.0,0.0,0.0,0.0,189.213,5.5474997,0.0,0.0,0.0,0.0,0.0
0,224,1,238,0,0,0,0.0,0.0,0.0,0.0,0.037,0.0,0.0,0.0,0.0,0.0,0.0,0.0,183.6409,9.938295,0.0,0.0,0.0,0.0,0.0,0.0,0.0,181.44337,10.15638,0.0,0.0,0.0,0.0,0.0
0,225,1,238,0,0,0,0.0,0.0,0.0,0.0,0.037,0.0,0.0,0.0,0.0,0.0,0.0,0.0,181.99593,5.407543,0.0,0.0,0.0,0.0,0.0,0.0,0.0,181.44337,5.5202,0.0,0.0,0.0,0.0,0.0
0,226,1,239,0,0,0,0.0,0.0,0.0,0.0,0.037,0.0,0.0,0.0,0.0,0.0,0.0,0.0,178.56183,5.179628,0.0,0.0,0.0,0.0,0.0,0.0,0.0,178.56183,5.3531184,0.0,0.0,0.0,0.0,0.0
0,227,1,240,0,0,0,0.0,0.0,0.0,0.0,0.037,0.0,0.0,0.0,0.0,0.0,0.0,0.0,184.33804,5.194929,0.0,0.0,0.0,0.0,0.0,0.0,0.0,184.04077,5.498831,0.0,0.0,0.0,0.0,0.0
0,228,1,241,0,0,0,0.0,0.0,0.0,0.0,0.037,0.0,0.0,0.0,0.0,0.0,0.0,0.0,207.14864,5.050384,0.0,0.0,0.0,0.0,0.0,0.0,0.0,185.76439,6.595235,0.0,0.0,0.0,0.0,0.0
0,229,1,241,0,0,0,0.0,0.0,0.0,0.0,0.037,0.0,0.0,0.0,0.0,0.0,0.0,0.0,185.7716,9.650166,0.0,0.0,0.0,0.0,0.0,0.0,0.0,185.76439,9.711703,0.0,0.0,0.0,0.0,0.0
0,230,1,242,0,0,0,0.0,0.0,0.0,0.0,0.037,0.0,0.0,0.0,0.0,0.0,0.0,0.0,204.8256,7.0386,0.0,0.0,0.0,0.0,0.0,0.0,0.0,200.97386,7.1886363,0.0,0.0,0.0,0.0,0.0
0,231,1,243,0,0,0,0.0,0.0,0.0,0.0,0.037,0.0,0.0,0.0,0.0,0.0,0.0,0.0,190.4295,27.36401,0.0,0.0,0.0,0.0,0.0,0.0,0.0,190.24077,27.369167,0.0,0.0,0.0,0.0,0.0
0,232,1,244,0,0,0,0.0,0.0,0.0,0.0,0.037,0.0,0.0,0.0,0.0,0.0,0.0,0.0,209.31999,6.243665,0.0,0.0,0.0,0.0,0.0,0.0,0.0,209.27956,6.3099875,0.0,0.0,0.0,0.0,0.0
0,233,1,244,0,0,0,0.0,0.0,0.0,0.0,0.037,0.0,0.0,0.0,0.0,0.0,0.0,0.0,209.27956,7.9419317,0.0,0.0,0.0,0.0,0.0,0.0,0.0,209.27956,8.028758,0.0,0.0,0.0,0.0,0.0
0,234,1,245,0,0,0,0.0,0.0,0.0,0.0,0.037,0.0,0.0,0.0,0.0,0.0,0.0,0.0,185.20613,51.609474,0.0,0.0,0.0,0.0,0.0,0.0,0.0,185.06696,51.6196,0.0,0.0,0.0,0.0,0.0
0,235,1,245,0,0,0,0.0,0.0,0.0,0.0,0.037,0.0,0.0,0.0,0.0,0.0,0.0,0.0,185.12828,51.60608,0.0,0.0,0.0,0.0,0.0,0.0,0.0,185.07892,51.610676,0.0,0.0,0.0,0.0,0.0
0,236,1,246,0,0,0,0.0,0.0,0.0,0.0,0.037,0.0,0.0,0.0,0.0,0.0,0.0,0.0,221.7512,6.361348,0.0,0.0,0.0,0.0,0.0,0.0,0.0,219.6002,6.74752,0.0,0.0,0.0,0.0,0.0
0,237,1,247,0,0,0,0.0,0.0,0.0,0.0,0.037,0.0,0.0,0.0,0.0,0.0,0.0,0.0,189.213,5.5474997,0.0,0.0,0.0,0.0,0.0,0.0,0.0,189.20888,5.5753036,0.0,0.0,0.0,0.0,0.0
0,238,1,249,0,0,0,0.0,0.0,0.0,0.0,0.037,0.0,0.0,0.0,0.0,0.0,0.0,0.0,181.44337,11.7415695,0.0,0.0,0.0,0.0,0.0,0.0,0.0,178.56183,11.847581,0.0,0.0,0.0,0.0,0.0
0,239,1,249,0,0,0,0.0,0.0,0.0,0.0,0.037,0.0,0.0,0.0,0.0,0.0,0.0,0.0,178.56183,5.3531184,0.0,0.0,0.0,0.0,0.0,0.0,0.0,178.56183,5.629749,0.0,0.0,0.0,0.0,0.0
0,240,1,250,0,0,0,0.0,0.0,0.0,0.0,0.037,0.0,0.0,0.0,0.0,0.0,0.0,0.0,184.04077,5.498831,0.0,0.0,0.0,0.0,0.0,0.0,0.0,181.4937,6.4044294,0.0,0.0,0.0,0.0,0.0
0,241,1,250,0,0,0,0.0,0.0,0.0,0.0,0.037,0.0,0.0,0.0,0.0,0.0,0.0,0.0,185.76439,11.762897,0.0,0.0,0.0,0.0,0.0,0.0,0.0,181.4937,11.990536,0.0,0.0,0.0,0.0,0.0
0,242,1,251,0,0,0,0.0,0.0,0.0,0.0,0.037,0.0,0.0,0.0,0.0,0.0,0.0,0.0,200.97386,7.1886363,0.0,0.0,0.0,0.0,0.0,0.0,0.0,190.24077,7.906685,0.0,0.0,0.0,0.0,0.0
0,243,1,251,0,0,0,0.0,0.0,0.0,0.0,0.037,0.0,0.0,0.0,0.0,0.0,0.0,0.0,190.24077,27.414434,0.0,0.0,0.0,0.0,0.0,0.0,0.0,190.24077,27.423199,0.0,0.0,0.0,0.0,0.0
0,244,1,252,0,0,0,0.0,0.0,0.0,0.0,0.037,0.0,0.0,0.0,0.0,0.0,0.0,0.0,209.27956,10.233364,0.0,0.0,0.0,0.0,0.0,0.0,0.0,209.19415,10.313316,0.0,0.0,0.0,0.0,0.0
0,245,1,253,0,0,0,0.0,0.0,0.0,0.0,0.037,0.0,0.0,0.0,0.0,0.0,0.0,0.0,185.06696,51.6354,0.0,0.0,0.0,0.0,0.0,0.0,0.0,185.01181,51.640457,0.0,0.0,0.0,0.0,0.0
0,246,1,254,0,0,0,0.0,0.0,0.0,0.0,0.037,0.0,0.0,0.0,0.0,0.0,0.0,0.0,219.6002,7.0377917,0.0,0.0,0.0,0.0,0.0,0.0,0.0,217.60805,7.2697554,0.0,0.0,0.0,0.0,0.0
0,247,1,256,0,0,0,0.0,0.0,0.0,0.0,0.037,0.0,0.0,0.0,0.0,0.0,0.0,0.0,189.20888,5.862532,0.0,0.0,0.0,0.0,0.0,0.0,0.0,189.0435,6.5802364,0.0,0.0,0.0,0.0,0.0
0,248,1,257,0,0,0,0.0,0.0,0.0,0.0,0.037,0.0,0.0,0.0,0.0,0.0,0.0,0.0,176.6411,4.8566427,0.0,0.0,0.0,0.0,0.0,0.0,0.0,176.6411,5.963614,0.0,0.0,0.0,0.0,0.0
0,249,1,259,0,0,0,0.0,0.0,0.0,0.0,0.037,0.0,0.0,0.0,0.0,0.0,0.0,0.0,178.56183,13.137247,0.0,0.0,0.0,0.0,0.0,0.0,0.0,177.32114,13.764556,0.0,0.0,0.0,0.0,0.0
0,250,1,259,0,0,0,0.0,0.0,0.0,0.0,0.037,0.0,0.0,0.0,0.0,0.0,0.0,0.0,181.4937,13.616821,0.0,0.0,0.0,0.0,0.0,0.0,0.0,177.32114,14.032376,0.0,0.0,0.0,0.0,0.0
0,251,1,260,0,0,0,0.0,0.0,0.0,0.0,0.037,0.0,0.0,0.0,0.0,0.0,0.0,0.0,190.24077,28.565145,0.0,0.0,0.0,0.0,0.0,0.0,0.0,190.23875,28.579313,0.0,0.0,0.0,0.0,0.0
0,252,1,261,0,0,0,0.0,0.0,0.0,0.0,0.037,0.0,0.0,0.0,0.0,0.0,0.0,0.0,209.19415,10.313316,0.0,0.0,0.0,0.0,0.0,0.0,0.0,206.72423,10.388258,0.0,0.0,0.0,0.0,0.0
0,253,1,262,0,0,0,0.0,0.0,0.0,0.0,0.037,0.0,0.0,0.0,0.0,0.0,0.0,0.0,185.01181,51.640457,0.0,0.0,0.0,0.0,0.0,0.0,0.0,184.93805,51.646038,0.0,0.0,0.0,0.0,0.0
0,254,1,264,0,0,0,0.0,0.0,0.0,0.0,0.037,0.0,0.0,0.0,0.0,0.0,0.0,0.0,217.60805,8.756765,0.0,0.0,0.0,0.0,0.0,0.0,0.0,215.99652,8.975425,0.0,0.0,0.0,0.0,0.0
0,255,1,266,0,0,0,0.0,0.0,0.0,0.0,0.037,0.0,0.0,0.0,0.0,0.0,0.0,0.0,198.72978,5.1157556,0.0,0.0,0.0,0.0,0.0,0.0,0.0,187.13977,7.1025977,0.0,0.0,0.0,0.0,0.0
0,256,1,266,0,0,0,0.0,0.0,0.0,0.0,0.037,0.0,0.0,0.0,0.0,0.0,0.0,0.0,188.69344,7.6683965,0.0,0.0,0.0,0.0,0.0,0.0,0.0,187.13977,7.9223495,0.0,0.0,0.0,0.0,0.0
0,257,1,267,0,0,0,0.0,0.0,0.0,0.0,0.037,0.0,0.0,0.0,0.0,0.0,0.0,0.0,176.6411,5.9655185,0.0,0.0,0.0,0.0,0.0,0.0,0.0,176.6411,6.037212,0.0,0.0,0.0,0.0,0.0
0,258,1,268,0,0,0,0.0,0.0,0.0,0.0,0.037,0.0,0.0,0.0,0.0,0.0,0.0,0.0,183.19652,6.128851,0.0,0.0,0.0,0.0,0.0,0.0,0.0,177.31412,6.5193563,0.0,0.0,0.0,0.0,0.0
0,259,1,268,0,0,0,0.0,0.0,0.0,0.0,0.037,0.0,0.0,0.0,0.0,0.0,0.0,0.0,177.32114,19.699947,0.0,0.0,0.0,0.0,0.0,0.0,0.0,177.31412,19.863237,0.0,0.0,0.0,0.0,0.0
0,260,1,270,0,0,0,0.0,0.0,0.0,0.0,0.037,0.0,0.0,0.0,0.0,0.0,0.0,0.0,190.23875,28.606796,0.0,0.0,0.0,0.0,0.0,0.0,0.0,190.23875,28.734442,0.0,0.0,0.0,0.0,0.0
0,261,1,271,0,0,0,0.0,0.0,0.0,0.0,0.037,0.0,0.0,0.0,0.0,0.0,0.0,0.0,206.72423,10.388258,0.0,0.0,0.0,0.0,0.0,0.0,0.0,206.60332,10.465471,0.0,0.0,0.0,0.0,0.0
0,262,1,272,0,0,0,0.0,0.0,0.0,0.0,0.037,0.0,0.0,0.0,0.0,0.0,0.0,0.0,184.93805,51.760033,0.0,0.0,0.0,0.0,0.0,0.0,0.0,184.85812,51.76597,0.0,0.0,0.0,0.0,0.0
0,263,1,273,0,0,0,0.0,0.0,0.0,0.0,0.037,0.0,0.0,0.0,0.0,0.0,0.0,0.0,219.41592,5.2486773,0.0,0.0,0.0,0.0,0.0,0.0,0.0,212.76483,5.635039,0.0,0.0,0.0,0.0,0.0
0,264,1,273,0,0,0,0.0,0.0,0.0,0.0,0.037,0.0,0.0,0.0,0.0,0.0,0.0,0.0,215.99652,9.798849,0.0,0.0,0.0,0.0,0.0,0.0,0.0,212.76483,10.167352,0.0,0.0,0.0,0.0,0.0
0,265,1,274,0,0,0,0.0,0.0,0.0,0.0,0.037,0.0,0.0,0.0,0.0,0.0,0.0,0.0,184.09668,4.9213886,0.0,0.0,0.0,0.0,0.0,0.0,0.0,184.09668,5.9318647,0.0,0.0,0.0,0.0,0.0
0,266,1,274,0,0,0,0.0,0.0,0.0,0.0,0.037,0.0,0.0,0.0,0.0,0.0,0.0,0.0,187.13977,10.663468,0.0,0.0,0.0,0.0,0.0,0.0,0.0,184.09668,11.015228,0.0,0.0,0.0,0.0,0.0
0,267,1,275,0,0,0,0.0,0.0,0.0,0.0,0.037,0.0,0.0,0.0,0.0,0.0,0.0,0.0,176.6411,6.315052,0.0,0.0,0.0,0.0,0.0,0.0,0.0,176.6411,6.762152,0.0,0.0,0.0,0.0,0.0
0,268,1,276,0,0,0,0.0,0.0,0.0,0.0,0.037,0.0,0.0,0.0,0.0,0.0,0.0,0.0,177.31412,20.927189,0.0,0.0,0.0,0.0,0.0,0.0,0.0,177.0598,21.18007,0.0,0.0,0.0,0.0,0.0
0,269,1,276,0,0,0,0.0,0.0,0.0,0.0,0.037,0.0,0.0,0.0,0.0,0.0,0.0,0.0,177.63858,4.8903522,0.0,0.0,0.0,0.0,0.0,0.0,0.0,177.0598,6.271478,0.0,0.0,0.0,0.0,0.0
0,270,1,277,0,0,0,0.0,0.0,0.0,0.0,0.037,0.0,0.0,0.0,0.0,0.0,0.0,0.0,190.23875,29.053415,0.0,0.0,0.0,0.0,0.0,0.0,0.0,188.918,29.235931,0.0,0.0,0.0,0.0,0.0
0,271,1,278,0,0,0,0.0,0.0,0.0,0.0,0.037,0.0,0.0,0.0,0.0,0.0,0.0,0.0,206.60332,10.465471,0.0,0.0,0.0,0.0,0.0,0.0,0.0,204.49803,10.715257,0.0,0.0,0.0,0.0,0.0
0,272,1,279,0,0,0,0.0,0.0,0.0,0.0,0.037,0.0,0.0,0.0,0.0,0.0,0.0,0.0,184.85812,51.77648,0.0,0.0,0.0,0.0,0.0,0.0,0.0,184.69281,51.7898,0.0,0.0,0.0,0.0,0.0
0,273,1,280,0,0,0,0.0,0.0,0.0,0.0,0.037,0.0,0.0,0.0,0.0,0.0,0.0,0.0,212.76483,11.644816,0.0,0.0,0.0,0.0,0.0,0.0,0.0,211.3819,11.7711115,0.0,0.0,0.0,0.0,0.0
0,274,1,281,0,0,0,0.0,0.0,0.0,0.0,0.037,0.0,0.0,0.0,0.0,0.0,0.0,0.0,184.09668,12.532273,0.0,0.0,0.0,0.0,0.0,0.0,0.0,182.13744,12.972303,0.0,0.0,0.0,0.0,0.0
0,275,1,282,0,0,0,0.0,0.0,0.0,0.0,0.037,0.0,0.0,0.0,0.0,0.0,0.0,0.0,176.6411,6.762152,0.0,0.0,0.0,0.0,0.0,0.0,0.0,176.6411,7.342626,0.0,0.0,0.0,0.0,0.0
0,276,1,282,0,0,0,0.0,0.0,0.0,0.0,0.037,0.0,0.0,0.0,0.0,0.0,0.0,0.0,177.0598,22.108984,0.0,0.0,0.0,0.0,0.0,0.0,0.0,177.0598,22.17204,0.0,0.0,0.0,0.0,0.0
0,277,1,284,0,0,0,0.0,0.0,0.0,0.0,0.037,0.0,0.0,0.0,0.0,0.0,0.0,0.0,188.918,29.312054,0.0,0.0,0.0,0.0,0.0,0.0,0.0,187.86314,29.442118,0.0,0.0,0.0,0.0,0.0
0,278,1,285,0,0,0,0.0,0.0,0.0,0.0,0.037,0.0,0.0,0.0,0.0,0.0,0.0,0.0,204.49803,11.970866,0.0,0.0,0.0,0.0,0.0,0.0,0.0,203.36188,12.270403,0.0,0.0,0.0,0.0,0.0
0,279,1,287,0,0,0,0.0,0.0,0.0,0.0,0.037,0.0,0.0,0.0,0.0,0.0,0.0,0.0,184.69281,51.7898,0.0,0.0,0.0,0.0,0.0,0.0,0.0,184.48752,51.80362,0.0,0.0,0.0,0.0,0.0
0,280,1,288,0,0,0,0.0,0.0,0.0,0.0,0.037,0.0,0.0,0.0,0.0,0.0,0.0,0.0,211.3819,11.956198,0.0,0.0,0.0,0.0,0.0,0.0,0.0,210.31325,12.053633,0.0,0.0,0.0,0.0,0.0
0,281,1,289,0,0,0,0.0,0.0,0.0,0.0,0.037,0.0,0.0,0.0,0.0,0.0,0.0,0.0,182.13744,12.972303,0.0,0.0,0.0,0.0,0.0,0.0,0.0,182.09291,13.002558,0.0,0.0,0.0,0.0,0.0
0,282,1,290,0,0,0,0.0,0.0,0.0,0.0,0.037,0.0,0.0,0.0,0.0,0.0,0.0,0.0,176.6411,23.385489,0.0,0.0,0.0,0.0,0.0,0.0,0.0,176.6411,23.46813,0.0,0.0,0.0,0.0,0.0
0,283,1,291,0,0,0,0.0,0.0,0.0,0.0,0.037,0.0,0.0,0.0,0.0,0.0,0.0,0.0,186.25993,5.3458295,0.0,0.0,0.0,0.0,0.0,0.0,0.0,186.03775,5.5899158,0.0,0.0,0.0,0.0,0.0
0,284,1,291,0,0,0,0.0,0.0,0.0,0.0,0.037,0.0,0.0,0.0,0.0,0.0,0.0,0.0,187.86314,29.442118,0.0,0.0,0.0,0.0,0.0,0.0,0.0,186.03775,29.483086,0.0,0.0,0.0,0.0,0.0
0,285,1,292,0,0,0,0.0,0.0,0.0,0.0,0.037,0.0,0.0,0.0,0.0,0.0,0.0,0.0,203.36188,12.472085,0.0,0.0,0.0,0.0,0.0,0.0,0.0,200.23032,12.980923,0.0,0.0,0.0,0.0,0.0
0,286,1,293,0,0,0,0.0,0.0,0.0,0.0,0.037,0.0,0.0,0.0,0.0,0.0,0.0,0.0,163.27023,73.025925,0.0,0.0,0.0,0.0,0.0,0.0,0.0,163.27023,73.029335,0.0,0.0,0.0,0.0,0.0
0,287,1,294,0,0,0,0.0,0.0,0.0,0.0,0.037,0.0,0.0,0.0,0.0,0.0,0.0,0.0,184.48752,51.81686,0.0,0.0,0.0,0.0,0.0,0.0,0.0,184.4292,51.821213,0.0,0.0,0.0,0.0,0.0
0,288,1,296,0,0,0,0.0,0.0,0.0,0.0,0.037,0.0,0.0,0.0,0.0,0.0,0.0,0.0,210.31325,12.567566,0.0,0.0,0.0,0.0,0.0,0.0,0.0,209.91193,12.59508,0.0,0.0,0.0,0.0,0.0
0,289,1,297,0,0,0,0.0,0.0,0.0,0.0,0.037,0.0,0.0,0.0,0.0,0.0,0.0,0.0,182.09291,13.002558,0.0,0.0,0.0,0.0,0.0,0.0,0.0,181.912,13.040167,0.0,0.0,0.0,0.0,0.0
0,290,1,298,0,0,0,0.0,0.0,0.0,0.0,0.037,0.0,0.0,0.0,0.0,0.0,0.0,0.0,176.6411,23.771105,0.0,0.0,0.0,0.0,0.0,0.0,0.0,176.6411,23.933447,0.0,0.0,0.0,0.0,0.0
0,291,1,299,0,0,0,0.0,0.0,0.0,0.0,0.037,0.0,0.0,0.0,0.0,0.0,0.0,0.0,186.03775,30.022915,0.0,0.0,0.0,0.0,0.0,0.0,0.0,186.02281,30.080164,0.0,0.0,0.0,0.0,0.0
0,292,1,301,0,0,0,0.0,0.0,0.0,0.0,0.037,0.0,0.0,0.0,0.0,0.0,0.0,0.0,199.29414,13.286359,0.0,0.0,0.0,0.0,0.0,0.0,0.0,198.53085,13.422191,0.0,0.0,0.0,0.0,0.0
0,293,1,302,0,0,0,0.0,0.0,0.0,0.0,0.037,0.0,0.0,0.0,0.0,0.0,0.0,0.0,163.27023,73.029335,0.0,0.0,0.0,0.0,0.0,0.0,0.0,163.27023,73.03638,0.0,0.0,0.0,0.0,0.0
0,294,1,303,0,0,0,0.0,0.0,0.0,0.0,0.037,0.0,0.0,0.0,0.0,0.0,0.0,0.0,184.42014,52.04339,0.0,0.0,0.0,0.0,0.0,0.0,0.0,183.90662,52.08705,0.0,0.0,0.0,0.0,0.0
0,295,1,304,0,0,0,0.0,0.0,0.0,0.0,0.037,0.0,0.0,0.0,0.0,0.0,0.0,0.0,206.39435,5.1331778,0.0,0.0,0.0,0.0,0.0,0.0,0.0,206.39435,5.7358723,0.0,0.0,0.0,0.0,0.0
0,296,1,305,0,0,0,0.0,0.0,0.0,0.0,0.037,0.0,0.0,0.0,0.0,0.0,0.0,0.0,209.91193,12.59508,0.0,0.0,0.0,0.0,0.0,0.0,0.0,209.62755,12.609128,0.0,0.0,0.0,0.0,0.0
0,297,1,306,0,0,0,0.0,0.0,0.0,0.0,0.037,0.0,0.0,0.0,0.0,0.0,0.0,0.0,181.912,13.040167,0.0,0.0,0.0,0.0,0.0,0.0,0.0,176.89499,13.55271,0.0,0.0,0.0,0.0,0.0
0,298,1,307,0,0,0,0.0,0.0,0.0,0.0,0.037,0.0,0.0,0.0,0.0,0.0,0.0,0.0,176.6411,24.129208,0.0,0.0,0.0,0.0,0.0,0.0,0.0,175.87393,24.15124,0.0,0.0,0.0,0.0,0.0
0,299,1,308,0,0,0,0.0,0.0,0.0,0.0,0.037,0.0,0.0,0.0,0.0,0.0,0.0,0.0,186.02281,30.12321,0.0,0.0,0.0,0.0,0.0,0.0,0.0,186.02281,30.156298,0.0,0.0,0.0,0.0,0.0
0,300,1,309,0,0,0,0.0,0.0,0.0,0.0,0.037,0.0,0.0,0.0,0.0,0.0,0.0,0.0,197.41786,13.796734,0.0,0.0,0.0,0.0,0.0,0.0,0.0,197.3046,13.805521,0.0,0.0,0.0,0.0,0.0
0,301,1,309,0,0,0,0.0,0.0,0.0,0.0,0.037,0.0,0.0,0.0,0.0,0.0,0.0,0.0,198.53085,13.616084,0.0,0.0,0.0,0.0,0.0,0.0,0.0,197.46599,13.755534,0.0,0.0,0.0,0.0,0.0
0,302,1,310,0,0,0,0.0,0.0,0.0,0.0,0.037,0.0,0.0,0.0,0.0,0.0,0.0,0.0,163.27023,73.05865,0.0,0.0,0.0,0.0,0.0,0.0,0.0,163.27023,73.06582,0.0,0.0,0.0,0.0,0.0
0,303,1,312,0,0,0,0.0,0.0,0.0,0.0,0.037,0.0,0.0,0.0,0.0,0.0,0.0,0.0,183.90662,52.156273,0.0,0.0,0.0,0.0,0.0,0.0,0.0,183.78436,52.16601,0.0,0.0,0.0,0.0,0.0
0,304,1,313,0,0,0,0.0,0.0,0.0,0.0,0.037,0.0,0.0,0.0,0.0,0.0,0.0,0.0,206.39435,6.087344,0.0,0.0,0.0,0.0,0.0,0.0,0.0,206.3877,6.1344104,0.0,0.0,0.0,0.0,0.0
0,305,1,314,0,0,0,0.0,0.0,0.0,0.0,0.037,0.0,0.0,0.0,0.0,0.0,0.0,0.0,209.62755,12.62458,0.0,0.0,0.0,0.0,0.0,0.0,0.0,209.49823,12.634795,0.0,0.0,0.0,0.0,0.0
0,306,1,315,0,0,0,0.0,0.0,0.0,0.0,0.037,0.0,0.0,0.0,0.0,0.0,0.0,0.0,176.89499,14.193799,0.0,0.0,0.0,0.0,0.0,0.0,0.0,176.86113,14.36068,0.0,0.0,0.0,0.0,0.0
0,307,1,316,0,0,0,0.0,0.0,0.0,0.0,0.037,0.0,0.0,0.0,0.0,0.0,0.0,0.0,175.87393,25.033882,0.0,0.0,0.0,0.0,0.0,0.0,0.0,175.87393,25.076042,0.0,0.0,0.0,0.0,0.0
0,308,1,317,0,0,0,0.0,0.0,0.0,0.0,0.037,0.0,0.0,0.0,0.0,0.0,0.0,0.0,186.02281,30.274212,0.0,0.0,0.0,0.0,0.0,0.0,0.0,185.89192,30.319283,0.0,0.0,0.0,0.0,0.0
0,309,1,318,0,0,0,0.0,0.0,0.0,0.0,0.037,0.0,0.0,0.0,0.0,0.0,0.0,0.0,197.3046,13.8175745,0.0,0.0,0.0,0.0,0.0,0.0,0.0,195.89505,13.970045,0.0,0.0,0.0,0.0,0.0
0,310,1,319,0,0,0,0.0,0.0,0.0,0.0,0.037,0.0,0.0,0.0,0.0,0.0,0.0,0.0,163.27023,73.228195,0.0,0.0,0.0,0.0,0.0,0.0,0.0,163.27023,73.23106,0.0,0.0,0.0,0.0,0.0
0,311,1,320,0,0,0,0.0,0.0,0.0,0.0,0.037,0.0,0.0,0.0,0.0,0.0,0.0,0.0,189.33508,6.209212,0.0,0.0,0.0,0.0,0.0,0.0,0.0,188.46983,6.3440123,0.0,0.0,0.0,0.0,0.0
0,312,1,321,0,0,0,0.0,0.0,0.0,0.0,0.037,0.0,0.0,0.0,0.0,0.0,0.0,0.0,183.78436,52.226692,0.0,0.0,0.0,0.0,0.0,0.0,0.0,182.86136,52.267284,0.0,0.0,0.0,0.0,0.0
0,313,1,322,0,0,0,0.0,0.0,0.0,0.0,0.037,0.0,0.0,0.0,0.0,0.0,0.0,0.0,206.3877,6.3974357,0.0,0.0,0.0,0.0,0.0,0.0,0.0,203.7887,6.62835,0.0,0.0,0.0,0.0,0.0
0,314,1,323,0,0,0,0.0,0.0,0.0,0.0,0.037,0.0,0.0,0.0,0.0,0.0,0.0,0.0,209.49823,12.749665,0.0,0.0,0.0,0.0,0.0,0.0,0.0,205.88615,12.933391,0.0,0.0,0.0,0.0,0.0
0,315,1,324,0,0,0,0.0,0.0,0.0,0.0,0.037,0.0,0.0,0.0,0.0,0.0,0.0,0.0,176.86113,14.36068,0.0,0.0,0.0,0.0,0.0,0.0,0.0,176.86113,14.516173,0.0,0.0,0.0,0.0,0.0
0,316,1,325,0,0,0,0.0,0.0,0.0,0.0,0.037,0.0,0.0,0.0,0.0,0.0,0.0,0.0,175.87393,25.245192,0.0,0.0,0.0,0.0,0.0,0.0,0.0,175.87393,25.423956,0.0,0.0,0.0,0.0,0.0
0,317,1,326,0,0,0,0.0,0.0,0.0,0.0,0.037,0.0,0.0,0.0,0.0,0.0,0.0,0.0,185.89192,30.37815,0.0,0.0,0.0,0.0,0.0,0.0,0.0,184.61961,30.497786,0.0,0.0,0.0,0.0,0.0
0,318,1,327,0,0,0,0.0,0.0,0.0,0.0,0.037,0.0,0.0,0.0,0.0,0.0,0.0,0.0,195.89505,13.970045,0.0,0.0,0.0,0.0,0.0,0.0,0.0,195.8897,13.986835,0.0,0.0,0.0,0.0,0.0
0,319,1,328,0,0,0,0.0,0.0,0.0,0.0,0.037,0.0,0.0,0.0,0.0,0.0,0.0,0.0,163.27023,73.23106,0.0,0.0,0.0,0.0,0.0,0.0,0.0,163.27023,73.23615,0.0,0.0,0.0,0.0,0.0
0,320,1,329,0,0,0,0.0,0.0,0.0,0.0,0.037,0.0,0.0,0.0,0.0,0.0,0.0,0.0,188.46983,6.7867146,0.0,0.0,0.0,0.0,0.0,0.0,0.0,187.95016,6.8249574,0.0,0.0,0.0,0.0,0.0
0,321,1,330,0,0,0,0.0,0.0,0.0,0.0,0.037,0.0,0.0,0.0,0.0,0.0,0.0,0.0,182.86136,52.296207,0.0,0.0,0.0,0.0,0.0,0.0,0.0,182.23174,52.31415,0.0,0.0,0.0,0.0,0.0
0,322,1,331,0,0,0,0.0,0.0,0.0,0.0,0.037,0.0,0.0,0.0,0.0,0.0,0.0,0.0,203.7887,7.3970065,0.0,0.0,0.0,0.0,0.0,0.0,0.0,200.6291,7.8063927,0.0,0.0,0.0,0.0,0.0
0,323,1,332,0,0,0,0.0,0.0,0.0,0.0,0.037,0.0,0.0,0.0,0.0,0.0,0.0,0.0,205.88615,13.5289755,0.0,0.0,0.0,0.0,0.0,0.0,0.0,205.88535,13.55181,0.0,0.0,0.0,0.0,0.0
0,324,1,333,0,0,0,0.0,0.0,0.0,0.0,0.037,0.0,0.0,0.0,0.0,0.0,0.0,0.0,176.86113,14.516173,0.0,0.0,0.0,0.0,0.0,0.0,0.0,175.38795,14.799248,0.0,0.0,0.0,0.0,0.0
0,325,1,334,0,0,0,0.0,0.0,0.0,0.0,0.037,0.0,0.0,0.0,0.0,0.0,0.0,0.0,175.87393,25.919598,0.0,0.0,0.0,0.0,0.0,0.0,0.0,175.87393,25.945566,0.0,0.0,0.0,0.0,0.0
0,326,1,335,0,0,0,0.0,0.0,0.0,0.0,0.037,0.0,0.0,0.0,0.0,0.0,0.0,0.0,184.61961,30.541248,0.0,0.0,0.0,0.0,0.0,0.0,0.0,184.61961,30.59356,0.0,0.0,0.0,0.0,0.0
0,327,1,336,0,0,0,0.0,0.0,0.0,0.0,0.037,0.0,0.0,0.0,0.0,0.0,0.0,0.0,195.8897,14.005038,0.0,0.0,0.0,0.0,0.0,0.0,0.0,195.77231,14.02854,0.0,0.0,0.0,0.0,0.0
0,328,1,337,0,0,0,0.0,0.0,0.0,0.0,0.037,0.0,0.0,0.0,0.0,0.0,0.0,0.0,163.27023,73.37952,0.0,0.0,0.0,0.0,0.0,0.0,0.0,163.27023,73.390854,0.0,0.0,0.0,0.0,0.0
0,329,1,338,0,0,0,0.0,0.0,0.0,0.0,0.037,0.0,0.0,0.0,0.0,0.0,0.0,0.0,187.95016,7.856425,0.0,0.0,0.0,0.0,0.0,0.0,0.0,187.29794,8.02645,0.0,0.0,0.0,0.0,0.0
0,330,1,339,0,0,0,0.0,0.0,0.0,0.0,0.037,0.0,0.0,0.0,0.0,0.0,0.0,0.0,182.23174,52.31415,0.0,0.0,0.0,0.0,0.0,0.0,0.0,182.18655,52.321686,0.0,0.0,0.0,0.0,0.0
0,331,1,340,0,0,0,0.0,0.0,0.0,0.0,0.037,0.0,0.0,0.0,0.0,0.0,0.0,0.0,200.6291,8.719864,0.0,0.0,0.0,0.0,0.0,0.0,0.0,200.20648,8.769791,0.0,0.0,0.0,0.0,0.0
0,332,1,341,0,0,0,0.0,0.0,0.0,0.0,0.037,0.0,0.0,0.0,0.0,0.0,0.0,0.0,205.88535,13.558426,0.0,0.0,0.0,0.0,0.0,0.0,0.0,204.03131,13.687662,0.0,0.0,0.0,0.0,0.0
0,333,1,342,0,0,0,0.0,0.0,0.0,0.0,0.037,0.0,0.0,0.0,0.0,0.0,0.0,0.0,175.38795,14.799248,0.0,0.0,0.0,0.0,0.0,0.0,0.0,175.38795,15.046407,0.0,0.0,0.0,0.0,0.0
0,334,1,343,0,0,0,0.0,0.0,0.0,0.0,0.037,0.0,0.0,0.0,0.0,0.0,0.0,0.0,175.87393,26.224358,0.0,0.0,0.0,0.0,0.0,0.0,0.0,175.71506,26.281813,0.0,0.0,0.0,0.0,0.0
0,335,1,344,0,0,0,0.0,0.0,0.0,0.0,0.037,0.0,0.0,0.0,0.0,0.0,0.0,0.0,184.61961,30.766182,0.0,0.0,0.0,0.0,0.0,0.0,0.0,184.61961,30.78194,0.0,0.0,0.0,0.0,0.0
0,336,1,345,0,0,0,0.0,0.0,0.0,0.0,0.037,0.0,0.0,0.0,0.0,0.0,0.0,0.0,195.77231,14.02854,0.0,0.0,0.0,0.0,0.0,0.0,0.0,195.75842,14.042755,0.0,0.0,0.0,0.0,0.0
0,337,1,346,0,0,0,0.0,0.0,0.0,0.0,0.037,0.0,0.0,0.0,0.0,0.0,0.0,0.0,163.27023,73.40938,0.0,0.0,0.0,0.0,0.0,0.0,0.0,163.27023,73.43456,0.0,0.0,0.0,0.0,0.0
0,338,1,347,0,0,0,0.0,0.0,0.0,0.0,0.037,0.0,0.0,0.0,0.0,0.0,0.0,0.0,187.29794,8.332845,0.0,0.0,0.0,0.0,0.0,0.0,0.0,185.46992,8.572188,0.0,0.0,0.0,0.0,0.0
0,339,1,348,0,0,0,0.0,0.0,0.0,0.0,0.037,0.0,0.0,0.0,0.0,0.0,0.0,0.0,182.12656,52.48437,0.0,0.0,0.0,0.0,0.0,0.0,0.0,181.90001,52.49951,0.0,0.0,0.0,0.0,0.0
0,340,1,349,0,0,0,0.0,0.0,0.0,0.0,0.037,0.0,0.0,0.0,0.0,0.0,0.0,0.0,200.20648,9.225467,0.0,0.0,0.0,0.0,0.0,0.0,0.0,198.10953,9.4714775,0.0,0.0,0.0,0.0,0.0
0,341,1,350,0,0,0,0.0,0.0,0.0,0.0,0.037,0.0,0.0,0.0,0.0,0.0,0.0,0.0,204.03131,13.7925205,0.0,0.0,0.0,0.0,0.0,0.0,0.0,199.20224,14.090615,0.0,0.0,0.0,0.0,0.0
0,342,1,351,0,0,0,0.0,0.0,0.0,0.0,0.037,0.0,0.0,0.0,0.0,0.0,0.0,0.0,175.38795,15.046407,0.0,0.0,0.0,0.0,0.0,0.0,0.0,175.38795,15.322247,0.0,0.0,0.0,0.0,0.0
0,343,1,352,0,0,0,0.0,0.0,0.0,0.0,0.037,0.0,0.0,0.0,0.0,0.0,0.0,0.0,175.71506,26.48728,0.0,0.0,0.0,0.0,0.0,0.0,0.0,174.43811,26.50189,0.0,0.0,0.0,0.0,0.0
0,344,1,353,0,0,0,0.0,0.0,0.0,0.0,0.037,0.0,0.0,0.0,0.0,0.0,0.0,0.0,184.61961,30.78194,0.0,0.0,0.0,0.0,0.0,0.0,0.0,184.61961,30.788439,0.0,0.0,0.0,0.0,0.0
0,345,1,354,0,0,0,0.0,0.0,0.0,0.0,0.037,0.0,0.0,0.0,0.0,0.0,0.0,0.0,195.75842,14.051186,0.0,0.0,0.0,0.0,0.0,0.0,0.0,187.1037,14.655593,0.0,0.0,0.0,0.0,0.0
0,346,1,355,0,0,0,0.0,0.0,0.0,0.0,0.037,0.0,0.0,0.0,0.0,0.0,0.0,0.0,163.27023,73.45192,0.0,0.0,0.0,0.0,0.0,0.0,0.0,163.27023,73.46073,0.0,0.0,0.0,0.0,0.0
0,347,1,355,0,0,0,0.0,0.0,0.0,0.0,0.037,0.0,0.0,0.0,0.0,0.0,0.0,0.0,185.46992,9.047257,0.0,0.0,0.0,0.0,0.0,0.0,0.0,182.1454,9.123539,0.0,0.0,0.0,0.0,0.0
0,348,1,356,0,0,0,0.0,0.0,0.0,0.0,0.037,0.0,0.0,0.0,0.0,0.0,0.0,0.0,181.90001,52.53677,0.0,0.0,0.0,0.0,0.0,0.0,0.0,181.83194,52.541996,0.0,0.0,0.0,0.0,0.0
0,349,1,357,0,0,0,0.0,0.0,0.0,0.0,0.037,0.0,0.0,0.0,0.0,0.0,0.0,0.0,198.10953,9.939949,0.0,0.0,0.0,0.0,0.0,0.0,0.0,197.99977,9.960631,0.0,0.0,0.0,0.0,0.0
0,350,1,358,0,0,0,0.0,0.0,0.0,0.0,0.037,0.0,0.0,0.0,0.0,0.0,0.0,0.0,199.20224,14.270112,0.0,0.0,0.0,0.0,0.0,0.0,0.0,196.84575,14.29454,0.0,0.0,0.0,0.0,0.0
0,351,1,359,0,0,0,0.0,0.0,0.0,0.0,0.037,0.0,0.0,0.0,0.0,0.0,0.0,0.0,175.38795,15.322247,0.0,0.0,0.0,0.0,0.0,0.0,0.0,174.90477,15.597785,0.0,0.0,0.0,0.0,0.0
0,352,1,360,0,0,0,0.0,0.0,0.0,0.0,0.037,0.0,0.0,0.0,0.0,0.0,0.0,0.0,174.43811,26.588186,0.0,0.0,0.0,0.0,0.0,0.0,0.0,174.43811,26.673828,0.0,0.0,0.0,0.0,0.0
0,353,1,361,0,0,0,0.0,0.0,0.0,0.0,0.037,0.0,0.0,0.0,0.0,0.0,0.0,0.0,184.61961,30.792276,0.0,0.0,0.0,0.0,0.0,0.0,0.0,184.4836,31.024456,0.0,0.0,0.0,0.0,0.0
0,354,1,361,0,0,0,0.0,0.0,0.0,0.0,0.037,0.0,0.0,0.0,0.0,0.0,0.0,0.0,187.1037,15.457275,0.0,0.0,0.0,0.0,0.0,0.0,0.0,184.4836,15.68834,0.0,0.0,0.0,0.0,0.0
0,355,1,362,0,0,0,0.0,0.0,0.0,0.0,0.037,0.0,0.0,0.0,0.0,0.0,0.0,0.0,163.27023,74.04448,0.0,0.0,0.0,0.0,0.0,0.0,0.0,163.27023,74.08726,0.0,0.0,0.0,0.0,0.0
0,356,1,363,0,0,0,0.0,0.0,0.0,0.0,0.037,0.0,0.0,0.0,0.0,0.0,0.0,0.0,181.83194,52.541996,0.0,0.0,0.0,0.0,0.0,0.0,0.0,181.67612,52.545815,0.0,0.0,0.0,0.0,0.0
0,357,1,364,0,0,0,0.0,0.0,0.0,0.0,0.037,0.0,0.0,0.0,0.0,0.0,0.0,0.0,197.99977,10.189333,0.0,0.0,0.0,0.0,0.0,0.0,0.0,197.99977,10.303053,0.0,0.0,0.0,0.0,0.0
0,358,1,365,0,0,0,0.0,0.0,0.0,0.0,0.037,0.0,0.0,0.0,0.0,0.0,0.0,0.0,196.84575,14.455705,0.0,0.0,0.0,0.0,0.0,0.0,0.0,196.80533,14.490381,0.0,0.0,0.0,0.0,0.0
0,359,1,366,0,0,0,0.0,0.0,0.0,0.0,0.037,0.0,0.0,0.0,0.0,0.0,0.0,0.0,174.90477,15.597785,0.0,0.0,0.0,0.0,0.0,0.0,0.0,174.90477,15.869052,0.0,0.0,0.0,0.0,0.0
0,360,1,367,0,0,0,0.0,0.0,0.0,0.0,0.037,0.0,0.0,0.0,0.0,0.0,0.0,0.0,174.43811,26.773258,0.0,0.0,0.0,0.0,0.0,0.0,0.0,174.43811,26.823107,0.0,0.0,0.0,0.0,0.0
0,361,1,368,0,0,0,0.0,0.0,0.0,0.0,0.037,0.0,0.0,0.0,0.0,0.0,0.0,0.0,184.4836,34.82189,0.0,0.0,0.0,0.0,0.0,0.0,0.0,184.4836,34.83523,0.0,0.0,0.0,0.0,0.0
0,362,1,369,0,0,0,0.0,0.0,0.0,0.0,0.037,0.0,0.0,0.0,0.0,0.0,0.0,0.0,163.27023,74.200005,0.0,0.0,0.0,0.0,0.0,0.0,0.0,163.27023,74.20776,0.0,0.0,0.0,0.0,0.0
0,363,1,369,0,0,0,0.0,0.0,0.0,0.0,0.037,0.0,0.0,0.0,0.0,0.0,0.0,0.0,181.67612,52.5534,0.0,0.0,0.0,0.0,0.0,0.0,0.0,163.27023,52.5593,0.0,0.0,0.0,0.0,0.0
0,364,1,373,0,0,0,0.0,0.0,0.0,0.0,0.037,0.0,0.0,0.0,0.0,0.0,0.0,0.0,197.99977,10.426524,0.0,0.0,0.0,0.0,0.0,0.0,0.0,197.42253,10.498761,0.0,0.0,0.0,0.0,0.0
0,365,1,374,0,0,0,0.0,0.0,0.0,0.0,0.037,0.0,0.0,0.0,0.0,0.0,0.0,0.0,196.80533,14.762661,0.0,0.0,0.0,0.0,0.0,0.0,0.0,196.57523,14.785314,0.0,0.0,0.0,0.0,0.0
0,366,1,375,0,0,0,0.0,0.0,0.0,0.0,0.037,0.0,0.0,0.0,0.0,0.0,0.0,0.0,174.90477,15.869052,0.0,0.0,0.0,0.0,0.0,0.0,0.0,174.90477,16.136618,0.0,0.0,0.0,0.0,0.0
0,367,1,376,0,0,0,0.0,0.0,0.0,0.0,0.037,0.0,0.0,0.0,0.0,0.0,0.0,0.0,174.43811,26.908682,0.0,0.0,0.0,0.0,0.0,0.0,0.0,174.43811,26.919168,0.0,0.0,0.0,0.0,0.0
0,368,1,377,0,0,0,0.0,0.0,0.0,0.0,0.037,0.0,0.0,0.0,0.0,0.0,0.0,0.0,184.4836,34.841152,0.0,0.0,0.0,0.0,0.0,0.0,0.0,178.48134,34.96198,0.0,0.0,0.0,0.0,0.0
0,369,1,379,0,0,0,0.0,0.0,0.0,0.0,0.037,0.0,0.0,0.0,0.0,0.0,0.0,0.0,163.27023,91.12196,0.0,0.0,0.0,0.0,0.0,0.0,0.0,163.27023,91.1376,0.0,0.0,0.0,0.0,0.0
0,370,1,380,0,0,0,0.0,0.0,0.0,0.0,0.037,0.0,0.0,0.0,0.0,0.0,0.0,0.0,209.08212,4.389476,0.0,0.0,0.0,0.0,0.0,0.0,0.0,202.73807,5.9060793,0.0,0.0,0.0,0.0,0.0
0,371,1,381,0,0,0,0.0,0.0,0.0,0.0,0.037,0.0,0.0,0.0,0.0,0.0,0.0,0.0,187.41168,5.8317,0.0,0.0,0.0,0.0,0.0,0.0,0.0,187.41168,6.3465877,0.0,0.0,0.0,0.0,0.0
0,372,1,382,0,0,0,0.0,0.0,0.0,0.0,0.037,0.0,0.0,0.0,0.0,0.0,0.0,0.0,188.26839,5.650629,0.0,0.0,0.0,0.0,0.0,0.0,0.0,185.76663,5.7048616,0.0,0.0,0.0,0.0,0.0
0,373,1,383,0,0,0,0.0,0.0,0.0,0.0,0.037,0.0,0.0,0.0,0.0,0.0,0.0,0.0,197.42253,10.657095,0.0,0.0,0.0,0.0,0.0,0.0,0.0,196.04591,10.74259,0.0,0.0,0.0,0.0,0.0
0,374,1,384,0,0,0,0.0,0.0,0.0,0.0,0.037,0.0,0.0,0.0,0.0,0.0,0.0,0.0,196.57523,14.881135,0.0,0.0,0.0,0.0,0.0,0.0,0.0,195.50238,14.9217205,0.0,0.0,0.0,0.0,0.0
0,375,1,385,0,0,0,0.0,0.0,0.0,0.0,0.037,0.0,0.0,0.0,0.0,0.0,0.0,0.0,174.90477,16.136618,0.0,0.0,0.0,0.0,0.0,0.0,0.0,174.90477,16.443186,0.0,0.0,0.0,0.0,0.0
0,376,1,386,0,0,0,0.0,0.0,0.0,0.0,0.037,0.0,0.0,0.0,0.0,0.0,0.0,0.0,174.43811,27.433147,0.0,0.0,0.0,0.0,0.0,0.0,0.0,174.43811,27.43882,0.0,0.0,0.0,0.0,0.0
0,377,1,387,0,0,0,0.0,0.0,0.0,0.0,0.037,0.0,0.0,0.0,0.0,0.0,0.0,0.0,178.48134,34.96198,0.0,0.0,0.0,0.0,0.0,0.0,0.0,178.3167,35.08397,0.0,0.0,0.0,0.0,0.0
0,378,1,388,0,0,0,0.0,0.0,0.0,0.0,0.037,0.0,0.0,0.0,0.0,0.0,0.0,0.0,188.84587,5.3033576,0.0,0.0,0.0,0.0,0.0,0.0,0.0,182.2928,5.685676,0.0,0.0,0.0,0.0,0.0
0,379,1,389,0,0,0,0.0,0.0,0.0,0.0,0.037,0.0,0.0,0.0,0.0,0.0,0.0,0.0,163.27023,91.166756,0.0,0.0,0.0,0.0,0.0,0.0,0.0,163.27023,91.17961,0.0,0.0,0.0,0.0,0.0
0,380,1,389,0,0,0,0.0,0.0,0.0,0.0,0.037,0.0,0.0,0.0,0.0,0.0,0.0,0.0,202.73807,6.602883,0.0,0.0,0.0,0.0,0.0,0.0,0.0,182.045,8.421872,0.0,0.0,0.0,0.0,0.0
0,381,1,390,0,0,0,0.0,0.0,0.0,0.0,0.037,0.0,0.0,0.0,0.0,0.0,0.0,0.0,187.41168,7.2171893,0.0,0.0,0.0,0.0,0.0,0.0,0.0,184.4225,7.603577,0.0,0.0,0.0,0.0,0.0
0,382,1,391,0,0,0,0.0,0.0,0.0,0.0,0.037,0.0,0.0,0.0,0.0,0.0,0.0,0.0,185.76663,5.7048616,0.0,0.0,0.0,0.0,0.0,0.0,0.0,184.09952,5.728321,0.0,0.0,0.0,0.0,0.0
0,383,1,392,0,0,0,0.0,0.0,0.0,0.0,0.037,0.0,0.0,0.0,0.0,0.0,0.0,0.0,196.04591,10.867581,0.0,0.0,0.0,0.0,0.0,0.0,0.0,195.62561,10.957267,0.0,0.0,0.0,0.0,0.0
0,384,1,393,0,0,0,0.0,0.0,0.0,0.0,0.037,0.0,0.0,0.0,0.0,0.0,0.0,0.0,195.50238,15.05891,0.0,0.0,0.0,0.0,0.0,0.0,0.0,192.27391,15.1701765,0.0,0.0,0.0,0.0,0.0
0,385,1,394,0,0,0,0.0,0.0,0.0,0.0,0.037,0.0,0.0,0.0,0.0,0.0,0.0,0.0,174.90477,16.443186,0.0,0.0,0.0,0.0,0.0,0.0,0.0,174.43811,16.449263,0.0,0.0,0.0,0.0,0.0
0,386,1,394,0,0,0,0.0,0.0,0.0,0.0,0.037,0.0,0.0,0.0,0.0,0.0,0.0,0.0,174.43811,27.43882,0.0,0.0,0.0,0.0,0.0,0.0,0.0,174.43811,27.441906,0.0,0.0,0.0,0.0,0.0
0,387,1,395,0,0,0,0.0,0.0,0.0,0.0,0.037,0.0,0.0,0.0,0.0,0.0,0.0,0.0,178.3167,35.08397,0.0,0.0,0.0,0.0,0.0,0.0,0.0,177.56744,35.19663,0.0,0.0,0.0,0.0,0.0
0,388,1,395,0,0,0,0.0,0.0,0.0,0.0,0.037,0.0,0.0,0.0,0.0,0.0,0.0,0.0,182.2928,6.031917,0.0,0.0,0.0,0.0,0.0,0.0,0.0,179.2232,6.2073812,0.0,0.0,0.0,0.0,0.0
0,389,1,396,0,0,0,0.0,0.0,0.0,0.0,0.037,0.0,0.0,0.0,0.0,0.0,0.0,0.0,163.27023,91.58307,0.0,0.0,0.0,0.0,0.0,0.0,0.0,163.27023,91.59743,0.0,0.0,0.0,0.0,0.0
0,390,1,396,0,0,0,0.0,0.0,0.0,0.0,0.037,0.0,0.0,0.0,0.0,0.0,0.0,0.0,184.4225,7.882408,0.0,0.0,0.0,0.0,0.0,0.0,0.0,181.66512,8.185245,0.0,0.0,0.0,0.0,0.0
0,391,1,397,0,0,0,0.0,0.0,0.0,0.0,0.037,0.0,0.0,0.0,0.0,0.0,0.0,0.0,184.09952,5.728321,0.0,0.0,0.0,0.0,0.0,0.0,0.0,183.99974,5.763641,0.0,0.0,0.0,0.0,0.0
0,392,1,400,0,0,0,0.0,0.0,0.0,0.0,0.037,0.0,0.0,0.0,0.0,0.0,0.0,0.0,195.62561,11.135398,0.0,0.0,0.0,0.0,0.0,0.0,0.0,194.87404,11.278632,0.0,0.0,0.0,0.0,0.0
0,393,1,401,0,0,0,0.0,0.0,0.0,0.0,0.037,0.0,0.0,0.0,0.0,0.0,0.0,0.0,192.27391,15.245857,0.0,0.0,0.0,0.0,0.0,0.0,0.0,191.77571,15.266155,0.0,0.0,0.0,0.0,0.0
0,394,1,402,0,0,0,0.0,0.0,0.0,0.0,0.037,0.0,0.0,0.0,0.0,0.0,0.0,0.0,174.43811,32.05357,0.0,0.0,0.0,0.0,0.0,0.0,0.0,174.43811,32.062916,0.0,0.0,0.0,0.0,0.0
0,395,1,403,0,0,0,0.0,0.0,0.0,0.0,0.037,0.0,0.0,0.0,0.0,0.0,0.0,0.0,177.56744,35.756153,0.0,0.0,0.0,0.0,0.0,0.0,0.0,177.56744,35.765312,0.0,0.0,0.0,0.0,0.0
0,396,1,404,0,0,0,0.0,0.0,0.0,0.0,0.037,0.0,0.0,0.0,0.0,0.0,0.0,0.0,163.27023,91.97701,0.0,0.0,0.0,0.0,0.0,0.0,0.0,163.27023,92.0025,0.0,0.0,0.0,0.0,0.0
0,397,1,404,0,0,0,0.0,0.0,0.0,0.0,0.037,0.0,0.0,0.0,0.0,0.0,0.0,0.0,183.99974,6.323035,0.0,0.0,0.0,0.0,0.0,0.0,0.0,178.47006,6.5075717,0.0,0.0,0.0,0.0,0.0
0,398,1,405,0,0,0,0.0,0.0,0.0,0.0,0.037,0.0,0.0,0.0,0.0,0.0,0.0,0.0,203.97359,1.0,0.0,0.0,0.0,0.0,0.0,0.0,0.0,202.46115,5.5697026,0.0,0.0,0.0,0.0,0.0
0,399,1,405,0,0,0,0.0,0.0,0.0,0.0,0.037,0.0,0.0,0.0,0.0,0.0,0.0,0.0,203.23752,6.062915,0.0,0.0,0.0,0.0,0.0,0.0,0.0,202.46115,6.0994644,0.0,0.0,0.0,0.0,0.0
0,400,1,406,0,0,0,0.0,0.0,0.0,0.0,0.037,0.0,0.0,0.0,0.0,0.0,0.0,0.0,194.62129,11.615698,0.0,0.0,0.0,0.0,0.0,0.0,0.0,194.62129,11.631036,0.0,0.0,0.0,0.0,0.0
0,401,1,407,0,0,0,0.0,0.0,0.0,0.0,0.037,0.0,0.0,0.0,0.0,0.0,0.0,0.0,191.77571,15.266155,0.0,0.0,0.0,0.0,0.0,0.0,0.0,191.01213,15.282477,0.0,0.0,0.0,0.0,0.0
0,402,1,408,0,0,0,0.0,0.0,0.0,0.0,0.037,0.0,0.0,0.0,0.0,0.0,0.0,0.0,174.43811,32.062916,0.0,0.0,0.0,0.0,0.0,0.0,0.0,174.43811,32.186752,0.0,0.0,0.0,0.0,0.0
0,403,1,409,0,0,0,0.0,0.0,0.0,0.0,0.037,0.0,0.0,0.0,0.0,0.0,0.0,0.0,177.56744,35.805557,0.0,0.0,0.0,0.0,0.0,0.0,0.0,177.56744,35.82229,0.0,0.0,0.0,0.0,0.0
0,404,1,410,0,0,0,0.0,0.0,0.0,0.0,0.037,0.0,0.0,0.0,0.0,0.0,0.0,0.0,163.27023,92.24215,0.0,0.0,0.0,0.0,0.0,0.0,0.0,163.27023,92.267746,0.0,0.0,0.0,0.0,0.0
0,405,1,411,0,0,0,0.0,0.0,0.0,0.0,0.037,0.0,0.0,0.0,0.0,0.0,0.0,0.0,202.46115,8.278079,0.0,0.0,0.0,0.0,0.0,0.0,0.0,200.60959,8.493958,0.0,0.0,0.0,0.0,0.0
0,406,1,413,0,0,0,0.0,0.0,0.0,0.0,0.037,0.0,0.0,0.0,0.0,0.0,0.0,0.0,194.62129,11.631036,0.0,0.0,0.0,0.0,0.0,0.0,0.0,190.66885,12.049948,0.0,0.0,0.0,0.0,0.0
0,407,1,413,0,0,0,0.0,0.0,0.0,0.0,0.037,0.0,0.0,0.0,0.0,0.0,0.0,0.0,191.01213,15.298313,0.0,0.0,0.0,0.0,0.0,0.0,0.0,190.66885,15.329654,0.0,0.0,0.0,0.0,0.0
0,408,1,414,0,0,0,0.0,0.0,0.0,0.0,0.037,0.0,0.0,0.0,0.0,0.0,0.0,0.0,174.43811,32.18709,0.0,0.0,0.0,0.0,0.0,0.0,0.0,174.43811,32.21831,0.0,0.0,0.0,0.0,0.0
0,409,1,415,0,0,0,0.0,0.0,0.0,0.0,0.037,0.0,0.0,0.0,0.0,0.0,0.0,0.0,177.56744,35.86861,0.0,0.0,0.0,0.0,0.0,0.0,0.0,177.56744,35.891422,0.0,0.0,0.0,0.0,0.0
0,410,1,416,0,0,0,0.0,0.0,0.0,0.0,0.037,0.0,0.0,0.0,0.0,0.0,0.0,0.0,163.27023,92.298676,0.0,0.0,0.0,0.0,0.0,0.0,0.0,163.27023,92.31855,0.0,0.0,0.0,0.0,0.0
0,411,1,418,0,0,0,0.0,0.0,0.0,0.0,0.037,0.0,0.0,0.0,0.0,0.0,0.0,0.0,200.60959,8.891151,0.0,0.0,0.0,0.0,0.0,0.0,0.0,197.41875,9.5211115,0.0,0.0,0.0,0.0,0.0
0,412,1,419,0,0,0,0.0,0.0,0.0,0.0,0.037,0.0,0.0,0.0,0.0,0.0,0.0,0.0,190.37352,7.3404927,0.0,0.0,0.0,0.0,0.0,0.0,0.0,190.37352,7.655104,0.0,0.0,0.0,0.0,0.0
0,413,1,420,0,0,0,0.0,0.0,0.0,0.0,0.037,0.0,0.0,0.0,0.0,0.0,0.0,0.0,190.66885,19.540255,0.0,0.0,0.0,0.0,0.0,0.0,0.0,189.75653,19.570955,0.0,0.0,0.0,0.0,0.0
0,414,1,421,0,0,0,0.0,0.0,0.0,0.0,0.037,0.0,0.0,0.0,0.0,0.0,0.0,0.0,174.43811,32.21831,0.0,0.0,0.0,0.0,0.0,0.0,0.0,174.43811,32.221752,0.0,0.0,0.0,0.0,0.0
0,415,1,422,0,0,0,0.0,0.0,0.0,0.0,0.037,0.0,0.0,0.0,0.0,0.0,0.0,0.0,177.56744,35.891422,0.0,0.0,0.0,0.0,0.0,0.0,0.0,177.56744,35.93515,0.0,0.0,0.0,0.0,0.0
0,416,1,423,0,0,0,0.0,0.0,0.0,0.0,0.037,0.0,0.0,0.0,0.0,0.0,0.0,0.0,163.27023,92.42644,0.0,0.0,0.0,0.0,0.0,0.0,0.0,163.27023,92.44639,0.0,0.0,0.0,0.0,0.0
0,417,1,424,0,0,0,0.0,0.0,0.0,0.0,0.037,0.0,0.0,0.0,0.0,0.0,0.0,0.0,197.15062,4.238033,0.0,0.0,0.0,0.0,0.0,0.0,0.0,197.15062,6.6418495,0.0,0.0,0.0,0.0,0.0
0,418,1,425,0,0,0,0.0,0.0,0.0,0.0,0.037,0.0,0.0,0.0,0.0,0.0,0.0,0.0,197.41875,10.087461,0.0,0.0,0.0,0.0,0.0,0.0,0.0,192.9882,10.420968,0.0,0.0,0.0,0.0,0.0
0,419,1,426,0,0,0,0.0,0.0,0.0,0.0,0.037,0.0,0.0,0.0,0.0,0.0,0.0,0.0,190.37352,7.981668,0.0,0.0,0.0,0.0,0.0,0.0,0.0,186.92949,8.26006,0.0,0.0,0.0,0.0,0.0
0,420,1,427,0,0,0,0.0,0.0,0.0,0.0,0.037,0.0,0.0,0.0,0.0,0.0,0.0,0.0,189.75653,20.121183,0.0,0.0,0.0,0.0,0.0,0.0,0.0,187.86632,20.191368,0.0,0.0,0.0,0.0,0.0
0,421,1,428,0,0,0,0.0,0.0,0.0,0.0,0.037,0.0,0.0,0.0,0.0,0.0,0.0,0.0,174.43811,32.221752,0.0,0.0,0.0,0.0,0.0,0.0,0.0,174.43811,32.228867,0.0,0.0,0.0,0.0,0.0
0,422,1,429,0,0,0,0.0,0.0,0.0,0.0,0.037,0.0,0.0,0.0,0.0,0.0,0.0,0.0,177.56744,36.522976,0.0,0.0,0.0,0.0,0.0,0.0,0.0,177.56744,36.5967,0.0,0.0,0.0,0.0,0.0
0,423,1,430,0,0,0,0.0,0.0,0.0,0.0,0.037,0.0,0.0,0.0,0.0,0.0,0.0,0.0,163.27023,92.57101,0.0,0.0,0.0,0.0,0.0,0.0,0.0,163.27023,92.57828,0.0,0.0,0.0,0.0,0.0
0,424,1,431,0,0,0,0.0,0.0,0.0,0.0,0.037,0.0,0.0,0.0,0.0,0.0,0.0,0.0,197.15062,7.2278314,0.0,0.0,0.0,0.0,0.0,0.0,0.0,191.856,7.472559,0.0,0.0,0.0,0.0,0.0
0,425,1,431,0,0,0,0.0,0.0,0.0,0.0,0.037,0.0,0.0,0.0,0.0,0.0,0.0,0.0,192.9882,10.562999,0.0,0.0,0.0,0.0,0.0,0.0,0.0,191.856,10.575719,0.0,0.0,0.0,0.0,0.0
0,426,1,432,0,0,0,0.0,0.0,0.0,0.0,0.037,0.0,0.0,0.0,0.0,0.0,0.0,0.0,186.92949,8.780848,0.0,0.0,0.0,0.0,0.0,0.0,0.0,186.12729,8.823807,0.0,0.0,0.0,0.0,0.0
0,427,1,436,0,0,0,0.0,0.0,0.0,0.0,0.037,0.0,0.0,0.0,0.0,0.0,0.0,0.0,187.86632,20.263767,0.0,0.0,0.0,0.0,0.0,0.0,0.0,186.83762,20.29598,0.0,0.0,0.0,0.0,0.0
0,428,1,437,0,0,0,0.0,0.0,0.0,0.0,0.037,0.0,0.0,0.0,0.0,0.0,0.0,0.0,174.43811,32.228867,0.0,0.0,0.0,0.0,0.0,0.0,0.0,174.43811,32.231613,0.0,0.0,0.0,0.0,0.0
0,429,1,438,0,0,0,0.0,0.0,0.0,0.0,0.037,0.0,0.0,0.0,0.0,0.0,0.0,0.0,177.56744,36.5967,0.0,0.0,0.0,0.0,0.0,0.0,0.0,177.56744,36.69048,0.0,0.0,0.0,0.0,0.0
0,430,1,439,0,0,0,0.0,0.0,0.0,0.0,0.037,0.0,0.0,0.0,0.0,0.0,0.0,0.0,163.27023,92.59733,0.0,0.0,0.0,0.0,0.0,0.0,0.0,163.27023,92.60903,0.0,0.0,0.0,0.0,0.0
0,431,1,440,0,0,0,0.0,0.0,0.0,0.0,0.037,0.0,0.0,0.0,0.0,0.0,0.0,0.0,191.856,12.97573,0.0,0.0,0.0,0.0,0.0,0.0,0.0,188.07242,13.167181,0.0,0.0,0.0,0.0,0.0
0,432,1,441,0,0,0,0.0,0.0,0.0,0.0,0.037,0.0,0.0,0.0,0.0,0.0,0.0,0.0,186.12729,9.095175,0.0,0.0,0.0,0.0,0.0,0.0,0.0,180.35081,9.456386,0.0,0.0,0.0,0.0,0.0
0,433,1,441,0,0,0,0.0,0.0,0.0,0.0,0.037,0.0,0.0,0.0,0.0,0.0,0.0,0.0,182.748,6.432992,0.0,0.0,0.0,0.0,0.0,0.0,0.0,180.35081,6.4971876,0.0,0.0,0.0,0.0,0.0
0,434,1,443,0,0,0,0.0,0.0,0.0,0.0,0.037,0.0,0.0,0.0,0.0,0.0,0.0,0.0,180.23093,5.5726314,0.0,0.0,0.0,0.0,0.0,0.0,0.0,179.8416,5.625463,0.0,0.0,0.0,0.0,0.0
0,435,1,444,0,0,0,0.0,0.0,0.0,0.0,0.037,0.0,0.0,0.0,0.0,0.0,0.0,0.0,212.36021,5.3915224,0.0,0.0,0.0,0.0,0.0,0.0,0.0,212.36021,5.789439,0.0,0.0,0.0,0.0,0.0
0,436,1,446,0,0,0,0.0,0.0,0.0,0.0,0.037,0.0,0.0,0.0,0.0,0.0,0.0,0.0,186.83762,20.501516,0.0,0.0,0.0,0.0,0.0,0.0,0.0,175.37814,20.564352,0.0,0.0,0.0,0.0,0.0
0,437,1,447,0,0,0,0.0,0.0,0.0,0.0,0.037,0.0,0.0,0.0,0.0,0.0,0.0,0.0,174.43811,32.231613,0.0,0.0,0.0,0.0,0.0,0.0,0.0,174.43811,32.236946,0.0,0.0,0.0,0.0,0.0
0,438,1,448,0,0,0,0.0,0.0,0.0,0.0,0.037,0.0,0.0,0.0,0.0,0.0,0.0,0.0,177.56744,36.69048,0.0,0.0,0.0,0.0,0.0,0.0,0.0,175.59789,36.815475,0.0,0.0,0.0,0.0,0.0
0,439,1,449,0,0,0,0.0,0.0,0.0,0.0,0.037,0.0,0.0,0.0,0.0,0.0,0.0,0.0,163.27023,92.64195,0.0,0.0,0.0,0.0,0.0,0.0,0.0,163.27023,92.65294,0.0,0.0,0.0,0.0,0.0
0,440,1,450,0,0,0,0.0,0.0,0.0,0.0,0.037,0.0,0.0,0.0,0.0,0.0,0.0,0.0,188.07242,13.476113,0.0,0.0,0.0,0.0,0.0,0.0,0.0,187.44934,13.497707,0.0,0.0,0.0,0.0,0.0
0,441,1,451,0,0,0,0.0,0.0,0.0,0.0,0.037,0.0,0.0,0.0,0.0,0.0,0.0,0.0,180.35081,11.496375,0.0,0.0,0.0,0.0,0.0,0.0,0.0,178.23463,11.630974,0.0,0.0,0.0,0.0,0.0
0,442,1,451,0,0,0,0.0,0.0,0.0,0.0,0.037,0.0,0.0,0.0,0.0,0.0,0.0,0.0,182.49942,5.4926367,0.0,0.0,0.0,0.0,0.0,0.0,0.0,178.23463,5.839119,0.0,0.0,0.0,0.0,0.0
0,443,1,452,0,0,0,0.0,0.0,0.0,0.0,0.037,0.0,0.0,0.0,0.0,0.0,0.0,0.0,179.8416,5.893446,0.0,0.0,0.0,0.0,0.0,0.0,0.0,179.29802,5.942028,0.0,0.0,0.0,0.0,0.0
0,444,1,453,0,0,0,0.0,0.0,0.0,0.0,0.037,0.0,0.0,0.0,0.0,0.0,0.0,0.0,212.36021,6.3692737,0.0,0.0,0.0,0.0,0.0,0.0,0.0,211.3688,6.437851,0.0,0.0,0.0,0.0,0.0
0,445,1,454,0,0,0,0.0,0.0,0.0,0.0,0.037,0.0,0.0,0.0,0.0,0.0,0.0,0.0,207.42494,6.0428543,0.0,0.0,0.0,0.0,0.0,0.0,0.0,207.29692,6.271138,0.0,0.0,0.0,0.0,0.0
0,446,1,455,0,0,0,0.0,0.0,0.0,0.0,0.037,0.0,0.0,0.0,0.0,0.0,0.0,0.0,175.37814,20.564352,0.0,0.0,0.0,0.0,0.0,0.0,0.0,175.37814,20.588676,0.0,0.0,0.0,0.0,0.0
0,447,1,456,0,0,0,0.0,0.0,0.0,0.0,0.037,0.0,0.0,0.0,0.0,0.0,0.0,0.0,174.43811,32.236946,0.0,0.0,0.0,0.0,0.0,0.0,0.0,174.43811,32.242504,0.0,0.0,0.0,0.0,0.0
0,448,1,457,0,0,0,0.0,0.0,0.0,0.0,0.037,0.0,0.0,0.0,0.0,0.0,0.0,0.0,175.59789,36.815475,0.0,0.0,0.0,0.0,0.0,0.0,0.0,148.32378,36.818317,0.0,0.0,0.0,0.0,0.0
0,449,1,459,0,0,0,0.0,0.0,0.0,0.0,0.037,0.0,0.0,0.0,0.0,0.0,0.0,0.0,163.27023,92.67657,0.0,0.0,0.0,0.0,0.0,0.0,0.0,163.27023,92.681465,0.0,0.0,0.0,0.0,0.0
0,450,1,460,0,0,0,0.0,0.0,0.0,0.0,0.037,0.0,0.0,0.0,0.0,0.0,0.0,0.0,187.44934,14.291075,0.0,0.0,0.0,0.0,0.0,0.0,0.0,187.0942,14.371674,0.0,0.0,0.0,0.0,0.0
0,451,1,462,0,0,0,0.0,0.0,0.0,0.0,0.037,0.0,0.0,0.0,0.0,0.0,0.0,0.0,178.23463,13.035382,0.0,0.0,0.0,0.0,0.0,0.0,0.0,177.69234,13.110966,0.0,0.0,0.0,0.0,0.0
0,452,1,462,0,0,0,0.0,0.0,0.0,0.0,0.037,0.0,0.0,0.0,0.0,0.0,0.0,0.0,179.29802,6.3816442,0.0,0.0,0.0,0.0,0.0,0.0,0.0,177.69234,6.532426,0.0,0.0,0.0,0.0,0.0
0,453,1,463,0,0,0,0.0,0.0,0.0,0.0,0.037,0.0,0.0,0.0,0.0,0.0,0.0,0.0,211.3688,6.7249312,0.0,0.0,0.0,0.0,0.0,0.0,0.0,209.65889,6.935874,0.0,0.0,0.0,0.0,0.0
0,454,1,464,0,0,0,0.0,0.0,0.0,0.0,0.037,0.0,0.0,0.0,0.0,0.0,0.0,0.0,207.29692,6.83849,0.0,0.0,0.0,0.0,0.0,0.0,0.0,205.39124,7.203767,0.0,0.0,0.0,0.0,0.0
0,455,1,465,0,0,0,0.0,0.0,0.0,0.0,0.037,0.0,0.0,0.0,0.0,0.0,0.0,0.0,175.37814,21.052189,0.0,0.0,0.0,0.0,0.0,0.0,0.0,175.37814,21.115116,0.0,0.0,0.0,0.0,0.0
0,456,1,466,0,0,0,0.0,0.0,0.0,0.0,0.037,0.0,0.0,0.0,0.0,0.0,0.0,0.0,174.43811,32.244797,0.0,0.0,0.0,0.0,0.0,0.0,0.0,174.43811,32.389053,0.0,0.0,0.0,0.0,0.0
0,457,1,467,0,0,0,0.0,0.0,0.0,0.0,0.037,0.0,0.0,0.0,0.0,0.0,0.0,0.0,148.32378,36.81907,0.0,0.0,0.0,0.0,0.0,0.0,0.0,148.32378,36.8359,0.0,0.0,0.0,0.0,0.0
0,458,1,468,0,0,0,0.0,0.0,0.0,0.0,0.037,0.0,0.0,0.0,0.0,0.0,0.0,0.0,210.5563,5.793973,0.0,0.0,0.0,0.0,0.0,0.0,0.0,210.5563,5.944417,0.0,0.0,0.0,0.0,0.0
0,459,1,469,0,0,0,0.0,0.0,0.0,0.0,0.037,0.0,0.0,0.0,0.0,0.0,0.0,0.0,163.27023,92.69935,0.0,0.0,0.0,0.0,0.0,0.0,0.0,163.27023,92.71037,0.0,0.0,0.0,0.0,0.0
0,460,1,469,0,0,0,0.0,0.0,0.0,0.0,0.037,0.0,0.0,0.0,0.0,0.0,0.0,0.0,186.94061,14.816465,0.0,0.0,0.0,0.0,0.0,0.0,0.0,170.22636,15.033941,0.0,0.0,0.0,0.0,0.0
0,461,1,470,0,0,0,0.0,0.0,0.0,0.0,0.037,0.0,0.0,0.0,0.0,0.0,0.0,0.0,196.83792,4.67422,0.0,0.0,0.0,0.0,0.0,0.0,0.0,196.83792,5.3919168,0.0,0.0,0.0,0.0,0.0
0,462,1,471,0,0,0,0.0,0.0,0.0,0.0,0.037,0.0,0.0,0.0,0.0,0.0,0.0,0.0,177.69234,14.671656,0.0,0.0,0.0,0.0,0.0,0.0,0.0,177.37035,14.743919,0.0,0.0,0.0,0.0,0.0
0,463,1,472,0,0,0,0.0,0.0,0.0,0.0,0.037,0.0,0.0,0.0,0.0,0.0,0.0,0.0,209.65889,7.1813073,0.0,0.0,0.0,0.0,0.0,0.0,0.0,196.90361,8.530738,0.0,0.0,0.0,0.0,0.0
0,464,1,474,0,0,0,0.0,0.0,0.0,0.0,0.037,0.0,0.0,0.0,0.0,0.0,0.0,0.0,205.39124,7.465123,0.0,0.0,0.0,0.0,0.0,0.0,0.0,204.4477,7.5615034,0.0,0.0,0.0,0.0,0.0
0,465,1,475,0,0,0,0.0,0.0,0.0,0.0,0.037,0.0,0.0,0.0,0.0,0.0,0.0,0.0,175.37814,21.115116,0.0,0.0,0.0,0.0,0.0,0.0,0.0,175.37814,21.247276,0.0,0.0,0.0,0.0,0.0
0,466,1,476,0,0,0,0.0,0.0,0.0,0.0,0.037,0.0,0.0,0.0,0.0,0.0,0.0,0.0,174.43811,32.389053,0.0,0.0,0.0,0.0,0.0,0.0,0.0,174.43811,32.45347,0.0,0.0,0.0,0.0,0.0
0,467,1,477,0,0,0,0.0,0.0,0.0,0.0,0.037,0.0,0.0,0.0,0.0,0.0,0.0,0.0,148.32378,36.85674,0.0,0.0,0.0,0.0,0.0,0.0,0.0,148.32378,36.866894,0.0,0.0,0.0,0.0,0.0
0,468,1,479,0,0,0,0.0,0.0,0.0,0.0,0.037,0.0,0.0,0.0,0.0,0.0,0.0,0.0,210.5563,6.5927553,0.0,0.0,0.0,0.0,0.0,0.0,0.0,208.82559,6.704919,0.0,0.0,0.0,0.0,0.0
0,469,1,480,0,0,0,0.0,0.0,0.0,0.0,0.037,0.0,0.0,0.0,0.0,0.0,0.0,0.0,163.27023,93.95786,0.0,0.0,0.0,0.0,0.0,0.0,0.0,163.27023,93.9684,0.0,0.0,0.0,0.0,0.0
0,470,1,481,0,0,0,0.0,0.0,0.0,0.0,0.037,0.0,0.0,0.0,0.0,0.0,0.0,0.0,196.83792,6.581208,0.0,0.0,0.0,0.0,0.0,0.0,0.0,177.31686,8.226247,0.0,0.0,0.0,0.0,0.0
0,471,1,481,0,0,0,0.0,0.0,0.0,0.0,0.037,0.0,0.0,0.0,0.0,0.0,0.0,0.0,177.37035,14.855871,0.0,0.0,0.0,0.0,0.0,0.0,0.0,177.31686,14.876936,0.0,0.0,0.0,0.0,0.0
0,472,1,482,0,0,0,0.0,0.0,0.0,0.0,0.037,0.0,0.0,0.0,0.0,0.0,0.0,0.0,196.90361,8.88023,0.0,0.0,0.0,0.0,0.0,0.0,0.0,194.88472,8.981943,0.0,0.0,0.0,0.0,0.0
0,473,1,483,0,0,0,0.0,0.0,0.0,0.0,0.037,0.0,0.0,0.0,0.0,0.0,0.0,0.0,203.17273,5.529571,0.0,0.0,0.0,0.0,0.0,0.0,0.0,203.17273,6.0069103,0.0,0.0,0.0,0.0,0.0
0,474,1,483,0,0,0,0.0,0.0,0.0,0.0,0.037,0.0,0.0,0.0,0.0,0.0,0.0,0.0,204.4477,8.340456,0.0,0.0,0.0,0.0,0.0,0.0,0.0,203.17273,8.505453,0.0,0.0,0.0,0.0,0.0
0,475,1,484,0,0,0,0.0,0.0,0.0,0.0,0.037,0.0,0.0,0.0,0.0,0.0,0.0,0.0,175.37814,21.850138,0.0,0.0,0.0,0.0,0.0,0.0,0.0,175.37814,21.874369,0.0,0.0,0.0,0.0,0.0
0,476,1,485,0,0,0,0.0,0.0,0.0,0.0,0.037,0.0,0.0,0.0,0.0,0.0,0.0,0.0,174.43811,32.45347,0.0,0.0,0.0,0.0,0.0,0.0,0.0,172.29668,32.456753,0.0,0.0,0.0,0.0,0.0
0,477,1,486,0,0,0,0.0,0.0,0.0,0.0,0.037,0.0,0.0,0.0,0.0,0.0,0.0,0.0,148.32378,36.894592,0.0,0.0,0.0,0.0,0.0,0.0,0.0,148.32378,36.900894,0.0,0.0,0.0,0.0,0.0
0,478,1,487,0,0,0,0.0,0.0,0.0,0.0,0.037,0.0,0.0,0.0,0.0,0.0,0.0,0.0,207.62102,5.5239244,0.0,0.0,0.0,0.0,0.0,0.0,0.0,206.12741,5.8129277,0.0,0.0,0.0,0.0,0.0
0,479,1,487,0,0,0,0.0,0.0,0.0,0.0,0.037,0.0,0.0,0.0,0.0,0.0,0.0,0.0,208.82559,6.704919,0.0,0.0,0.0,0.0,0.0,0.0,0.0,206.12741,6.959933,0.0,0.0,0.0,0.0,0.0
0,480,1,488,0,0,0,0.0,0.0,0.0,0.0,0.037,0.0,0.0,0.0,0.0,0.0,0.0,0.0,163.27023,94.04706,0.0,0.0,0.0,0.0,0.0,0.0,0.0,163.27023,94.0633,0.0,0.0,0.0,0.0,0.0
0,481,1,489,0,0,0,0.0,0.0,0.0,0.0,0.037,0.0,0.0,0.0,0.0,0.0,0.0,0.0,177.31686,17.02951,0.0,0.0,0.0,0.0,0.0,0.0,0.0,176.64258,17.061758,0.0,0.0,0.0,0.0,0.0
0,482,1,490,0,0,0,0.0,0.0,0.0,0.0,0.037,0.0,0.0,0.0,0.0,0.0,0.0,0.0,194.88472,9.772347,0.0,0.0,0.0,0.0,0.0,0.0,0.0,192.14038,9.88502,0.0,0.0,0.0,0.0,0.0
0,483,1,491,0,0,0,0.0,0.0,0.0,0.0,0.037,0.0,0.0,0.0,0.0,0.0,0.0,0.0,203.17273,10.433996,0.0,0.0,0.0,0.0,0.0,0.0,0.0,202.0586,10.656222,0.0,0.0,0.0,0.0,0.0
0,484,1,492,0,0,0,0.0,0.0,0.0,0.0,0.037,0.0,0.0,0.0,0.0,0.0,0.0,0.0,175.37814,21.903915,0.0,0.0,0.0,0.0,0.0,0.0,0.0,175.37814,21.933882,0.0,0.0,0.0,0.0,0.0
0,485,1,493,0,0,0,0.0,0.0,0.0,0.0,0.037,0.0,0.0,0.0,0.0,0.0,0.0,0.0,172.29668,32.456753,0.0,0.0,0.0,0.0,0.0,0.0,0.0,171.98746,32.464664,0.0,0.0,0.0,0.0,0.0
0,486,1,494,0,0,0,0.0,0.0,0.0,0.0,0.037,0.0,0.0,0.0,0.0,0.0,0.0,0.0,148.32378,36.90946,0.0,0.0,0.0,0.0,0.0,0.0,0.0,148.32378,36.91479,0.0,0.0,0.0,0.0,0.0
0,487,1,496,0,0,0,0.0,0.0,0.0,0.0,0.037,0.0,0.0,0.0,0.0,0.0,0.0,0.0,206.12741,9.087794,0.0,0.0,0.0,0.0,0.0,0.0,0.0,205.84811,9.156886,0.0,0.0,0.0,0.0,0.0
0,488,1,497,0,0,0,0.0,0.0,0.0,0.0,0.037,0.0,0.0,0.0,0.0,0.0,0.0,0.0,163.27023,94.0633,0.0,0.0,0.0,0.0,0.0,0.0,0.0,163.27023,94.06581,0.0,0.0,0.0,0.0,0.0
0,489,1,498,0,0,0,0.0,0.0,0.0,0.0,0.037,0.0,0.0,0.0,0.0,0.0,0.0,0.0,176.64258,17.14241,0.0,0.0,0.0,0.0,0.0,0.0,0.0,171.85254,17.219221,0.0,0.0,0.0,0.0,0.0
0,490,1,500,0,0,0,0.0,0.0,0.0,0.0,0.037,0.0,0.0,0.0,0.0,0.0,0.0,0.0,192.14038,10.055884,0.0,0.0,0.0,0.0,0.0,0.0,0.0,189.54825,10.250952,0.0,0.0,0.0,0.0,0.0
0,491,1,501,0,0,0,0.0,0.0,0.0,0.0,0.037,0.0,0.0,0.0,0.0,0.0,0.0,0.0,202.0586,10.808772,0.0,0.0,0.0,0.0,0.0,0.0,0.0,200.98123,10.904317,0.0,0.0,0.0,0.0,0.0
0,492,1,502,0,0,0,0.0,0.0,0.0,0.0,0.037,0.0,0.0,0.0,0.0,0.0,0.0,0.0,175.37814,21.933882,0.0,0.0,0.0,0.0,0.0,0.0,0.0,175.37814,21.994284,0.0,0.0,0.0,0.0,0.0
0,493,1,504,0,0,0,0.0,0.0,0.0,0.0,0.037,0.0,0.0,0.0,0.0,0.0,0.0,0.0,171.98746,32.464664,0.0,0.0,0.0,0.0,0.0,0.0,0.0,171.10391,32.472908,0.0,0.0,0.0,0.0,0.0
0,494,1,505,0,0,0,0.0,0.0,0.0,0.0,0.037,0.0,0.0,0.0,0.0,0.0,0.0,0.0,148.32378,36.91479,0.0,0.0,0.0,0.0,0.0,0.0,0.0,148.32378,36.92038,0.0,0.0,0.0,0.0,0.0
0,495,1,506,0,0,0,0.0,0.0,0.0,0.0,0.037,0.0,0.0,0.0,0.0,0.0,0.0,0.0,199.54822,5.1229525,0.0,0.0,0.0,0.0,0.0,0.0,0.0,196.2434,5.3409204,0.0,0.0,0.0,0.0,0.0
0,496,1,507,0,0,0,0.0,0.0,0.0,0.0,0.037,0.0,0.0,0.0,0.0,0.0,0.0,0.0,205.84811,9.342892,0.0,0.0,0.0,0.0,0.0,0.0,0.0,201.01363,9.691971,0.0,0.0,0.0,0.0,0.0
0,497,1,509,0,0,0,0.0,0.0,0.0,0.0,0.037,0.0,0.0,0.0,0.0,0.0,0.0,0.0,163.27023,94.071495,0.0,0.0,0.0,0.0,0.0,0.0,0.0,163.27023,94.07496,0.0,0.0,0.0,0.0,0.0
0,498,1,510,0,0,0,0.0,0.0,0.0,0.0,0.037,0.0,0.0,0.0,0.0,0.0,0.0,0.0,171.85254,17.367693,0.0,0.0,0.0,0.0,0.0,0.0,0.0,169.66881,17.430481,0.0,0.0,0.0,0.0,0.0
0,499,1,511,0,0,0,0.0,0.0,0.0,0.0,0.037,0.0,0.0,0.0,0.0,0.0,0.0,0.0,194.52448,6.374403,0.0,0.0,0.0,0.0,0.0,0.0,0.0,194.52448,6.5238247,0.0,0.0,0.0,0.0,0.0
0,500,1,512,0,0,0,0.0,0.0,0.0,0.0,0.037,0.0,0.0,0.0,0.0,0.0,0.0,0.0,189.54825,11.007365,0.0,0.0,0.0,0.0,0.0,0.0,0.0,189.48186,11.021722,0.0,0.0,0.0,0.0,0.0
0,501,1,513,0,0,0,0.0,0.0,0.0,0.0,0.037,0.0,0.0,0.0,0.0,0.0,0.0,0.0,200.98123,11.685513,0.0,0.0,0.0,0.0,0.0,0.0,0.0,200.33525,11.719594,0.0,0.0,0.0,0.0,0.0
0,502,1,514,0,0,0,0.0,0.0,0.0,0.0,0.037,0.0,0.0,0.0,0.0,0.0,0.0,0.0,175.37814,22.250145,0.0,0.0,0.0,0.0,0.0,0.0,0.0,175.37814,22.276184,0.0,0.0,0.0,0.0,0.0
0,503,1,515,0,0,0,0.0,0.0,0.0,0.0,0.037,0.0,0.0,0.0,0.0,0.0,0.0,0.0,189.28423,4.940061,0.0,0.0,0.0,0.0,0.0,0.0,0.0,189.28423,5.6328983,0.0,0.0,0.0,0.0,0.0
0,504,1,516,0,0,0,0.0,0.0,0.0,0.0,0.037,0.0,0.0,0.0,0.0,0.0,0.0,0.0,171.10391,49.28462,0.0,0.0,0.0,0.0,0.0,0.0,0.0,170.75134,49.289013,0.0,0.0,0.0,0.0,0.0
0,505,1,517,0,0,0,0.0,0.0,0.0,0.0,0.037,0.0,0.0,0.0,0.0,0.0,0.0,0.0,148.32378,36.92038,0.0,0.0,0.0,0.0,0.0,0.0,0.0,148.32378,36.924946,0.0,0.0,0.0,0.0,0.0
0,506,1,518,0,0,0,0.0,0.0,0.0,0.0,0.037,0.0,0.0,0.0,0.0,0.0,0.0,0.0,196.2434,5.8847675,0.0,0.0,0.0,0.0,0.0,0.0,0.0,195.00702,5.9916434,0.0,0.0,0.0,0.0,0.0
0,507,1,519,0,0,0,0.0,0.0,0.0,0.0,0.037,0.0,0.0,0.0,0.0,0.0,0.0,0.0,201.01363,10.167352,0.0,0.0,0.0,0.0,0.0,0.0,0.0,199.11502,10.275261,0.0,0.0,0.0,0.0,0.0
0,508,1,520,0,0,0,0.0,0.0,0.0,0.0,0.037,0.0,0.0,0.0,0.0,0.0,0.0,0.0,201.01086,5.205968,0.0,0.0,0.0,0.0,0.0,0.0,0.0,199.01003,5.336937,0.0,0.0,0.0,0.0,0.0
0,509,1,521,0,0,0,0.0,0.0,0.0,0.0,0.037,0.0,0.0,0.0,0.0,0.0,0.0,0.0,163.27023,94.07496,0.0,0.0,0.0,0.0,0.0,0.0,0.0,163.27023,94.07616,0.0,0.0,0.0,0.0,0.0
0,510,1,522,0,0,0,0.0,0.0,0.0,0.0,0.037,0.0,0.0,0.0,0.0,0.0,0.0,0.0,169.66881,17.577192,0.0,0.0,0.0,0.0,0.0,0.0,0.0,169.09773,17.615192,0.0,0.0,0.0,0.0,0.0
0,511,1,523,0,0,0,0.0,0.0,0.0,0.0,0.037,0.0,0.0,0.0,0.0,0.0,0.0,0.0,194.52448,6.893906,0.0,0.0,0.0,0.0,0.0,0.0,0.0,191.5582,7.123005,0.0,0.0,0.0,0.0,0.0
0,512,1,524,0,0,0,0.0,0.0,0.0,0.0,0.037,0.0,0.0,0.0,0.0,0.0,0.0,0.0,189.48186,11.021722,0.0,0.0,0.0,0.0,0.0,0.0,0.0,188.85815,11.0756035,0.0,0.0,0.0,0.0,0.0
0,513,1,525,0,0,0,0.0,0.0,0.0,0.0,0.037,0.0,0.0,0.0,0.0,0.0,0.0,0.0,200.33525,11.784123,0.0,0.0,0.0,0.0,0.0,0.0,0.0,200.2247,11.793539,0.0,0.0,0.0,0.0,0.0
0,514,1,526,0,0,0,0.0,0.0,0.0,0.0,0.037,0.0,0.0,0.0,0.0,0.0,0.0,0.0,175.37814,22.276184,0.0,0.0,0.0,0.0,0.0,0.0,0.0,175.37814,22.330145,0.0,0.0,0.0,0.0,0.0
0,515,1,527,0,0,0,0.0,0.0,0.0,0.0,0.037,0.0,0.0,0.0,0.0,0.0,0.0,0.0,189.28423,6.0665445,0.0,0.0,0.0,0.0,0.0,0.0,0.0,184.70186,6.385206,0.0,0.0,0.0,0.0,0.0
0,516,1,528,0,0,0,0.0,0.0,0.0,0.0,0.037,0.0,0.0,0.0,0.0,0.0,0.0,0.0,170.58324,49.28993,0.0,0.0,0.0,0.0,0.0,0.0,0.0,168.67699,49.297638,0.0,0.0,0.0,0.0,0.0
0,517,1,529,0,0,0,0.0,0.0,0.0,0.0,0.037,0.0,0.0,0.0,0.0,0.0,0.0,0.0,148.32378,36.926598,0.0,0.0,0.0,0.0,0.0,0.0,0.0,148.32378,36.93573,0.0,0.0,0.0,0.0,0.0
0,518,1,530,0,0,0,0.0,0.0,0.0,0.0,0.037,0.0,0.0,0.0,0.0,0.0,0.0,0.0,194.96432,6.003245,0.0,0.0,0.0,0.0,0.0,0.0,0.0,194.86089,6.024732,0.0,0.0,0.0,0.0,0.0
0,519,1,531,0,0,0,0.0,0.0,0.0,0.0,0.037,0.0,0.0,0.0,0.0,0.0,0.0,0.0,199.11502,10.945376,0.0,0.0,0.0,0.0,0.0,0.0,0.0,192.21037,11.286816,0.0,0.0,0.0,0.0,0.0
0,520,1,532,0,0,0,0.0,0.0,0.0,0.0,0.037,0.0,0.0,0.0,0.0,0.0,0.0,0.0,199.01003,5.5966377,0.0,0.0,0.0,0.0,0.0,0.0,0.0,196.49118,5.7885814,0.0,0.0,0.0,0.0,0.0
0,521,1,533,0,0,0,0.0,0.0,0.0,0.0,0.037,0.0,0.0,0.0,0.0,0.0,0.0,0.0,163.27023,94.08227,0.0,0.0,0.0,0.0,0.0,0.0,0.0,163.27023,94.08611,0.0,0.0,0.0,0.0,0.0
0,522,1,534,0,0,0,0.0,0.0,0.0,0.0,0.037,0.0,0.0,0.0,0.0,0.0,0.0,0.0,169.09773,17.81879,0.0,0.0,0.0,0.0,0.0,0.0,0.0,169.09773,17.82925,0.0,0.0,0.0,0.0,0.0
0,523,1,535,0,0,0,0.0,0.0,0.0,0.0,0.037,0.0,0.0,0.0,0.0,0.0,0.0,0.0,191.5582,8.453226,0.0,0.0,0.0,0.0,0.0,0.0,0.0,189.12244,8.67689,0.0,0.0,0.0,0.0,0.0
0,524,1,536,0,0,0,0.0,0.0,0.0,0.0,0.037,0.0,0.0,0.0,0.0,0.0,0.0,0.0,188.85815,11.0756035,0.0,0.0,0.0,0.0,0.0,0.0,0.0,188.78824,11.095485,0.0,0.0,0.0,0.0,0.0
0,525,1,538,0,0,0,0.0,0.0,0.0,0.0,0.037,0.0,0.0,0.0,0.0,0.0,0.0,0.0,200.2247,11.940792,0.0,0.0,0.0,0.0,0.0,0.0,0.0,198.98595,12.033351,0.0,0.0,0.0,0.0,0.0
0,526,1,539,0,0,0,0.0,0.0,0.0,0.0,0.037,0.0,0.0,0.0,0.0,0.0,0.0,0.0,175.37814,22.590593,0.0,0.0,0.0,0.0,0.0,0.0,0.0,175.37814,22.61781,0.0,0.0,0.0,0.0,0.0
0,527,1,540,0,0,0,0.0,0.0,0.0,0.0,0.037,0.0,0.0,0.0,0.0,0.0,0.0,0.0,184.70186,6.7172084,0.0,0.0,0.0,0.0,0.0,0.0,0.0,179.487,7.3788915,0.0,0.0,0.0,0.0,0.0
0,528,1,541,0,0,0,0.0,0.0,0.0,0.0,0.037,0.0,0.0,0.0,0.0,0.0,0.0,0.0,168.50897,49.317722,0.0,0.0,0.0,0.0,0.0,0.0,0.0,168.09534,49.319717,0.0,0.0,0.0,0.0,0.0
0,529,1,542,0,0,0,0.0,0.0,0.0,0.0,0.037,0.0,0.0,0.0,0.0,0.0,0.0,0.0,148.32378,36.938248,0.0,0.0,0.0,0.0,0.0,0.0,0.0,148.32378,36.948357,0.0,0.0,0.0,0.0,0.0
0,530,1,543,0,0,0,0.0,0.0,0.0,0.0,0.037,0.0,0.0,0.0,0.0,0.0,0.0,0.0,194.86089,6.215501,0.0,0.0,0.0,0.0,0.0,0.0,0.0,191.47997,6.4612103,0.0,0.0,0.0,0.0,0.0
0,531,1,545,0,0,0,0.0,0.0,0.0,0.0,0.037,0.0,0.0,0.0,0.0,0.0,0.0,0.0,192.21037,11.47718,0.0,0.0,0.0,0.0,0.0,0.0,0.0,191.24937,11.499924,0.0,0.0,0.0,0.0,0.0
0,532,1,545,0,0,0,0.0,0.0,0.0,0.0,0.037,0.0,0.0,0.0,0.0,0.0,0.0,0.0,196.49118,6.752787,0.0,0.0,0.0,0.0,0.0,0.0,0.0,191.24937,7.0492053,0.0,0.0,0.0,0.0,0.0
0,533,1,546,0,0,0,0.0,0.0,0.0,0.0,0.037,0.0,0.0,0.0,0.0,0.0,0.0,0.0,163.27023,94.09102,0.0,0.0,0.0,0.0,0.0,0.0,0.0,163.27023,94.12031,0.0,0.0,0.0,0.0,0.0
0,534,1,547,0,0,0,0.0,0.0,0.0,0.0,0.037,0.0,0.0,0.0,0.0,0.0,0.0,0.0,169.09773,18.020115,0.0,0.0,0.0,0.0,0.0,0.0,0.0,168.57924,18.063017,0.0,0.0,0.0,0.0,0.0
0,535,1,548,0,0,0,0.0,0.0,0.0,0.0,0.037,0.0,0.0,0.0,0.0,0.0,0.0,0.0,189.12244,8.9023,0.0,0.0,0.0,0.0,0.0,0.0,0.0,187.34372,9.087559,0.0,0.0,0.0,0.0,0.0
0,536,1,549,0,0,0,0.0,0.0,0.0,0.0,0.037,0.0,0.0,0.0,0.0,0.0,0.0,0.0,188.78824,11.095485,0.0,0.0,0.0,0.0,0.0,0.0,0.0,188.51259,11.1189995,0.0,0.0,0.0,0.0,0.0
0,537,1,550,0,0,0,0.0,0.0,0.0,0.0,0.037,0.0,0.0,0.0,0.0,0.0,0.0,0.0,189.02565,5.44687,0.0,0.0,0.0,0.0,0.0,0.0,0.0,188.89035,5.5010233,0.0,0.0,0.0,0.0,0.0
0,538,1,551,0,0,0,0.0,0.0,0.0,0.0,0.037,0.0,0.0,0.0,0.0,0.0,0.0,0.0,198.98595,12.782402,0.0,0.0,0.0,0.0,0.0,0.0,0.0,196.96257,12.899698,0.0,0.0,0.0,0.0,0.0
0,539,1,552,0,0,0,0.0,0.0,0.0,0.0,0.037,0.0,0.0,0.0,0.0,0.0,0.0,0.0,175.37814,22.61781,0.0,0.0,0.0,0.0,0.0,0.0,0.0,175.37814,22.689243,0.0,0.0,0.0,0.0,0.0
0,540,1,552,0,0,0,0.0,0.0,0.0,0.0,0.037,0.0,0.0,0.0,0.0,0.0,0.0,0.0,179.487,8.874121,0.0,0.0,0.0,0.0,0.0,0.0,0.0,177.611,9.105136,0.0,0.0,0.0,0.0,0.0
0,541,1,553,0,0,0,0.0,0.0,0.0,0.0,0.037,0.0,0.0,0.0,0.0,0.0,0.0,0.0,168.05173,49.323784,0.0,0.0,0.0,0.0,0.0,0.0,0.0,148.32378,49.326225,0.0,0.0,0.0,0.0,0.0
0,542,1,553,0,0,0,0.0,0.0,0.0,0.0,0.037,0.0,0.0,0.0,0.0,0.0,0.0,0.0,148.32378,49.327038,0.0,0.0,0.0,0.0,0.0,0.0,0.0,148.32378,49.330452,0.0,0.0,0.0,0.0,0.0
0,543,1,554,0,0,0,0.0,0.0,0.0,0.0,0.037,0.0,0.0,0.0,0.0,0.0,0.0,0.0,191.47997,6.744252,0.0,0.0,0.0,0.0,0.0,0.0,0.0,177.58374,7.2075195,0.0,0.0,0.0,0.0,0.0
0,544,1,554,0,0,0,0.0,0.0,0.0,0.0,0.037,0.0,0.0,0.0,0.0,0.0,0.0,0.0,174.9144,5.3181744,0.0,0.0,0.0,0.0,0.0,0.0,0.0,174.9144,5.9147267,0.0,0.0,0.0,0.0,0.0
0,545,1,556,0,0,0,0.0,0.0,0.0,0.0,0.037,0.0,0.0,0.0,0.0,0.0,0.0,0.0,191.24937,13.513855,0.0,0.0,0.0,0.0,0.0,0.0,0.0,186.03247,13.742435,0.0,0.0,0.0,0.0,0.0
0,546,1,557,0,0,0,0.0,0.0,0.0,0.0,0.037,0.0,0.0,0.0,0.0,0.0,0.0,0.0,163.27023,94.12031,0.0,0.0,0.0,0.0,0.0,0.0,0.0,163.27023,94.127174,0.0,0.0,0.0,0.0,0.0
0,547,1,558,0,0,0,0.0,0.0,0.0,0.0,0.037,0.0,0.0,0.0,0.0,0.0,0.0,0.0,168.57924,18.430593,0.0,0.0,0.0,0.0,0.0,0.0,0.0,167.811,18.473722,0.0,0.0,0.0,0.0,0.0
0,548,1,559,0,0,0,0.0,0.0,0.0,0.0,0.037,0.0,0.0,0.0,0.0,0.0,0.0,0.0,187.34372,9.087559,0.0,0.0,0.0,0.0,0.0,0.0,0.0,186.16644,9.183974,0.0,0.0,0.0,0.0,0.0
0,549,1,560,0,0,0,0.0,0.0,0.0,0.0,0.037,0.0,0.0,0.0,0.0,0.0,0.0,0.0,188.51259,11.394992,0.0,0.0,0.0,0.0,0.0,0.0,0.0,184.60345,11.720878,0.0,0.0,0.0,0.0,0.0
0,550,1,561,0,0,0,0.0,0.0,0.0,0.0,0.037,0.0,0.0,0.0,0.0,0.0,0.0,0.0,188.89035,6.0162406,0.0,0.0,0.0,0.0,0.0,0.0,0.0,187.212,6.2397957,0.0,0.0,0.0,0.0,0.0
0,551,1,562,0,0,0,0.0,0.0,0.0,0.0,0.037,0.0,0.0,0.0,0.0,0.0,0.0,0.0,196.96257,13.315584,0.0,0.0,0.0,0.0,0.0,0.0,0.0,194.38306,13.425878,0.0,0.0,0.0,0.0,0.0
0,552,1,563,0,0,0,0.0,0.0,0.0,0.0,0.037,0.0,0.0,0.0,0.0,0.0,0.0,0.0,175.37814,24.481163,0.0,0.0,0.0,0.0,0.0,0.0,0.0,175.37814,24.505657,0.0,0.0,0.0,0.0,0.0
0,553,1,564,0,0,0,0.0,0.0,0.0,0.0,0.037,0.0,0.0,0.0,0.0,0.0,0.0,0.0,148.32378,49.3404,0.0,0.0,0.0,0.0,0.0,0.0,0.0,148.32378,49.35203,0.0,0.0,0.0,0.0,0.0
0,554,1,565,0,0,0,0.0,0.0,0.0,0.0,0.037,0.0,0.0,0.0,0.0,0.0,0.0,0.0,174.9144,10.027203,0.0,0.0,0.0,0.0,0.0,0.0,0.0,174.9144,10.102896,0.0,0.0,0.0,0.0,0.0
0,555,1,566,0,0,0,0.0,0.0,0.0,0.0,0.037,0.0,0.0,0.0,0.0,0.0,0.0,0.0,198.93617,5.478545,0.0,0.0,0.0,0.0,0.0,0.0,0.0,193.09174,5.6932836,0.0,0.0,0.0,0.0,0.0
0,556,1,567,0,0,0,0.0,0.0,0.0,0.0,0.037,0.0,0.0,0.0,0.0,0.0,0.0,0.0,186.03247,14.029563,0.0,0.0,0.0,0.0,0.0,0.0,0.0,182.6553,14.116011,0.0,0.0,0.0,0.0,0.0
0,557,1,568,0,0,0,0.0,0.0,0.0,0.0,0.037,0.0,0.0,0.0,0.0,0.0,0.0,0.0,163.27023,94.259766,0.0,0.0,0.0,0.0,0.0,0.0,0.0,163.27023,94.26196,0.0,0.0,0.0,0.0,0.0
0,558,1,569,0,0,0,0.0,0.0,0.0,0.0,0.037,0.0,0.0,0.0,0.0,0.0,0.0,0.0,167.811,18.719515,0.0,0.0,0.0,0.0,0.0,0.0,0.0,167.056,18.748161,0.0,0.0,0.0,0.0,0.0
0,559,1,570,0,0,0,0.0,0.0,0.0,0.0,0.037,0.0,0.0,0.0,0.0,0.0,0.0,0.0,186.16644,9.285785,0.0,0.0,0.0,0.0,0.0,0.0,0.0,183.8049,9.4906845,0.0,0.0,0.0,0.0,0.0
0,560,1,570,0,0,0,0.0,0.0,0.0,0.0,0.037,0.0,0.0,0.0,0.0,0.0,0.0,0.0,184.60345,12.069727,0.0,0.0,0.0,0.0,0.0,0.0,0.0,183.8049,12.096523,0.0,0.0,0.0,0.0,0.0
0,561,1,571,0,0,0,0.0,0.0,0.0,0.0,0.037,0.0,0.0,0.0,0.0,0.0,0.0,0.0,187.212,6.7993813,0.0,0.0,0.0,0.0,0.0,0.0,0.0,186.60608,6.837242,0.0,0.0,0.0,0.0,0.0
0,562,1,572,0,0,0,0.0,0.0,0.0,0.0,0.037,0.0,0.0,0.0,0.0,0.0,0.0,0.0,194.38306,13.530088,0.0,0.0,0.0,0.0,0.0,0.0,0.0,193.84572,13.545933,0.0,0.0,0.0,0.0,0.0
0,563,1,575,0,0,0,0.0,0.0,0.0,0.0,0.037,0.0,0.0,0.0,0.0,0.0,0.0,0.0,175.37814,24.725548,0.0,0.0,0.0,0.0,0.0,0.0,0.0,175.37814,24.75944,0.0,0.0,0.0,0.0,0.0
0,564,1,576,0,0,0,0.0,0.0,0.0,0.0,0.037,0.0,0.0,0.0,0.0,0.0,0.0,0.0,148.32378,49.35203,0.0,0.0,0.0,0.0,0.0,0.0,0.0,148.32378,49.361443,0.0,0.0,0.0,0.0,0.0
0,565,1,577,0,0,0,0.0,0.0,0.0,0.0,0.037,0.0,0.0,0.0,0.0,0.0,0.0,0.0,174.9144,10.692605,0.0,0.0,0.0,0.0,0.0,0.0,0.0,174.42671,10.76939,0.0,0.0,0.0,0.0,0.0
0,566,1,578,0,0,0,0.0,0.0,0.0,0.0,0.037,0.0,0.0,0.0,0.0,0.0,0.0,0.0,193.09174,5.6932836,0.0,0.0,0.0,0.0,0.0,0.0,0.0,187.682,6.01447,0.0,0.0,0.0,0.0,0.0
0,567,1,579,0,0,0,0.0,0.0,0.0,0.0,0.037,0.0,0.0,0.0,0.0,0.0,0.0,0.0,182.6553,14.116011,0.0,0.0,0.0,0.0,0.0,0.0,0.0,180.29752,14.179582,0.0,0.0,0.0,0.0,0.0
0,568,1,580,0,0,0,0.0,0.0,0.0,0.0,0.037,0.0,0.0,0.0,0.0,0.0,0.0,0.0,163.27023,94.289856,0.0,0.0,0.0,0.0,0.0,0.0,0.0,163.27023,94.29524,0.0,0.0,0.0,0.0,0.0
0,569,1,581,0,0,0,0.0,0.0,0.0,0.0,0.037,0.0,0.0,0.0,0.0,0.0,0.0,0.0,167.056,18.926186,0.0,0.0,0.0,0.0,0.0,0.0,0.0,164.0855,19.048595,0.0,0.0,0.0,0.0,0.0
0,570,1,582,0,0,0,0.0,0.0,0.0,0.0,0.037,0.0,0.0,0.0,0.0,0.0,0.0,0.0,183.8049,15.408012,0.0,0.0,0.0,0.0,0.0,0.0,0.0,181.05737,15.560235,0.0,0.0,0.0,0.0,0.0
0,571,1,583,0,0,0,0.0,0.0,0.0,0.0,0.037,0.0,0.0,0.0,0.0,0.0,0.0,0.0,186.60608,7.506118,0.0,0.0,0.0,0.0,0.0,0.0,0.0,186.41655,7.6407633,0.0,0.0,0.0,0.0,0.0
0,572,1,584,0,0,0,0.0,0.0,0.0,0.0,0.037,0.0,0.0,0.0,0.0,0.0,0.0,0.0,193.84572,14.039126,0.0,0.0,0.0,0.0,0.0,0.0,0.0,192.65869,14.118959,0.0,0.0,0.0,0.0,0.0
0,573,1,585,0,0,0,0.0,0.0,0.0,0.0,0.037,0.0,0.0,0.0,0.0,0.0,0.0,0.0,207.61469,5.2457056,0.0,0.0,0.0,0.0,0.0,0.0,0.0,204.33687,5.548011,0.0,0.0,0.0,0.0,0.0
0,574,1,586,0,0,0,0.0,0.0,0.0,0.0,0.037,0.0,0.0,0.0,0.0,0.0,0.0,0.0,224.4852,5.6615415,0.0,0.0,0.0,0.0,0.0,0.0,0.0,224.4852,5.6936574,0.0,0.0,0.0,0.0,0.0
0,575,1,587,0,0,0,0.0,0.0,0.0,0.0,0.037,0.0,0.0,0.0,0.0,0.0,0.0,0.0,175.37814,24.75944,0.0,0.0,0.0,0.0,0.0,0.0,0.0,174.52968,24.836605,0.0,0.0,0.0,0.0,0.0
0,576,1,588,0,0,0,0.0,0.0,0.0,0.0,0.037,0.0,0.0,0.0,0.0,0.0,0.0,0.0,148.32378,49.39587,0.0,0.0,0.0,0.0,0.0,0.0,0.0,148.32378,49.40346,0.0,0.0,0.0,0.0,0.0
0,577,1,589,0,0,0,0.0,0.0,0.0,0.0,0.037,0.0,0.0,0.0,0.0,0.0,0.0,0.0,174.42671,11.362218,0.0,0.0,0.0,0.0,0.0,0.0,0.0,174.35063,11.430555,0.0,0.0,0.0,0.0,0.0
0,578,1,590,0,0,0,0.0,0.0,0.0,0.0,0.037,0.0,0.0,0.0,0.0,0.0,0.0,0.0,187.682,6.400989,0.0,0.0,0.0,0.0,0.0,0.0,0.0,171.48578,6.7544713,0.0,0.0,0.0,0.0,0.0
0,579,1,591,0,0,0,0.0,0.0,0.0,0.0,0.037,0.0,0.0,0.0,0.0,0.0,0.0,0.0,180.29752,14.255114,0.0,0.0,0.0,0.0,0.0,0.0,0.0,179.16048,14.289467,0.0,0.0,0.0,0.0,0.0
0,580,1,592,0,0,0,0.0,0.0,0.0,0.0,0.037,0.0,0.0,0.0,0.0,0.0,0.0,0.0,163.27023,94.43245,0.0,0.0,0.0,0.0,0.0,0.0,0.0,163.27023,94.46041,0.0,0.0,0.0,0.0,0.0
0,581,1,592,0,0,0,0.0,0.0,0.0,0.0,0.037,0.0,0.0,0.0,0.0,0.0,0.0,0.0,164.0855,19.11852,0.0,0.0,0.0,0.0,0.0,0.0,0.0,163.94247,19.142927,0.0,0.0,0.0,0.0,0.0
0,582,1,593,0,0,0,0.0,0.0,0.0,0.0,0.037,0.0,0.0,0.0,0.0,0.0,0.0,0.0,181.05737,15.638233,0.0,0.0,0.0,0.0,0.0,0.0,0.0,170.53276,15.812329,0.0,0.0,0.0,0.0,0.0
0,583,1,597,0,0,0,0.0,0.0,0.0,0.0,0.037,0.0,0.0,0.0,0.0,0.0,0.0,0.0,186.41655,7.6407633,0.0,0.0,0.0,0.0,0.0,0.0,0.0,185.98766,7.6997256,0.0,0.0,0.0,0.0,0.0
0,584,1,598,0,0,0,0.0,0.0,0.0,0.0,0.037,0.0,0.0,0.0,0.0,0.0,0.0,0.0,192.65869,14.209114,0.0,0.0,0.0,0.0,0.0,0.0,0.0,188.84781,14.378616,0.0,0.0,0.0,0.0,0.0
0,585,1,599,0,0,0,0.0,0.0,0.0,0.0,0.037,0.0,0.0,0.0,0.0,0.0,0.0,0.0,204.33687,6.4264717,0.0,0.0,0.0,0.0,0.0,0.0,0.0,199.8455,6.7970796,0.0,0.0,0.0,0.0,0.0
0,586,1,600,0,0,0,0.0,0.0,0.0,0.0,0.037,0.0,0.0,0.0,0.0,0.0,0.0,0.0,224.4852,5.935693,0.0,0.0,0.0,0.0,0.0,0.0,0.0,224.4852,5.9844112,0.0,0.0,0.0,0.0,0.0
0,587,1,601,0,0,0,0.0,0.0,0.0,0.0,0.037,0.0,0.0,0.0,0.0,0.0,0.0,0.0,174.52968,24.836605,0.0,0.0,0.0,0.0,0.0,0.0,0.0,173.86575,24.848682,0.0,0.0,0.0,0.0,0.0
0,588,1,602,0,0,0,0.0,0.0,0.0,0.0,0.037,0.0,0.0,0.0,0.0,0.0,0.0,0.0,148.32378,49.49135,0.0,0.0,0.0,0.0,0.0,0.0,0.0,148.32378,49.506832,0.0,0.0,0.0,0.0,0.0
0,589,1,603,0,0,0,0.0,0.0,0.0,0.0,0.037,0.0,0.0,0.0,0.0,0.0,0.0,0.0,174.35063,11.990953,0.0,0.0,0.0,0.0,0.0,0.0,0.0,172.09225,12.126157,0.0,0.0,0.0,0.0,0.0
0,590,1,604,0,0,0,0.0,0.0,0.0,0.0,0.037,0.0,0.0,0.0,0.0,0.0,0.0,0.0,171.48578,7.0013065,0.0,0.0,0.0,0.0,0.0,0.0,0.0,161.78386,7.2975073,0.0,0.0,0.0,0.0,0.0
0,591,1,604,0,0,0,0.0,0.0,0.0,0.0,0.037,0.0,0.0,0.0,0.0,0.0,0.0,0.0,179.16048,14.378016,0.0,0.0,0.0,0.0,0.0,0.0,0.0,161.78386,14.609315,0.0,0.0,0.0,0.0,0.0
0,592,1,605,0,0,0,0.0,0.0,0.0,0.0,0.037,0.0,0.0,0.0,0.0,0.0,0.0,0.0,163.27023,96.433,0.0,0.0,0.0,0.0,0.0,0.0,0.0,163.27023,96.45163,0.0,0.0,0.0,0.0,0.0
0,593,1,606,0,0,0,0.0,0.0,0.0,0.0,0.037,0.0,0.0,0.0,0.0,0.0,0.0,0.0,170.53276,15.923949,0.0,0.0,0.0,0.0,0.0,0.0,0.0,165.79893,16.161594,0.0,0.0,0.0,0.0,0.0
0,594,1,608,0,0,0,0.0,0.0,0.0,0.0,0.037,0.0,0.0,0.0,0.0,0.0,0.0,0.0,200.15369,5.0656514,0.0,0.0,0.0,0.0,0.0,0.0,0.0,199.04636,5.4536357,0.0,0.0,0.0,0.0,0.0
0,595,1,608,0,0,0,0.0,0.0,0.0,0.0,0.037,0.0,0.0,0.0,0.0,0.0,0.0,0.0,199.04636,5.8741436,0.0,0.0,0.0,0.0,0.0,0.0,0.0,199.04636,6.040151,0.0,0.0,0.0,0.0,0.0
0,596,1,609,0,0,0,0.0,0.0,0.0,0.0,0.037,0.0,0.0,0.0,0.0,0.0,0.0,0.0,208.00818,5.4782863,0.0,0.0,0.0,0.0,0.0,0.0,0.0,208.00818,5.589662,0.0,0.0,0.0,0.0,0.0
0,597,1,610,0,0,0,0.0,0.0,0.0,0.0,0.037,0.0,0.0,0.0,0.0,0.0,0.0,0.0,185.98766,8.653429,0.0,0.0,0.0,0.0,0.0,0.0,0.0,184.94235,8.788239,0.0,0.0,0.0,0.0,0.0
0,598,1,611,0,0,0,0.0,0.0,0.0,0.0,0.037,0.0,0.0,0.0,0.0,0.0,0.0,0.0,188.84781,14.5220585,0.0,0.0,0.0,0.0,0.0,0.0,0.0,185.7958,14.695229,0.0,0.0,0.0,0.0,0.0
0,599,1,612,0,0,0,0.0,0.0,0.0,0.0,0.037,0.0,0.0,0.0,0.0,0.0,0.0,0.0,199.74442,8.471091,0.0,0.0,0.0,0.0,0.0,0.0,0.0,197.71683,8.596449,0.0,0.0,0.0,0.0,0.0
0,600,1,614,0,0,0,0.0,0.0,0.0,0.0,0.037,0.0,0.0,0.0,0.0,0.0,0.0,0.0,224.4852,5.9844112,0.0,0.0,0.0,0.0,0.0,0.0,0.0,224.4852,6.0249677,0.0,0.0,0.0,0.0,0.0
0,601,1,615,0,0,0,0.0,0.0,0.0,0.0,0.037,0.0,0.0,0.0,0.0,0.0,0.0,0.0,173.86575,24.86811,0.0,0.0,0.0,0.0,0.0,0.0,0.0,173.74405,24.87625,0.0,0.0,0.0,0.0,0.0
0,602,1,616,0,0,0,0.0,0.0,0.0,0.0,0.037,0.0,0.0,0.0,0.0,0.0,0.0,0.0,148.32378,49.506832,0.0,0.0,0.0,0.0,0.0,0.0,0.0,148.32378,49.53676,0.0,0.0,0.0,0.0,0.0
0,603,1,616,0,0,0,0.0,0.0,0.0,0.0,0.037,0.0,0.0,0.0,0.0,0.0,0.0,0.0,172.09225,12.937104,0.0,0.0,0.0,0.0,0.0,0.0,0.0,163.6261,13.150232,0.0,0.0,0.0,0.0,0.0
0,604,1,617,0,0,0,0.0,0.0,0.0,0.0,0.037,0.0,0.0,0.0,0.0,0.0,0.0,0.0,161.78386,16.356714,0.0,0.0,0.0,0.0,0.0,0.0,0.0,155.71913,16.501383,0.0,0.0,0.0,0.0,0.0
0,605,1,618,0,0,0,0.0,0.0,0.0,0.0,0.037,0.0,0.0,0.0,0.0,0.0,0.0,0.0,163.27023,96.47388,0.0,0.0,0.0,0.0,0.0,0.0,0.0,162.2431,96.50364,0.0,0.0,0.0,0.0,0.0
0,606,1,619,0,0,0,0.0,0.0,0.0,0.0,0.037,0.0,0.0,0.0,0.0,0.0,0.0,0.0,165.79893,16.37429,0.0,0.0,0.0,0.0,0.0,0.0,0.0,164.00969,16.524988,0.0,0.0,0.0,0.0,0.0
0,607,1,619,0,0,0,0.0,0.0,0.0,0.0,0.037,0.0,0.0,0.0,0.0,0.0,0.0,0.0,166.91885,6.4094205,0.0,0.0,0.0,0.0,0.0,0.0,0.0,164.00969,6.5081177,0.0,0.0,0.0,0.0,0.0
0,608,1,620,0,0,0,0.0,0.0,0.0,0.0,0.037,0.0,0.0,0.0,0.0,0.0,0.0,0.0,199.04636,8.155846,0.0,0.0,0.0,0.0,0.0,0.0,0.0,195.71188,8.435577,0.0,0.0,0.0,0.0,0.0
0,609,1,621,0,0,0,0.0,0.0,0.0,0.0,0.037,0.0,0.0,0.0,0.0,0.0,0.0,0.0,208.00818,5.8209805,0.0,0.0,0.0,0.0,0.0,0.0,0.0,207.54895,5.935334,0.0,0.0,0.0,0.0,0.0
0,610,1,622,0,0,0,0.0,0.0,0.0,0.0,0.037,0.0,0.0,0.0,0.0,0.0,0.0,0.0,184.94235,8.884809,0.0,0.0,0.0,0.0,0.0,0.0,0.0,183.19432,9.188093,0.0,0.0,0.0,0.0,0.0
0,611,1,623,0,0,0,0.0,0.0,0.0,0.0,0.037,0.0,0.0,0.0,0.0,0.0,0.0,0.0,185.7958,14.695229,0.0,0.0,0.0,0.0,0.0,0.0,0.0,185.33157,14.714227,0.0,0.0,0.0,0.0,0.0
0,612,1,624,0,0,0,0.0,0.0,0.0,0.0,0.037,0.0,0.0,0.0,0.0,0.0,0.0,0.0,197.71683,9.166391,0.0,0.0,0.0,0.0,0.0,0.0,0.0,194.74083,9.338382,0.0,0.0,0.0,0.0,0.0
0,613,1,625,0,0,0,0.0,0.0,0.0,0.0,0.037,0.0,0.0,0.0,0.0,0.0,0.0,0.0,224.45058,6.390212,0.0,0.0,0.0,0.0,0.0,0.0,0.0,224.45058,6.4693446,0.0,0.0,0.0,0.0,0.0
0,614,1,626,0,0,0,0.0,0.0,0.0,0.0,0.037,0.0,0.0,0.0,0.0,0.0,0.0,0.0,224.47487,6.0332117,0.0,0.0,0.0,0.0,0.0,0.0,0.0,224.47487,6.1412373,0.0,0.0,0.0,0.0,0.0
0,615,1,627,0,0,0,0.0,0.0,0.0,0.0,0.037,0.0,0.0,0.0,0.0,0.0,0.0,0.0,173.74405,24.880957,0.0,0.0,0.0,0.0,0.0,0.0,0.0,172.48027,24.910198,0.0,0.0,0.0,0.0,0.0
0,616,1,628,0,0,0,0.0,0.0,0.0,0.0,0.037,0.0,0.0,0.0,0.0,0.0,0.0,0.0,148.32378,51.293335,0.0,0.0,0.0,0.0,0.0,0.0,0.0,148.32378,51.35434,0.0,0.0,0.0,0.0,0.0
0,617,1,628,0,0,0,0.0,0.0,0.0,0.0,0.037,0.0,0.0,0.0,0.0,0.0,0.0,0.0,155.68195,16.503082,0.0,0.0,0.0,0.0,0.0,0.0,0.0,155.68195,16.516762,0.0,0.0,0.0,0.0,0.0
0,618,1,629,0,0,0,0.0,0.0,0.0,0.0,0.037,0.0,0.0,0.0,0.0,0.0,0.0,0.0,162.14133,96.50387,0.0,0.0,0.0,0.0,0.0,0.0,0.0,158.91324,96.513245,0.0,0.0,0.0,0.0,0.0
0,619,1,630,0,0,0,0.0,0.0,0.0,0.0,0.037,0.0,0.0,0.0,0.0,0.0,0.0,0.0,164.00969,17.782877,0.0,0.0,0.0,0.0,0.0,0.0,0.0,163.70801,17.795544,0.0,0.0,0.0,0.0,0.0
0,620,1,631,0,0,0,0.0,0.0,0.0,0.0,0.037,0.0,0.0,0.0,0.0,0.0,0.0,0.0,195.71188,8.720273,0.0,0.0,0.0,0.0,0.0,0.0,0.0,194.51814,8.800164,0.0,0.0,0.0,0.0,0.0
0,621,1,632,0,0,0,0.0,0.0,0.0,0.0,0.037,0.0,0.0,0.0,0.0,0.0,0.0,0.0,207.54895,6.2911572,0.0,0.0,0.0,0.0,0.0,0.0,0.0,207.01392,6.435422,0.0,0.0,0.0,0.0,0.0
0,622,1,633,0,0,0,0.0,0.0,0.0,0.0,0.037,0.0,0.0,0.0,0.0,0.0,0.0,0.0,183.19432,9.188093,0.0,0.0,0.0,0.0,0.0,0.0,0.0,183.19432,9.197878,0.0,0.0,0.0,0.0,0.0
0,623,1,634,0,0,0,0.0,0.0,0.0,0.0,0.037,0.0,0.0,0.0,0.0,0.0,0.0,0.0,185.33157,14.903514,0.0,0.0,0.0,0.0,0.0,0.0,0.0,184.38916,14.99174,0.0,0.0,0.0,0.0,0.0
0,624,1,635,0,0,0,0.0,0.0,0.0,0.0,0.037,0.0,0.0,0.0,0.0,0.0,0.0,0.0,194.74083,9.5947895,0.0,0.0,0.0,0.0,0.0,0.0,0.0,194.32689,9.620215,0.0,0.0,0.0,0.0,0.0
0,625,1,636,0,0,0,0.0,0.0,0.0,0.0,0.037,0.0,0.0,0.0,0.0,0.0,0.0,0.0,224.45058,6.4693446,0.0,0.0,0.0,0.0,0.0,0.0,0.0,224.45058,6.4942336,0.0,0.0,0.0,0.0,0.0
0,626,1,636,0,0,0,0.0,0.0,0.0,0.0,0.037,0.0,0.0,0.0,0.0,0.0,0.0,0.0,224.47487,7.5480247,0.0,0.0,0.0,0.0,0.0,0.0,0.0,224.47487,7.7243853,0.0,0.0,0.0,0.0,0.0
0,627,1,637,0,0,0,0.0,0.0,0.0,0.0,0.037,0.0,0.0,0.0,0.0,0.0,0.0,0.0,172.48027,25.085787,0.0,0.0,0.0,0.0,0.0,0.0,0.0,169.677,25.157366,0.0,0.0,0.0,0.0,0.0
0,628,1,639,0,0,0,0.0,0.0,0.0,0.0,0.037,0.0,0.0,0.0,0.0,0.0,0.0,0.0,148.32378,54.293545,0.0,0.0,0.0,0.0,0.0,0.0,0.0,148.32378,54.29911,0.0,0.0,0.0,0.0,0.0
0,629,1,640,0,0,0,0.0,0.0,0.0,0.0,0.037,0.0,0.0,0.0,0.0,0.0,0.0,0.0,158.91324,96.52623,0.0,0.0,0.0,0.0,0.0,0.0,0.0,158.72151,96.52824,0.0,0.0,0.0,0.0,0.0
0,630,1,640,0,0,0,0.0,0.0,0.0,0.0,0.037,0.0,0.0,0.0,0.0,0.0,0.0,0.0,163.70801,18.117426,0.0,0.0,0.0,0.0,0.0,0.0,0.0,158.74606,18.206789,0.0,0.0,0.0,0.0,0.0
0,631,1,641,0,0,0,0.0,0.0,0.0,0.0,0.037,0.0,0.0,0.0,0.0,0.0,0.0,0.0,194.51814,8.800164,0.0,0.0,0.0,0.0,0.0,0.0,0.0,189.80418,9.175732,0.0,0.0,0.0,0.0,0.0
0,632,1,643,0,0,0,0.0,0.0,0.0,0.0,0.037,0.0,0.0,0.0,0.0,0.0,0.0,0.0,207.01392,8.02938,0.0,0.0,0.0,0.0,0.0,0.0,0.0,206.73024,8.112207,0.0,0.0,0.0,0.0,0.0
0,633,1,645,0,0,0,0.0,0.0,0.0,0.0,0.037,0.0,0.0,0.0,0.0,0.0,0.0,0.0,183.19432,9.379275,0.0,0.0,0.0,0.0,0.0,0.0,0.0,183.19432,9.436277,0.0,0.0,0.0,0.0,0.0
0,634,1,645,0,0,0,0.0,0.0,0.0,0.0,0.037,0.0,0.0,0.0,0.0,0.0,0.0,0.0,184.38916,15.659773,0.0,0.0,0.0,0.0,0.0,0.0,0.0,183.3277,15.811875,0.0,0.0,0.0,0.0,0.0
0,635,1,646,0,0,0,0.0,0.0,0.0,0.0,0.037,0.0,0.0,0.0,0.0,0.0,0.0,0.0,194.32689,9.620215,0.0,0.0,0.0,0.0,0.0,0.0,0.0,192.05351,9.763571,0.0,0.0,0.0,0.0,0.0
0,636,1,647,0,0,0,0.0,0.0,0.0,0.0,0.037,0.0,0.0,0.0,0.0,0.0,0.0,0.0,224.45058,8.1356325,0.0,0.0,0.0,0.0,0.0,0.0,0.0,224.3328,8.2297125,0.0,0.0,0.0,0.0,0.0
0,637,1,648,0,0,0,0.0,0.0,0.0,0.0,0.037,0.0,0.0,0.0,0.0,0.0,0.0,0.0,169.677,25.21209,0.0,0.0,0.0,0.0,0.0,0.0,0.0,168.80334,25.228315,0.0,0.0,0.0,0.0,0.0
0,638,1,649,0,0,0,0.0,0.0,0.0,0.0,0.037,0.0,0.0,0.0,0.0,0.0,0.0,0.0,167.04767,5.5158296,0.0,0.0,0.0,0.0,0.0,0.0,0.0,165.73941,5.638689,0.0,0.0,0.0,0.0,0.0
0,639,1,650,0,0,0,0.0,0.0,0.0,0.0,0.037,0.0,0.0,0.0,0.0,0.0,0.0,0.0,148.32378,54.29911,0.0,0.0,0.0,0.0,0.0,0.0,0.0,148.32378,54.361633,0.0,0.0,0.0,0.0,0.0
0,640,1,653,0,0,0,0.0,0.0,0.0,0.0,0.037,0.0,0.0,0.0,0.0,0.0,0.0,0.0,158.72151,98.2786,0.0,0.0,0.0,0.0,0.0,0.0,0.0,158.62549,98.281006,0.0,0.0,0.0,0.0,0.0
0,641,1,654,0,0,0,0.0,0.0,0.0,0.0,0.037,0.0,0.0,0.0,0.0,0.0,0.0,0.0,189.80418,9.636536,0.0,0.0,0.0,0.0,0.0,0.0,0.0,182.79878,10.188982,0.0,0.0,0.0,0.0,0.0
0,642,1,656,0,0,0,0.0,0.0,0.0,0.0,0.037,0.0,0.0,0.0,0.0,0.0,0.0,0.0,203.42433,5.291582,0.0,0.0,0.0,0.0,0.0,0.0,0.0,203.42433,5.405707,0.0,0.0,0.0,0.0,0.0
0,643,1,657,0,0,0,0.0,0.0,0.0,0.0,0.037,0.0,0.0,0.0,0.0,0.0,0.0,0.0,206.73024,8.358218,0.0,0.0,0.0,0.0,0.0,0.0,0.0,206.52264,8.4566,0.0,0.0,0.0,0.0,0.0
0,644,1,658,0,0,0,0.0,0.0,0.0,0.0,0.037,0.0,0.0,0.0,0.0,0.0,0.0,0.0,199.17229,6.626097,0.0,0.0,0.0,0.0,0.0,0.0,0.0,198.52576,6.757629,0.0,0.0,0.0,0.0,0.0
0,645,1,659,0,0,0,0.0,0.0,0.0,0.0,0.037,0.0,0.0,0.0,0.0,0.0,0.0,0.0,183.19432,18.449028,0.0,0.0,0.0,0.0,0.0,0.0,0.0,183.19432,18.462841,0.0,0.0,0.0,0.0,0.0
0,646,1,661,0,0,0,0.0,0.0,0.0,0.0,0.037,0.0,0.0,0.0,0.0,0.0,0.0,0.0,192.05351,9.901342,0.0,0.0,0.0,0.0,0.0,0.0,0.0,191.02402,9.957044,0.0,0.0,0.0,0.0,0.0
0,647,1,662,0,0,0,0.0,0.0,0.0,0.0,0.037,0.0,0.0,0.0,0.0,0.0,0.0,0.0,224.3328,8.2297125,0.0,0.0,0.0,0.0,0.0,0.0,0.0,224.3328,8.31743,0.0,0.0,0.0,0.0,0.0
0,648,1,663,0,0,0,0.0,0.0,0.0,0.0,0.037,0.0,0.0,0.0,0.0,0.0,0.0,0.0,168.80334,25.30767,0.0,0.0,0.0,0.0,0.0,0.0,0.0,168.27432,25.31887,0.0,0.0,0.0,0.0,0.0
0,649,1,664,0,0,0,0.0,0.0,0.0,0.0,0.037,0.0,0.0,0.0,0.0,0.0,0.0,0.0,165.73941,5.638689,0.0,0.0,0.0,0.0,0.0,0.0,0.0,159.93399,6.0080924,0.0,0.0,0.0,0.0,0.0
0,650,1,665,0,0,0,0.0,0.0,0.0,0.0,0.037,0.0,0.0,0.0,0.0,0.0,0.0,0.0,148.32378,54.361633,0.0,0.0,0.0,0.0,0.0,0.0,0.0,148.32378,54.366707,0.0,0.0,0.0,0.0,0.0
0,651,1,666,0,0,0,0.0,0.0,0.0,0.0,0.037,0.0,0.0,0.0,0.0,0.0,0.0,0.0,154.89078,5.4615617,0.0,0.0,0.0,0.0,0.0,0.0,0.0,154.37378,5.487211,0.0,0.0,0.0,0.0,0.0
0,652,1,667,0,0,0,0.0,0.0,0.0,0.0,0.037,0.0,0.0,0.0,0.0,0.0,0.0,0.0,207.2053,5.1499915,0.0,0.0,0.0,0.0,0.0,0.0,0.0,204.61168,5.5555487,0.0,0.0,0.0,0.0,0.0
0,653,1,668,0,0,0,0.0,0.0,0.0,0.0,0.037,0.0,0.0,0.0,0.0,0.0,0.0,0.0,158.62549,98.281006,0.0,0.0,0.0,0.0,0.0,0.0,0.0,158.50085,98.28375,0.0,0.0,0.0,0.0,0.0
0,654,1,669,0,0,0,0.0,0.0,0.0,0.0,0.037,0.0,0.0,0.0,0.0,0.0,0.0,0.0,182.79878,10.188982,0.0,0.0,0.0,0.0,0.0,0.0,0.0,181.73628,10.217006,0.0,0.0,0.0,0.0,0.0
0,655,1,670,0,0,0,0.0,0.0,0.0,0.0,0.037,0.0,0.0,0.0,0.0,0.0,0.0,0.0,205.95671,5.613849,0.0,0.0,0.0,0.0,0.0,0.0,0.0,205.95671,5.7472425,0.0,0.0,0.0,0.0,0.0
0,656,1,671,0,0,0,0.0,0.0,0.0,0.0,0.037,0.0,0.0,0.0,0.0,0.0,0.0,0.0,203.42433,7.312415,0.0,0.0,0.0,0.0,0.0,0.0,0.0,203.35788,7.4331055,0.0,0.0,0.0,0.0,0.0
0,657,1,672,0,0,0,0.0,0.0,0.0,0.0,0.037,0.0,0.0,0.0,0.0,0.0,0.0,0.0,206.52264,8.4566,0.0,0.0,0.0,0.0,0.0,0.0,0.0,205.98235,8.583829,0.0,0.0,0.0,0.0,0.0
0,658,1,673,0,0,0,0.0,0.0,0.0,0.0,0.037,0.0,0.0,0.0,0.0,0.0,0.0,0.0,198.52576,6.9361815,0.0,0.0,0.0,0.0,0.0,0.0,0.0,196.83305,7.087957,0.0,0.0,0.0,0.0,0.0
0,659,1,674,0,0,0,0.0,0.0,0.0,0.0,0.037,0.0,0.0,0.0,0.0,0.0,0.0,0.0,183.19432,18.53351,0.0,0.0,0.0,0.0,0.0,0.0,0.0,183.19432,18.565428,0.0,0.0,0.0,0.0,0.0
0,660,1,675,0,0,0,0.0,0.0,0.0,0.0,0.037,0.0,0.0,0.0,0.0,0.0,0.0,0.0,192.968,8.210721,0.0,0.0,0.0,0.0,0.0,0.0,0.0,192.968,8.484298,0.0,0.0,0.0,0.0,0.0
0,661,1,676,0,0,0,0.0,0.0,0.0,0.0,0.037,0.0,0.0,0.0,0.0,0.0,0.0,0.0,191.02402,10.098508,0.0,0.0,0.0,0.0,0.0,0.0,0.0,190.40262,10.163344,0.0,0.0,0.0,0.0,0.0
0,662,1,677,0,0,0,0.0,0.0,0.0,0.0,0.037,0.0,0.0,0.0,0.0,0.0,0.0,0.0,224.3328,8.31743,0.0,0.0,0.0,0.0,0.0,0.0,0.0,224.3328,8.3521595,0.0,0.0,0.0,0.0,0.0
0,663,1,678,0,0,0,0.0,0.0,0.0,0.0,0.037,0.0,0.0,0.0,0.0,0.0,0.0,0.0,168.0388,25.378805,0.0,0.0,0.0,0.0,0.0,0.0,0.0,159.5597,25.532722,0.0,0.0,0.0,0.0,0.0
0,664,1,679,0,0,0,0.0,0.0,0.0,0.0,0.037,0.0,0.0,0.0,0.0,0.0,0.0,0.0,159.93399,7.2362943,0.0,0.0,0.0,0.0,0.0,0.0,0.0,157.86601,7.7269664,0.0,0.0,0.0,0.0,0.0
0,665,1,680,0,0,0,0.0,0.0,0.0,0.0,0.037,0.0,0.0,0.0,0.0,0.0,0.0,0.0,148.32378,54.3769,0.0,0.0,0.0,0.0,0.0,0.0,0.0,148.32378,54.402985,0.0,0.0,0.0,0.0,0.0
0,666,1,681,0,0,0,0.0,0.0,0.0,0.0,0.037,0.0,0.0,0.0,0.0,0.0,0.0,0.0,154.37378,5.487211,0.0,0.0,0.0,0.0,0.0,0.0,0.0,154.37378,5.5195575,0.0,0.0,0.0,0.0,0.0
0,667,1,682,0,0,0,0.0,0.0,0.0,0.0,0.037,0.0,0.0,0.0,0.0,0.0,0.0,0.0,204.61168,5.5555487,0.0,0.0,0.0,0.0,0.0,0.0,0.0,189.78961,6.3023267,0.0,0.0,0.0,0.0,0.0
0,668,1,683,0,0,0,0.0,0.0,0.0,0.0,0.037,0.0,0.0,0.0,0.0,0.0,0.0,0.0,158.50085,98.28745,0.0,0.0,0.0,0.0,0.0,0.0,0.0,158.46127,98.29098,0.0,0.0,0.0,0.0,0.0
0,669,1,684,0,0,0,0.0,0.0,0.0,0.0,0.037,0.0,0.0,0.0,0.0,0.0,0.0,0.0,181.73628,10.217006,0.0,0.0,0.0,0.0,0.0,0.0,0.0,171.3739,10.393419,0.0,0.0,0.0,0.0,0.0
0,670,1,685,0,0,0,0.0,0.0,0.0,0.0,0.037,0.0,0.0,0.0,0.0,0.0,0.0,0.0,205.95671,5.7472425,0.0,0.0,0.0,0.0,0.0,0.0,0.0,204.77823,6.18365,0.0,0.0,0.0,0.0,0.0
0,671,1,686,0,0,0,0.0,0.0,0.0,0.0,0.037,0.0,0.0,0.0,0.0,0.0,0.0,0.0,203.35788,7.4331055,0.0,0.0,0.0,0.0,0.0,0.0,0.0,203.29878,7.5318756,0.0,0.0,0.0,0.0,0.0
0,672,1,687,0,0,0,0.0,0.0,0.0,0.0,0.037,0.0,0.0,0.0,0.0,0.0,0.0,0.0,205.98235,9.10443,0.0,0.0,0.0,0.0,0.0,0.0,0.0,205.1338,9.220048,0.0,0.0,0.0,0.0,0.0
0,673,1,688,0,0,0,0.0,0.0,0.0,0.0,0.037,0.0,0.0,0.0,0.0,0.0,0.0,0.0,196.83305,7.558866,0.0,0.0,0.0,0.0,0.0,0.0,0.0,196.34921,7.6597543,0.0,0.0,0.0,0.0,0.0
0,674,1,689,0,0,0,0.0,0.0,0.0,0.0,0.037,0.0,0.0,0.0,0.0,0.0,0.0,0.0,183.19432,18.568802,0.0,0.0,0.0,0.0,0.0,0.0,0.0,183.19432,18.623377,0.0,0.0,0.0,0.0,0.0
0,675,1,690,0,0,0,0.0,0.0,0.0,0.0,0.037,0.0,0.0,0.0,0.0,0.0,0.0,0.0,192.968,8.657468,0.0,0.0,0.0,0.0,0.0,0.0,0.0,192.0909,8.713808,0.0,0.0,0.0,0.0,0.0
0,676,1,691,0,0,0,0.0,0.0,0.0,0.0,0.037,0.0,0.0,0.0,0.0,0.0,0.0,0.0,190.40262,10.429884,0.0,0.0,0.0,0.0,0.0,0.0,0.0,189.33206,10.5122385,0.0,0.0,0.0,0.0,0.0
0,677,1,693,0,0,0,0.0,0.0,0.0,0.0,0.037,0.0,0.0,0.0,0.0,0.0,0.0,0.0,224.3328,8.3521595,0.0,0.0,0.0,0.0,0.0,0.0,0.0,224.3164,8.403225,0.0,0.0,0.0,0.0,0.0
0,678,1,694,0,0,0,0.0,0.0,0.0,0.0,0.037,0.0,0.0,0.0,0.0,0.0,0.0,0.0,159.5597,25.670494,0.0,0.0,0.0,0.0,0.0,0.0,0.0,157.7587,25.69837,0.0,0.0,0.0,0.0,0.0
0,679,1,695,0,0,0,0.0,0.0,0.0,0.0,0.037,0.0,0.0,0.0,0.0,0.0,0.0,0.0,157.86601,7.7269664,0.0,0.0,0.0,0.0,0.0,0.0,0.0,157.86601,7.831721,0.0,0.0,0.0,0.0,0.0
0,680,1,696,0,0,0,0.0,0.0,0.0,0.0,0.037,0.0,0.0,0.0,0.0,0.0,0.0,0.0,148.32378,54.402985,0.0,0.0,0.0,0.0,0.0,0.0,0.0,148.32378,54.407066,0.0,0.0,0.0,0.0,0.0
0,681,1,697,0,0,0,0.0,0.0,0.0,0.0,0.037,0.0,0.0,0.0,0.0,0.0,0.0,0.0,153.6931,54.74161,0.0,0.0,0.0,0.0,0.0,0.0,0.0,153.6931,54.74416,0.0,0.0,0.0,0.0,0.0
0,682,1,698,0,0,0,0.0,0.0,0.0,0.0,0.037,0.0,0.0,0.0,0.0,0.0,0.0,0.0,189.78961,7.760082,0.0,0.0,0.0,0.0,0.0,0.0,0.0,184.29007,8.00636,0.0,0.0,0.0,0.0,0.0
0,683,1,699,0,0,0,0.0,0.0,0.0,0.0,0.037,0.0,0.0,0.0,0.0,0.0,0.0,0.0,158.46127,98.32939,0.0,0.0,0.0,0.0,0.0,0.0,0.0,158.20676,98.35164,0.0,0.0,0.0,0.0,0.0
0,684,1,700,0,0,0,0.0,0.0,0.0,0.0,0.037,0.0,0.0,0.0,0.0,0.0,0.0,0.0,171.3739,10.556565,0.0,0.0,0.0,0.0,0.0,0.0,0.0,167.5294,10.657833,0.0,0.0,0.0,0.0,0.0
0,685,1,701,0,0,0,0.0,0.0,0.0,0.0,0.037,0.0,0.0,0.0,0.0,0.0,0.0,0.0,204.77823,8.858187,0.0,0.0,0.0,0.0,0.0,0.0,0.0,204.54967,9.024747,0.0,0.0,0.0,0.0,0.0
0,686,1,702,0,0,0,0.0,0.0,0.0,0.0,0.037,0.0,0.0,0.0,0.0,0.0,0.0,0.0,203.29878,8.007784,0.0,0.0,0.0,0.0,0.0,0.0,0.0,203.29878,8.159428,0.0,0.0,0.0,0.0,0.0
0,687,1,702,0,0,0,0.0,0.0,0.0,0.0,0.037,0.0,0.0,0.0,0.0,0.0,0.0,0.0,205.1338,9.501213,0.0,0.0,0.0,0.0,0.0,0.0,0.0,203.29878,9.529209,0.0,0.0,0.0,0.0,0.0
0,688,1,703,0,0,0,0.0,0.0,0.0,0.0,0.037,0.0,0.0,0.0,0.0,0.0,0.0,0.0,196.34921,8.355403,0.0,0.0,0.0,0.0,0.0,0.0,0.0,195.82605,8.419247,0.0,0.0,0.0,0.0,0.0
0,689,1,705,0,0,0,0.0,0.0,0.0,0.0,0.037,0.0,0.0,0.0,0.0,0.0,0.0,0.0,183.19432,18.626123,0.0,0.0,0.0,0.0,0.0,0.0,0.0,183.19432,18.669193,0.0,0.0,0.0,0.0,0.0
0,690,1,706,0,0,0,0.0,0.0,0.0,0.0,0.037,0.0,0.0,0.0,0.0,0.0,0.0,0.0,192.0909,8.891392,0.0,0.0,0.0,0.0,0.0,0.0,0.0,192.0909,8.916396,0.0,0.0,0.0,0.0,0.0
0,691,1,707,0,0,0,0.0,0.0,0.0,0.0,0.037,0.0,0.0,0.0,0.0,0.0,0.0,0.0,189.33206,10.625305,0.0,0.0,0.0,0.0,0.0,0.0,0.0,188.90848,10.658101,0.0,0.0,0.0,0.0,0.0
0,692,1,708,0,0,0,0.0,0.0,0.0,0.0,0.037,0.0,0.0,0.0,0.0,0.0,0.0,0.0,236.15565,4.5553827,0.0,0.0,0.0,0.0,0.0,0.0,0.0,225.8595,5.77594,0.0,0.0,0.0,0.0,0.0
0,693,1,709,0,0,0,0.0,0.0,0.0,0.0,0.037,0.0,0.0,0.0,0.0,0.0,0.0,0.0,224.3164,8.403225,0.0,0.0,0.0,0.0,0.0,0.0,0.0,224.3164,8.444702,0.0,0.0,0.0,0.0,0.0
0,694,1,710,0,0,0,0.0,0.0,0.0,0.0,0.037,0.0,0.0,0.0,0.0,0.0,0.0,0.0,157.7587,25.804846,0.0,0.0,0.0,0.0,0.0,0.0,0.0,157.17603,25.877342,0.0,0.0,0.0,0.0,0.0
0,695,1,711,0,0,0,0.0,0.0,0.0,0.0,0.037,0.0,0.0,0.0,0.0,0.0,0.0,0.0,157.86601,7.862589,0.0,0.0,0.0,0.0,0.0,0.0,0.0,157.86601,7.901096,0.0,0.0,0.0,0.0,0.0
0,696,1,712,0,0,0,0.0,0.0,0.0,0.0,0.037,0.0,0.0,0.0,0.0,0.0,0.0,0.0,148.32378,54.407066,0.0,0.0,0.0,0.0,0.0,0.0,0.0,148.32378,54.409992,0.0,0.0,0.0,0.0,0.0
0,697,1,713,0,0,0,0.0,0.0,0.0,0.0,0.037,0.0,0.0,0.0,0.0,0.0,0.0,0.0,153.6931,54.74416,0.0,0.0,0.0,0.0,0.0,0.0,0.0,153.68982,54.745758,0.0,0.0,0.0,0.0,0.0
0,698,1,714,0,0,0,0.0,0.0,0.0,0.0,0.037,0.0,0.0,0.0,0.0,0.0,0.0,0.0,184.29007,9.574223,0.0,0.0,0.0,0.0,0.0,0.0,0.0,179.37389,9.863674,0.0,0.0,0.0,0.0,0.0
0,699,1,715,0,0,0,0.0,0.0,0.0,0.0,0.037,0.0,0.0,0.0,0.0,0.0,0.0,0.0,158.20676,98.3832,0.0,0.0,0.0,0.0,0.0,0.0,0.0,157.56631,98.39273,0.0,0.0,0.0,0.0,0.0
0,700,1,715,0,0,0,0.0,0.0,0.0,0.0,0.037,0.0,0.0,0.0,0.0,0.0,0.0,0.0,167.5294,10.798973,0.0,0.0,0.0,0.0,0.0,0.0,0.0,159.47896,11.147859,0.0,0.0,0.0,0.0,0.0
0,701,1,716,0,0,0,0.0,0.0,0.0,0.0,0.037,0.0,0.0,0.0,0.0,0.0,0.0,0.0,204.54967,9.341669,0.0,0.0,0.0,0.0,0.0,0.0,0.0,203.29878,9.482102,0.0,0.0,0.0,0.0,0.0
0,702,1,716,0,0,0,0.0,0.0,0.0,0.0,0.037,0.0,0.0,0.0,0.0,0.0,0.0,0.0,203.29878,12.718254,0.0,0.0,0.0,0.0,0.0,0.0,0.0,203.29878,12.898753,0.0,0.0,0.0,0.0,0.0
0,703,1,717,0,0,0,0.0,0.0,0.0,0.0,0.037,0.0,0.0,0.0,0.0,0.0,0.0,0.0,195.82605,8.583746,0.0,0.0,0.0,0.0,0.0,0.0,0.0,195.49893,8.629244,0.0,0.0,0.0,0.0,0.0
0,704,1,718,0,0,0,0.0,0.0,0.0,0.0,0.037,0.0,0.0,0.0,0.0,0.0,0.0,0.0,183.53473,5.6815567,0.0,0.0,0.0,0.0,0.0,0.0,0.0,181.26372,5.947044,0.0,0.0,0.0,0.0,0.0
0,705,1,719,0,0,0,0.0,0.0,0.0,0.0,0.037,0.0,0.0,0.0,0.0,0.0,0.0,0.0,183.19432,18.677177,0.0,0.0,0.0,0.0,0.0,0.0,0.0,183.19432,18.6894,0.0,0.0,0.0,0.0,0.0
0,706,1,720,0,0,0,0.0,0.0,0.0,0.0,0.037,0.0,0.0,0.0,0.0,0.0,0.0,0.0,192.0909,9.632903,0.0,0.0,0.0,0.0,0.0,0.0,0.0,191.1704,9.724714,0.0,0.0,0.0,0.0,0.0
0,707,1,721,0,0,0,0.0,0.0,0.0,0.0,0.037,0.0,0.0,0.0,0.0,0.0,0.0,0.0,188.90848,11.038134,0.0,0.0,0.0,0.0,0.0,0.0,0.0,187.54941,11.193344,0.0,0.0,0.0,0.0,0.0
0,708,1,723,0,0,0,0.0,0.0,0.0,0.0,0.037,0.0,0.0,0.0,0.0,0.0,0.0,0.0,225.8595,5.77594,0.0,0.0,0.0,0.0,0.0,0.0,0.0,225.24399,5.8140264,0.0,0.0,0.0,0.0,0.0
0,709,1,725,0,0,0,0.0,0.0,0.0,0.0,0.037,0.0,0.0,0.0,0.0,0.0,0.0,0.0,224.3164,8.444702,0.0,0.0,0.0,0.0,0.0,0.0,0.0,224.3164,8.489927,0.0,0.0,0.0,0.0,0.0
0,710,1,726,0,0,0,0.0,0.0,0.0,0.0,0.037,0.0,0.0,0.0,0.0,0.0,0.0,0.0,157.16817,25.991,0.0,0.0,0.0,0.0,0.0,0.0,0.0,156.70557,26.062233,0.0,0.0,0.0,0.0,0.0
0,711,1,726,0,0,0,0.0,0.0,0.0,0.0,0.037,0.0,0.0,0.0,0.0,0.0,0.0,0.0,157.86601,7.901096,0.0,0.0,0.0,0.0,0.0,0.0,0.0,156.76025,8.040112,0.0,0.0,0.0,0.0,0.0
0,712,1,727,0,0,0,0.0,0.0,0.0,0.0,0.037,0.0,0.0,0.0,0.0,0.0,0.0,0.0,148.32378,54.42038,0.0,0.0,0.0,0.0,0.0,0.0,0.0,148.32378,54.4387,0.0,0.0,0.0,0.0,0.0
0,713,1,728,0,0,0,0.0,0.0,0.0,0.0,0.037,0.0,0.0,0.0,0.0,0.0,0.0,0.0,153.68982,54.75476,0.0,0.0,0.0,0.0,0.0,0.0,0.0,153.68553,54.767483,0.0,0.0,0.0,0.0,0.0
0,714,1,729,0,0,0,0.0,0.0,0.0,0.0,0.037,0.0,0.0,0.0,0.0,0.0,0.0,0.0,179.37389,10.006013,0.0,0.0,0.0,0.0,0.0,0.0,0.0,165.33253,10.650851,0.0,0.0,0.0,0.0,0.0
0,715,1,730,0,0,0,0.0,0.0,0.0,0.0,0.037,0.0,0.0,0.0,0.0,0.0,0.0,0.0,157.56631,99.07571,0.0,0.0,0.0,0.0,0.0,0.0,0.0,154.60321,99.08859,0.0,0.0,0.0,0.0,0.0
0,716,1,733,0,0,0,0.0,0.0,0.0,0.0,0.037,0.0,0.0,0.0,0.0,0.0,0.0,0.0,203.29878,15.9346,0.0,0.0,0.0,0.0,0.0,0.0,0.0,202.96492,15.942177,0.0,0.0,0.0,0.0,0.0
0,717,1,734,0,0,0,0.0,0.0,0.0,0.0,0.037,0.0,0.0,0.0,0.0,0.0,0.0,0.0,195.49893,8.837299,0.0,0.0,0.0,0.0,0.0,0.0,0.0,193.48843,8.998692,0.0,0.0,0.0,0.0,0.0
0,718,1,735,0,0,0,0.0,0.0,0.0,0.0,0.037,0.0,0.0,0.0,0.0,0.0,0.0,0.0,181.26372,6.281891,0.0,0.0,0.0,0.0,0.0,0.0,0.0,180.90526,6.3211246,0.0,0.0,0.0,0.0,0.0
0,719,1,735,0,0,0,0.0,0.0,0.0,0.0,0.037,0.0,0.0,0.0,0.0,0.0,0.0,0.0,183.19069,18.71613,0.0,0.0,0.0,0.0,0.0,0.0,0.0,180.90526,18.724901,0.0,0.0,0.0,0.0,0.0
0,720,1,736,0,0,0,0.0,0.0,0.0,0.0,0.037,0.0,0.0,0.0,0.0,0.0,0.0,0.0,191.1704,9.724714,0.0,0.0,0.0,0.0,0.0,0.0,0.0,190.40909,9.799725,0.0,0.0,0.0,0.0,0.0
0,721,1,737,0,0,0,0.0,0.0,0.0,0.0,0.037,0.0,0.0,0.0,0.0,0.0,0.0,0.0,187.54941,11.859725,0.0,0.0,0.0,0.0,0.0,0.0,0.0,186.95358,11.939652,0.0,0.0,0.0,0.0,0.0
0,722,1,737,0,0,0,0.0,0.0,0.0,0.0,0.037,0.0,0.0,0.0,0.0,0.0,0.0,0.0,189.59743,5.884647,0.0,0.0,0.0,0.0,0.0,0.0,0.0,186.95358,6.1768694,0.0,0.0,0.0,0.0,0.0
0,723,1,738,0,0,0,0.0,0.0,0.0,0.0,0.037,0.0,0.0,0.0,0.0,0.0,0.0,0.0,225.24399,5.8140264,0.0,0.0,0.0,0.0,0.0,0.0,0.0,224.9424,5.973249,0.0,0.0,0.0,0.0,0.0
0,724,1,739,0,0,0,0.0,0.0,0.0,0.0,0.037,0.0,0.0,0.0,0.0,0.0,0.0,0.0,223.13634,42.12384,0.0,0.0,0.0,0.0,0.0,0.0,0.0,223.13634,42.20942,0.0,0.0,0.0,0.0,0.0
0,725,1,740,0,0,0,0.0,0.0,0.0,0.0,0.037,0.0,0.0,0.0,0.0,0.0,0.0,0.0,224.3164,8.614021,0.0,0.0,0.0,0.0,0.0,0.0,0.0,224.3164,8.647492,0.0,0.0,0.0,0.0,0.0
0,726,1,742,0,0,0,0.0,0.0,0.0,0.0,0.037,0.0,0.0,0.0,0.0,0.0,0.0,0.0,154.48206,27.306814,0.0,0.0,0.0,0.0,0.0,0.0,0.0,153.67268,27.330317,0.0,0.0,0.0,0.0,0.0
0,727,1,743,0,0,0,0.0,0.0,0.0,0.0,0.037,0.0,0.0,0.0,0.0,0.0,0.0,0.0,148.32378,54.4387,0.0,0.0,0.0,0.0,0.0,0.0,0.0,148.32378,54.44313,0.0,0.0,0.0,0.0,0.0
0,728,1,744,0,0,0,0.0,0.0,0.0,0.0,0.037,0.0,0.0,0.0,0.0,0.0,0.0,0.0,153.68553,54.80884,0.0,0.0,0.0,0.0,0.0,0.0,0.0,153.68248,54.813984,0.0,0.0,0.0,0.0,0.0
0,729,1,744,0,0,0,0.0,0.0,0.0,0.0,0.037,0.0,0.0,0.0,0.0,0.0,0.0,0.0,165.33253,10.822397,0.0,0.0,0.0,0.0,0.0,0.0,0.0,153.98831,11.0683,0.0,0.0,0.0,0.0,0.0
0,730,1,746,0,0,0,0.0,0.0,0.0,0.0,0.037,0.0,0.0,0.0,0.0,0.0,0.0,0.0,154.60321,99.08859,0.0,0.0,0.0,0.0,0.0,0.0,0.0,153.85593,99.10015,0.0,0.0,0.0,0.0,0.0
0,731,1,747,0,0,0,0.0,0.0,0.0,0.0,0.037,0.0,0.0,0.0,0.0,0.0,0.0,0.0,202.80278,5.53803,0.0,0.0,0.0,0.0,0.0,0.0,0.0,202.80278,5.603351,0.0,0.0,0.0,0.0,0.0
0,732,1,748,0,0,0,0.0,0.0,0.0,0.0,0.037,0.0,0.0,0.0,0.0,0.0,0.0,0.0,204.38187,5.1799016,0.0,0.0,0.0,0.0,0.0,0.0,0.0,204.27037,5.570085,0.0,0.0,0.0,0.0,0.0
0,733,1,750,0,0,0,0.0,0.0,0.0,0.0,0.037,0.0,0.0,0.0,0.0,0.0,0.0,0.0,202.93073,16.057383,0.0,0.0,0.0,0.0,0.0,0.0,0.0,202.93073,16.10638,0.0,0.0,0.0,0.0,0.0
0,734,1,751,0,0,0,0.0,0.0,0.0,0.0,0.037,0.0,0.0,0.0,0.0,0.0,0.0,0.0,193.48843,9.290012,0.0,0.0,0.0,0.0,0.0,0.0,0.0,192.5125,9.311276,0.0,0.0,0.0,0.0,0.0
0,735,1,752,0,0,0,0.0,0.0,0.0,0.0,0.037,0.0,0.0,0.0,0.0,0.0,0.0,0.0,180.90526,19.784037,0.0,0.0,0.0,0.0,0.0,0.0,0.0,180.52762,19.863527,0.0,0.0,0.0,0.0,0.0
0,736,1,753,0,0,0,0.0,0.0,0.0,0.0,0.037,0.0,0.0,0.0,0.0,0.0,0.0,0.0,190.40909,10.017933,0.0,0.0,0.0,0.0,0.0,0.0,0.0,189.8847,10.063628,0.0,0.0,0.0,0.0,0.0
0,737,1,754,0,0,0,0.0,0.0,0.0,0.0,0.037,0.0,0.0,0.0,0.0,0.0,0.0,0.0,186.95358,13.465037,0.0,0.0,0.0,0.0,0.0,0.0,0.0,185.2942,13.611657,0.0,0.0,0.0,0.0,0.0
0,738,1,755,0,0,0,0.0,0.0,0.0,0.0,0.037,0.0,0.0,0.0,0.0,0.0,0.0,0.0,224.9424,5.973249,0.0,0.0,0.0,0.0,0.0,0.0,0.0,224.93576,6.0660763,0.0,0.0,0.0,0.0,0.0
0,739,1,756,0,0,0,0.0,0.0,0.0,0.0,0.037,0.0,0.0,0.0,0.0,0.0,0.0,0.0,223.13634,42.20942,0.0,0.0,0.0,0.0,0.0,0.0,0.0,223.13634,42.226124,0.0,0.0,0.0,0.0,0.0
0,740,1,757,0,0,0,0.0,0.0,0.0,0.0,0.037,0.0,0.0,0.0,0.0,0.0,0.0,0.0,224.3164,8.804055,0.0,0.0,0.0,0.0,0.0,0.0,0.0,224.3164,8.891953,0.0,0.0,0.0,0.0,0.0
0,741,1,758,0,0,0,0.0,0.0,0.0,0.0,0.037,0.0,0.0,0.0,0.0,0.0,0.0,0.0,178.13129,5.204334,0.0,0.0,0.0,0.0,0.0,0.0,0.0,176.82938,5.3821774,0.0,0.0,0.0,0.0,0.0
0,742,1,760,0,0,0,0.0,0.0,0.0,0.0,0.037,0.0,0.0,0.0,0.0,0.0,0.0,0.0,153.67268,27.330317,0.0,0.0,0.0,0.0,0.0,0.0,0.0,153.57756,27.349087,0.0,0.0,0.0,0.0,0.0
0,743,1,761,0,0,0,0.0,0.0,0.0,0.0,0.037,0.0,0.0,0.0,0.0,0.0,0.0,0.0,148.32378,54.44313,0.0,0.0,0.0,0.0,0.0,0.0,0.0,148.32378,54.462612,0.0,0.0,0.0,0.0,0.0
0,744,1,761,0,0,0,0.0,0.0,0.0,0.0,0.037,0.0,0.0,0.0,0.0,0.0,0.0,0.0,153.68248,55.9512,0.0,0.0,0.0,0.0,0.0,0.0,0.0,153.68222,55.953964,0.0,0.0,0.0,0.0,0.0
0,745,1,762,0,0,0,0.0,0.0,0.0,0.0,0.037,0.0,0.0,0.0,0.0,0.0,0.0,0.0,153.55853,99.13178,0.0,0.0,0.0,0.0,0.0,0.0,0.0,153.55853,99.142365,0.0,0.0,0.0,0.0,0.0
0,746,1,763,0,0,0,0.0,0.0,0.0,0.0,0.037,0.0,0.0,0.0,0.0,0.0,0.0,0.0,153.85593,99.10015,0.0,0.0,0.0,0.0,0.0,0.0,0.0,153.78526,99.10529,0.0,0.0,0.0,0.0,0.0
0,747,1,764,0,0,0,0.0,0.0,0.0,0.0,0.037,0.0,0.0,0.0,0.0,0.0,0.0,0.0,202.80278,5.9515786,0.0,0.0,0.0,0.0,0.0,0.0,0.0,202.56255,6.0097466,0.0,0.0,0.0,0.0,0.0
0,748,1,765,0,0,0,0.0,0.0,0.0,0.0,0.037,0.0,0.0,0.0,0.0,0.0,0.0,0.0,204.27037,6.9587064,0.0,0.0,0.0,0.0,0.0,0.0,0.0,203.63824,7.172086,0.0,0.0,0.0,0.0,0.0
0,749,1,766,0,0,0,0.0,0.0,0.0,0.0,0.037,0.0,0.0,0.0,0.0,0.0,0.0,0.0,204.02142,4.934036,0.0,0.0,0.0,0.0,0.0,0.0,0.0,202.74524,5.3979626,0.0,0.0,0.0,0.0,0.0
0,750,1,766,0,0,0,0.0,0.0,0.0,0.0,0.037,0.0,0.0,0.0,0.0,0.0,0.0,0.0,202.93073,16.830683,0.0,0.0,0.0,0.0,0.0,0.0,0.0,202.74524,16.864628,0.0,0.0,0.0,0.0,0.0
0,751,1,767,0,0,0,0.0,0.0,0.0,0.0,0.037,0.0,0.0,0.0,0.0,0.0,0.0,0.0,192.5125,9.642094,0.0,0.0,0.0,0.0,0.0,0.0,0.0,192.00768,9.736534,0.0,0.0,0.0,0.0,0.0
0,752,1,768,0,0,0,0.0,0.0,0.0,0.0,0.037,0.0,0.0,0.0,0.0,0.0,0.0,0.0,180.52762,19.956293,0.0,0.0,0.0,0.0,0.0,0.0,0.0,180.43585,20.021215,0.0,0.0,0.0,0.0,0.0
0,753,1,770,0,0,0,0.0,0.0,0.0,0.0,0.037,0.0,0.0,0.0,0.0,0.0,0.0,0.0,189.8847,10.17431,0.0,0.0,0.0,0.0,0.0,0.0,0.0,188.84146,10.29979,0.0,0.0,0.0,0.0,0.0
0,754,1,771,0,0,0,0.0,0.0,0.0,0.0,0.037,0.0,0.0,0.0,0.0,0.0,0.0,0.0,185.2942,13.870393,0.0,0.0,0.0,0.0,0.0,0.0,0.0,184.69835,13.944439,0.0,0.0,0.0,0.0,0.0
0,755,1,772,0,0,0,0.0,0.0,0.0,0.0,0.037,0.0,0.0,0.0,0.0,0.0,0.0,0.0,224.93576,7.0100393,0.0,0.0,0.0,0.0,0.0,0.0,0.0,224.93576,7.075599,0.0,0.0,0.0,0.0,0.0
0,756,1,773,0,0,0,0.0,0.0,0.0,0.0,0.037,0.0,0.0,0.0,0.0,0.0,0.0,0.0,223.13634,42.226124,0.0,0.0,0.0,0.0,0.0,0.0,0.0,223.13634,42.24777,0.0,0.0,0.0,0.0,0.0
0,757,1,774,0,0,0,0.0,0.0,0.0,0.0,0.037,0.0,0.0,0.0,0.0,0.0,0.0,0.0,224.3164,9.065541,0.0,0.0,0.0,0.0,0.0,0.0,0.0,224.3164,9.175187,0.0,0.0,0.0,0.0,0.0
0,758,1,775,0,0,0,0.0,0.0,0.0,0.0,0.037,0.0,0.0,0.0,0.0,0.0,0.0,0.0,176.82938,5.7677026,0.0,0.0,0.0,0.0,0.0,0.0,0.0,176.14478,5.8020515,0.0,0.0,0.0,0.0,0.0
0,759,1,776,0,0,0,0.0,0.0,0.0,0.0,0.037,0.0,0.0,0.0,0.0,0.0,0.0,0.0,162.68181,5.213314,0.0,0.0,0.0,0.0,0.0,0.0,0.0,158.7637,5.455456,0.0,0.0,0.0,0.0,0.0
0,760,1,777,0,0,0,0.0,0.0,0.0,0.0,0.037,0.0,0.0,0.0,0.0,0.0,0.0,0.0,153.57756,27.349087,0.0,0.0,0.0,0.0,0.0,0.0,0.0,148.32378,27.359142,0.0,0.0,0.0,0.0,0.0
0,761,1,777,0,0,0,0.0,0.0,0.0,0.0,0.037,0.0,0.0,0.0,0.0,0.0,0.0,0.0,148.32378,55.972958,0.0,0.0,0.0,0.0,0.0,0.0,0.0,148.32378,56.027164,0.0,0.0,0.0,0.0,0.0
0,762,1,778,0,0,0,0.0,0.0,0.0,0.0,0.037,0.0,0.0,0.0,0.0,0.0,0.0,0.0,153.55853,99.142365,0.0,0.0,0.0,0.0,0.0,0.0,0.0,153.55853,99.14348,0.0,0.0,0.0,0.0,0.0
0,763,1,778,0,0,0,0.0,0.0,0.0,0.0,0.037,0.0,0.0,0.0,0.0,0.0,0.0,0.0,153.78526,99.10529,0.0,0.0,0.0,0.0,0.0,0.0,0.0,153.55853,99.111,0.0,0.0,0.0,0.0,0.0
0,764,1,779,0,0,0,0.0,0.0,0.0,0.0,0.037,0.0,0.0,0.0,0.0,0.0,0.0,0.0,202.56255,6.277139,0.0,0.0,0.0,0.0,0.0,0.0,0.0,202.15495,6.348043,0.0,0.0,0.0,0.0,0.0
0,765,1,780,0,0,0,0.0,0.0,0.0,0.0,0.037,0.0,0.0,0.0,0.0,0.0,0.0,0.0,203.63824,8.941171,0.0,0.0,0.0,0.0,0.0,0.0,0.0,201.95319,9.098862,0.0,0.0,0.0,0.0,0.0
0,766,1,781,0,0,0,0.0,0.0,0.0,0.0,0.037,0.0,0.0,0.0,0.0,0.0,0.0,0.0,202.74524,17.249159,0.0,0.0,0.0,0.0,0.0,0.0,0.0,202.41554,17.324505,0.0,0.0,0.0,0.0,0.0
0,767,1,782,0,0,0,0.0,0.0,0.0,0.0,0.037,0.0,0.0,0.0,0.0,0.0,0.0,0.0,192.00768,9.736534,0.0,0.0,0.0,0.0,0.0,0.0,0.0,191.52547,9.769203,0.0,0.0,0.0,0.0,0.0
0,768,1,783,0,0,0,0.0,0.0,0.0,0.0,0.037,0.0,0.0,0.0,0.0,0.0,0.0,0.0,180.43585,20.141241,0.0,0.0,0.0,0.0,0.0,0.0,0.0,180.30785,20.249884,0.0,0.0,0.0,0.0,0.0
0,769,1,784,0,0,0,0.0,0.0,0.0,0.0,0.037,0.0,0.0,0.0,0.0,0.0,0.0,0.0,201.85004,4.928004,0.0,0.0,0.0,0.0,0.0,0.0,0.0,187.14336,5.973011,0.0,0.0,0.0,0.0,0.0
0,770,1,784,0,0,0,0.0,0.0,0.0,0.0,0.037,0.0,0.0,0.0,0.0,0.0,0.0,0.0,188.84146,11.111338,0.0,0.0,0.0,0.0,0.0,0.0,0.0,187.14336,11.234508,0.0,0.0,0.0,0.0,0.0
0,771,1,785,0,0,0,0.0,0.0,0.0,0.0,0.037,0.0,0.0,0.0,0.0,0.0,0.0,0.0,184.69835,14.098661,0.0,0.0,0.0,0.0,0.0,0.0,0.0,183.69008,14.155109,0.0,0.0,0.0,0.0,0.0
0,772,1,786,0,0,0,0.0,0.0,0.0,0.0,0.037,0.0,0.0,0.0,0.0,0.0,0.0,0.0,224.93576,7.7374682,0.0,0.0,0.0,0.0,0.0,0.0,0.0,224.93576,7.8444457,0.0,0.0,0.0,0.0,0.0
0,773,1,787,0,0,0,0.0,0.0,0.0,0.0,0.037,0.0,0.0,0.0,0.0,0.0,0.0,0.0,223.13634,42.285774,0.0,0.0,0.0,0.0,0.0,0.0,0.0,223.13634,42.291714,0.0,0.0,0.0,0.0,0.0
0,774,1,788,0,0,0,0.0,0.0,0.0,0.0,0.037,0.0,0.0,0.0,0.0,0.0,0.0,0.0,224.3164,9.175187,0.0,0.0,0.0,0.0,0.0,0.0,0.0,224.31139,9.219119,0.0,0.0,0.0,0.0,0.0
0,775,1,790,0,0,0,0.0,0.0,0.0,0.0,0.037,0.0,0.0,0.0,0.0,0.0,0.0,0.0,176.14478,5.949789,0.0,0.0,0.0,0.0,0.0,0.0,0.0,174.66414,6.240023,0.0,0.0,0.0,0.0,0.0
0,776,1,792,0,0,0,0.0,0.0,0.0,0.0,0.037,0.0,0.0,0.0,0.0,0.0,0.0,0.0,158.7637,5.7151756,0.0,0.0,0.0,0.0,0.0,0.0,0.0,155.29639,5.913286,0.0,0.0,0.0,0.0,0.0
0,777,1,793,0,0,0,0.0,0.0,0.0,0.0,0.037,0.0,0.0,0.0,0.0,0.0,0.0,0.0,148.32378,62.418682,0.0,0.0,0.0,0.0,0.0,0.0,0.0,148.32378,62.43278,0.0,0.0,0.0,0.0,0.0
0,778,1,794,0,0,0,0.0,0.0,0.0,0.0,0.037,0.0,0.0,0.0,0.0,0.0,0.0,0.0,153.55853,99.154335,0.0,0.0,0.0,0.0,0.0,0.0,0.0,153.55853,99.15665,0.0,0.0,0.0,0.0,0.0
0,779,1,795,0,0,0,0.0,0.0,0.0,0.0,0.037,0.0,0.0,0.0,0.0,0.0,0.0,0.0,202.15495,6.590491,0.0,0.0,0.0,0.0,0.0,0.0,0.0,201.98463,6.6696215,0.0,0.0,0.0,0.0,0.0
0,780,1,796,0,0,0,0.0,0.0,0.0,0.0,0.037,0.0,0.0,0.0,0.0,0.0,0.0,0.0,201.95319,9.271165,0.0,0.0,0.0,0.0,0.0,0.0,0.0,200.67725,9.362206,0.0,0.0,0.0,0.0,0.0
0,781,1,798,0,0,0,0.0,0.0,0.0,0.0,0.037,0.0,0.0,0.0,0.0,0.0,0.0,0.0,202.41554,17.684645,0.0,0.0,0.0,0.0,0.0,0.0,0.0,202.11798,17.738699,0.0,0.0,0.0,0.0,0.0
0,782,1,799,0,0,0,0.0,0.0,0.0,0.0,0.037,0.0,0.0,0.0,0.0,0.0,0.0,0.0,191.52547,9.879887,0.0,0.0,0.0,0.0,0.0,0.0,0.0,191.41467,9.908484,0.0,0.0,0.0,0.0,0.0
0,783,1,800,0,0,0,0.0,0.0,0.0,0.0,0.037,0.0,0.0,0.0,0.0,0.0,0.0,0.0,180.30785,20.308235,0.0,0.0,0.0,0.0,0.0,0.0,0.0,180.25908,20.423452,0.0,0.0,0.0,0.0,0.0
0,784,1,801,0,0,0,0.0,0.0,0.0,0.0,0.037,0.0,0.0,0.0,0.0,0.0,0.0,0.0,187.14336,12.745167,0.0,0.0,0.0,0.0,0.0,0.0,0.0,185.09364,12.968434,0.0,0.0,0.0,0.0,0.0
0,785,1,802,0,0,0,0.0,0.0,0.0,0.0,0.037,0.0,0.0,0.0,0.0,0.0,0.0,0.0,183.69008,14.337014,0.0,0.0,0.0,0.0,0.0,0.0,0.0,182.94958,14.388998,0.0,0.0,0.0,0.0,0.0
0,786,1,803,0,0,0,0.0,0.0,0.0,0.0,0.037,0.0,0.0,0.0,0.0,0.0,0.0,0.0,224.93576,7.8444457,0.0,0.0,0.0,0.0,0.0,0.0,0.0,224.48041,8.058881,0.0,0.0,0.0,0.0,0.0
0,787,1,804,0,0,0,0.0,0.0,0.0,0.0,0.037,0.0,0.0,0.0,0.0,0.0,0.0,0.0,223.13634,43.284004,0.0,0.0,0.0,0.0,0.0,0.0,0.0,223.13634,43.286964,0.0,0.0,0.0,0.0,0.0
0,788,1,804,0,0,0,0.0,0.0,0.0,0.0,0.037,0.0,0.0,0.0,0.0,0.0,0.0,0.0,224.31139,9.219119,0.0,0.0,0.0,0.0,0.0,0.0,0.0,224.31139,9.285093,0.0,0.0,0.0,0.0,0.0
0,789,1,805,0,0,0,0.0,0.0,0.0,0.0,0.037,0.0,0.0,0.0,0.0,0.0,0.0,0.0,184.26176,6.0677147,0.0,0.0,0.0,0.0,0.0,0.0,0.0,172.82195,7.102898,0.0,0.0,0.0,0.0,0.0
0,790,1,805,0,0,0,0.0,0.0,0.0,0.0,0.037,0.0,0.0,0.0,0.0,0.0,0.0,0.0,174.66414,7.287552,0.0,0.0,0.0,0.0,0.0,0.0,0.0,172.82195,7.3583145,0.0,0.0,0.0,0.0,0.0
0,791,1,806,0,0,0,0.0,0.0,0.0,0.0,0.037,0.0,0.0,0.0,0.0,0.0,0.0,0.0,181.815,7.461403,0.0,0.0,0.0,0.0,0.0,0.0,0.0,181.815,7.648309,0.0,0.0,0.0,0.0,0.0
0,792,1,807,0,0,0,0.0,0.0,0.0,0.0,0.037,0.0,0.0,0.0,0.0,0.0,0.0,0.0,155.29639,6.366149,0.0,0.0,0.0,0.0,0.0,0.0,0.0,153.6658,6.5394945,0.0,0.0,0.0,0.0,0.0
0,793,1,808,0,0,0,0.0,0.0,0.0,0.0,0.037,0.0,0.0,0.0,0.0,0.0,0.0,0.0,148.32378,62.467953,0.0,0.0,0.0,0.0,0.0,0.0,0.0,148.32378,62.483723,0.0,0.0,0.0,0.0,0.0
0,794,1,809,0,0,0,0.0,0.0,0.0,0.0,0.037,0.0,0.0,0.0,0.0,0.0,0.0,0.0,153.55853,99.16882,0.0,0.0,0.0,0.0,0.0,0.0,0.0,153.55853,99.17376,0.0,0.0,0.0,0.0,0.0
0,795,1,811,0,0,0,0.0,0.0,0.0,0.0,0.037,0.0,0.0,0.0,0.0,0.0,0.0,0.0,201.98463,6.8974133,0.0,0.0,0.0,0.0,0.0,0.0,0.0,201.87604,6.98666,0.0,0.0,0.0,0.0,0.0
0,796,1,812,0,0,0,0.0,0.0,0.0,0.0,0.037,0.0,0.0,0.0,0.0,0.0,0.0,0.0,200.67725,10.114279,0.0,0.0,0.0,0.0,0.0,0.0,0.0,200.18979,10.152297,0.0,0.0,0.0,0.0,0.0
0,797,1,813,0,0,0,0.0,0.0,0.0,0.0,0.037,0.0,0.0,0.0,0.0,0.0,0.0,0.0,202.83112,4.672403,0.0,0.0,0.0,0.0,0.0,0.0,0.0,200.59442,5.893205,0.0,0.0,0.0,0.0,0.0
0,798,1,813,0,0,0,0.0,0.0,0.0,0.0,0.037,0.0,0.0,0.0,0.0,0.0,0.0,0.0,202.11798,18.011522,0.0,0.0,0.0,0.0,0.0,0.0,0.0,200.59442,18.168306,0.0,0.0,0.0,0.0,0.0
0,799,1,814,0,0,0,0.0,0.0,0.0,0.0,0.037,0.0,0.0,0.0,0.0,0.0,0.0,0.0,191.41467,10.01408,0.0,0.0,0.0,0.0,0.0,0.0,0.0,190.33809,10.04351,0.0,0.0,0.0,0.0,0.0
0,800,1,815,0,0,0,0.0,0.0,0.0,0.0,0.037,0.0,0.0,0.0,0.0,0.0,0.0,0.0,180.25908,20.509464,0.0,0.0,0.0,0.0,0.0,0.0,0.0,177.96088,20.575956,0.0,0.0,0.0,0.0,0.0
0,801,1,816,0,0,0,0.0,0.0,0.0,0.0,0.037,0.0,0.0,0.0,0.0,0.0,0.0,0.0,185.09364,13.214209,0.0,0.0,0.0,0.0,0.0,0.0,0.0,177.40463,13.635723,0.0,0.0,0.0,0.0,0.0
0,802,1,816,0,0,0,0.0,0.0,0.0,0.0,0.037,0.0,0.0,0.0,0.0,0.0,0.0,0.0,182.94958,14.68423,0.0,0.0,0.0,0.0,0.0,0.0,0.0,177.40463,14.853212,0.0,0.0,0.0,0.0,0.0
0,803,1,817,0,0,0,0.0,0.0,0.0,0.0,0.037,0.0,0.0,0.0,0.0,0.0,0.0,0.0,224.48041,8.06003,0.0,0.0,0.0,0.0,0.0,0.0,0.0,224.33238,8.094354,0.0,0.0,0.0,0.0,0.0
0,804,1,818,0,0,0,0.0,0.0,0.0,0.0,0.037,0.0,0.0,0.0,0.0,0.0,0.0,0.0,223.13634,43.334404,0.0,0.0,0.0,0.0,0.0,0.0,0.0,223.13634,43.342285,0.0,0.0,0.0,0.0,0.0
0,805,1,819,0,0,0,0.0,0.0,0.0,0.0,0.037,0.0,0.0,0.0,0.0,0.0,0.0,0.0,172.82195,10.249906,0.0,0.0,0.0,0.0,0.0,0.0,0.0,172.82195,10.268719,0.0,0.0,0.0,0.0,0.0
0,806,1,820,0,0,0,0.0,0.0,0.0,0.0,0.037,0.0,0.0,0.0,0.0,0.0,0.0,0.0,181.815,7.8633137,0.0,0.0,0.0,0.0,0.0,0.0,0.0,179.66432,8.065157,0.0,0.0,0.0,0.0,0.0
0,807,1,825,0,0,0,0.0,0.0,0.0,0.0,0.037,0.0,0.0,0.0,0.0,0.0,0.0,0.0,153.6658,6.5394945,0.0,0.0,0.0,0.0,0.0,0.0,0.0,153.56393,6.844831,0.0,0.0,0.0,0.0,0.0
0,808,1,825,0,0,0,0.0,0.0,0.0,0.0,0.037,0.0,0.0,0.0,0.0,0.0,0.0,0.0,148.32378,62.505165,0.0,0.0,0.0,0.0,0.0,0.0,0.0,148.32378,62.512024,0.0,0.0,0.0,0.0,0.0
0,809,1,826,0,0,0,0.0,0.0,0.0,0.0,0.037,0.0,0.0,0.0,0.0,0.0,0.0,0.0,153.55853,99.18218,0.0,0.0,0.0,0.0,0.0,0.0,0.0,153.55853,99.21274,0.0,0.0,0.0,0.0,0.0
0,810,1,827,0,0,0,0.0,0.0,0.0,0.0,0.037,0.0,0.0,0.0,0.0,0.0,0.0,0.0,236.91292,5.386523,0.0,0.0,0.0,0.0,0.0,0.0,0.0,236.73985,5.450514,0.0,0.0,0.0,0.0,0.0
0,811,1,828,0,0,0,0.0,0.0,0.0,0.0,0.037,0.0,0.0,0.0,0.0,0.0,0.0,0.0,201.62889,7.444686,0.0,0.0,0.0,0.0,0.0,0.0,0.0,201.45934,7.506023,0.0,0.0,0.0,0.0,0.0
0,812,1,829,0,0,0,0.0,0.0,0.0,0.0,0.037,0.0,0.0,0.0,0.0,0.0,0.0,0.0,200.18979,10.459116,0.0,0.0,0.0,0.0,0.0,0.0,0.0,199.44244,10.5481615,0.0,0.0,0.0,0.0,0.0
0,813,1,830,0,0,0,0.0,0.0,0.0,0.0,0.037,0.0,0.0,0.0,0.0,0.0,0.0,0.0,200.59442,18.525425,0.0,0.0,0.0,0.0,0.0,0.0,0.0,199.4874,18.610647,0.0,0.0,0.0,0.0,0.0
0,814,1,833,0,0,0,0.0,0.0,0.0,0.0,0.037,0.0,0.0,0.0,0.0,0.0,0.0,0.0,190.33809,10.289514,0.0,0.0,0.0,0.0,0.0,0.0,0.0,190.09651,10.34626,0.0,0.0,0.0,0.0,0.0
0,815,1,834,0,0,0,0.0,0.0,0.0,0.0,0.037,0.0,0.0,0.0,0.0,0.0,0.0,0.0,177.96088,20.575956,0.0,0.0,0.0,0.0,0.0,0.0,0.0,177.5085,20.66888,0.0,0.0,0.0,0.0,0.0
0,816,1,835,0,0,0,0.0,0.0,0.0,0.0,0.037,0.0,0.0,0.0,0.0,0.0,0.0,0.0,177.40463,20.207645,0.0,0.0,0.0,0.0,0.0,0.0,0.0,176.86055,20.220985,0.0,0.0,0.0,0.0,0.0
0,817,1,836,0,0,0,0.0,0.0,0.0,0.0,0.037,0.0,0.0,0.0,0.0,0.0,0.0,0.0,224.33238,8.094354,0.0,0.0,0.0,0.0,0.0,0.0,0.0,224.32718,8.114756,0.0,0.0,0.0,0.0,0.0
0,818,1,837,0,0,0,0.0,0.0,0.0,0.0,0.037,0.0,0.0,0.0,0.0,0.0,0.0,0.0,223.13634,43.342285,0.0,0.0,0.0,0.0,0.0,0.0,0.0,223.13634,43.34704,0.0,0.0,0.0,0.0,0.0
0,819,1,838,0,0,0,0.0,0.0,0.0,0.0,0.037,0.0,0.0,0.0,0.0,0.0,0.0,0.0,172.82195,10.368625,0.0,0.0,0.0,0.0,0.0,0.0,0.0,172.82195,10.443928,0.0,0.0,0.0,0.0,0.0
0,820,1,839,0,0,0,0.0,0.0,0.0,0.0,0.037,0.0,0.0,0.0,0.0,0.0,0.0,0.0,179.66432,9.147215,0.0,0.0,0.0,0.0,0.0,0.0,0.0,175.4683,9.490986,0.0,0.0,0.0,0.0,0.0
0,821,1,840,0,0,0,0.0,0.0,0.0,0.0,0.037,0.0,0.0,0.0,0.0,0.0,0.0,0.0,193.68205,6.4179516,0.0,0.0,0.0,0.0,0.0,0.0,0.0,186.55244,7.315821,0.0,0.0,0.0,0.0,0.0
0,822,1,840,0,0,0,0.0,0.0,0.0,0.0,0.037,0.0,0.0,0.0,0.0,0.0,0.0,0.0,199.0758,5.4532456,0.0,0.0,0.0,0.0,0.0,0.0,0.0,186.55244,6.7050247,0.0,0.0,0.0,0.0,0.0
0,823,1,841,0,0,0,0.0,0.0,0.0,0.0,0.037,0.0,0.0,0.0,0.0,0.0,0.0,0.0,191.53282,6.170542,0.0,0.0,0.0,0.0,0.0,0.0,0.0,177.6408,7.823166,0.0,0.0,0.0,0.0,0.0
0,824,1,841,0,0,0,0.0,0.0,0.0,0.0,0.037,0.0,0.0,0.0,0.0,0.0,0.0,0.0,194.06137,4.1458077,0.0,0.0,0.0,0.0,0.0,0.0,0.0,177.6408,6.455488,0.0,0.0,0.0,0.0,0.0
0,825,1,842,0,0,0,0.0,0.0,0.0,0.0,0.037,0.0,0.0,0.0,0.0,0.0,0.0,0.0,148.32378,62.89923,0.0,0.0,0.0,0.0,0.0,0.0,0.0,148.32378,62.93188,0.0,0.0,0.0,0.0,0.0
0,826,1,843,0,0,0,0.0,0.0,0.0,0.0,0.037,0.0,0.0,0.0,0.0,0.0,0.0,0.0,153.55853,99.266174,0.0,0.0,0.0,0.0,0.0,0.0,0.0,153.55853,99.267525,0.0,0.0,0.0,0.0,0.0
0,827,1,845,0,0,0,0.0,0.0,0.0,0.0,0.037,0.0,0.0,0.0,0.0,0.0,0.0,0.0,236.73985,5.9364104,0.0,0.0,0.0,0.0,0.0,0.0,0.0,236.69487,6.146208,0.0,0.0,0.0,0.0,0.0
0,828,1,846,0,0,0,0.0,0.0,0.0,0.0,0.037,0.0,0.0,0.0,0.0,0.0,0.0,0.0,201.45934,7.7562256,0.0,0.0,0.0,0.0,0.0,0.0,0.0,201.17928,7.7977185,0.0,0.0,0.0,0.0,0.0
0,829,1,847,0,0,0,0.0,0.0,0.0,0.0,0.037,0.0,0.0,0.0,0.0,0.0,0.0,0.0,199.44244,10.764873,0.0,0.0,0.0,0.0,0.0,0.0,0.0,199.20715,10.836401,0.0,0.0,0.0,0.0,0.0
0,830,1,848,0,0,0,0.0,0.0,0.0,0.0,0.037,0.0,0.0,0.0,0.0,0.0,0.0,0.0,199.4874,18.707197,0.0,0.0,0.0,0.0,0.0,0.0,0.0,199.24194,18.735325,0.0,0.0,0.0,0.0,0.0
0,831,1,849,0,0,0,0.0,0.0,0.0,0.0,0.037,0.0,0.0,0.0,0.0,0.0,0.0,0.0,199.6012,5.520071,0.0,0.0,0.0,0.0,0.0,0.0,0.0,199.6012,5.627102,0.0,0.0,0.0,0.0,0.0
0,832,1,850,0,0,0,0.0,0.0,0.0,0.0,0.037,0.0,0.0,0.0,0.0,0.0,0.0,0.0,202.88918,5.1922,0.0,0.0,0.0,0.0,0.0,0.0,0.0,201.23996,5.323104,0.0,0.0,0.0,0.0,0.0
0,833,1,851,0,0,0,0.0,0.0,0.0,0.0,0.037,0.0,0.0,0.0,0.0,0.0,0.0,0.0,190.09651,10.576327,0.0,0.0,0.0,0.0,0.0,0.0,0.0,189.64154,10.6162815,0.0,0.0,0.0,0.0,0.0
0,834,1,853,0,0,0,0.0,0.0,0.0,0.0,0.037,0.0,0.0,0.0,0.0,0.0,0.0,0.0,177.5085,20.72624,0.0,0.0,0.0,0.0,0.0,0.0,0.0,177.2171,20.866434,0.0,0.0,0.0,0.0,0.0
0,835,1,854,0,0,0,0.0,0.0,0.0,0.0,0.037,0.0,0.0,0.0,0.0,0.0,0.0,0.0,176.86055,20.277746,0.0,0.0,0.0,0.0,0.0,0.0,0.0,176.86055,20.328215,0.0,0.0,0.0,0.0,0.0
0,836,1,855,0,0,0,0.0,0.0,0.0,0.0,0.037,0.0,0.0,0.0,0.0,0.0,0.0,0.0,224.32718,8.114756,0.0,0.0,0.0,0.0,0.0,0.0,0.0,224.32718,8.2385435,0.0,0.0,0.0,0.0,0.0
0,837,1,856,0,0,0,0.0,0.0,0.0,0.0,0.037,0.0,0.0,0.0,0.0,0.0,0.0,0.0,223.13634,43.34704,0.0,0.0,0.0,0.0,0.0,0.0,0.0,223.13634,43.352932,0.0,0.0,0.0,0.0,0.0
0,838,1,857,0,0,0,0.0,0.0,0.0,0.0,0.037,0.0,0.0,0.0,0.0,0.0,0.0,0.0,172.82195,10.443928,0.0,0.0,0.0,0.0,0.0,0.0,0.0,172.47789,10.516659,0.0,0.0,0.0,0.0,0.0
0,839,1,858,0,0,0,0.0,0.0,0.0,0.0,0.037,0.0,0.0,0.0,0.0,0.0,0.0,0.0,175.4683,10.464857,0.0,0.0,0.0,0.0,0.0,0.0,0.0,170.67918,10.71312,0.0,0.0,0.0,0.0,0.0
0,840,1,859,0,0,0,0.0,0.0,0.0,0.0,0.037,0.0,0.0,0.0,0.0,0.0,0.0,0.0,186.55244,9.945555,0.0,0.0,0.0,0.0,0.0,0.0,0.0,173.22139,10.883631,0.0,0.0,0.0,0.0,0.0
0,841,1,859,0,0,0,0.0,0.0,0.0,0.0,0.037,0.0,0.0,0.0,0.0,0.0,0.0,0.0,177.6408,10.1646805,0.0,0.0,0.0,0.0,0.0,0.0,0.0,173.22139,10.308533,0.0,0.0,0.0,0.0,0.0
0,842,1,860,0,0,0,0.0,0.0,0.0,0.0,0.037,0.0,0.0,0.0,0.0,0.0,0.0,0.0,148.32378,62.93188,0.0,0.0,0.0,0.0,0.0,0.0,0.0,148.32378,62.935368,0.0,0.0,0.0,0.0,0.0
0,843,1,860,0,0,0,0.0,0.0,0.0,0.0,0.037,0.0,0.0,0.0,0.0,0.0,0.0,0.0,153.55853,99.267525,0.0,0.0,0.0,0.0,0.0,0.0,0.0,148.32378,99.26932,0.0,0.0,0.0,0.0,0.0
0,844,1,862,0,0,0,0.0,0.0,0.0,0.0,0.037,0.0,0.0,0.0,0.0,0.0,0.0,0.0,240.2711,4.3058805,0.0,0.0,0.0,0.0,0.0,0.0,0.0,229.36148,5.794953,0.0,0.0,0.0,0.0,0.0
0,845,1,863,0,0,0,0.0,0.0,0.0,0.0,0.037,0.0,0.0,0.0,0.0,0.0,0.0,0.0,236.69487,6.1692758,0.0,0.0,0.0,0.0,0.0,0.0,0.0,236.69487,6.204978,0.0,0.0,0.0,0.0,0.0
0,846,1,864,0,0,0,0.0,0.0,0.0,0.0,0.037,0.0,0.0,0.0,0.0,0.0,0.0,0.0,201.17928,8.128533,0.0,0.0,0.0,0.0,0.0,0.0,0.0,200.80365,8.152786,0.0,0.0,0.0,0.0,0.0
0,847,1,866,0,0,0,0.0,0.0,0.0,0.0,0.037,0.0,0.0,0.0,0.0,0.0,0.0,0.0,199.20715,10.836401,0.0,0.0,0.0,0.0,0.0,0.0,0.0,199.1052,10.876398,0.0,0.0,0.0,0.0,0.0
0,848,1,866,0,0,0,0.0,0.0,0.0,0.0,0.037,0.0,0.0,0.0,0.0,0.0,0.0,0.0,199.24194,18.735325,0.0,0.0,0.0,0.0,0.0,0.0,0.0,199.1052,18.754347,0.0,0.0,0.0,0.0,0.0
0,849,1,867,0,0,0,0.0,0.0,0.0,0.0,0.037,0.0,0.0,0.0,0.0,0.0,0.0,0.0,199.6012,5.627102,0.0,0.0,0.0,0.0,0.0,0.0,0.0,199.6012,5.7594533,0.0,0.0,0.0,0.0,0.0
0,850,1,868,0,0,0,0.0,0.0,0.0,0.0,0.037,0.0,0.0,0.0,0.0,0.0,0.0,0.0,201.23996,5.5984116,0.0,0.0,0.0,0.0,0.0,0.0,0.0,200.67847,5.855142,0.0,0.0,0.0,0.0,0.0
0,851,1,869,0,0,0,0.0,0.0,0.0,0.0,0.037,0.0,0.0,0.0,0.0,0.0,0.0,0.0,189.64154,10.874359,0.0,0.0,0.0,0.0,0.0,0.0,0.0,188.60425,11.065973,0.0,0.0,0.0,0.0,0.0
0,852,1,869,0,0,0,0.0,0.0,0.0,0.0,0.037,0.0,0.0,0.0,0.0,0.0,0.0,0.0,188.60425,6.6157894,0.0,0.0,0.0,0.0,0.0,0.0,0.0,188.60425,6.757839,0.0,0.0,0.0,0.0,0.0
0,853,1,870,0,0,0,0.0,0.0,0.0,0.0,0.037,0.0,0.0,0.0,0.0,0.0,0.0,0.0,177.2171,21.444212,0.0,0.0,0.0,0.0,0.0,0.0,0.0,176.86055,21.591702,0.0,0.0,0.0,0.0,0.0
0,854,1,870,0,0,0,0.0,0.0,0.0,0.0,0.037,0.0,0.0,0.0,0.0,0.0,0.0,0.0,176.86055,20.414234,0.0,0.0,0.0,0.0,0.0,0.0,0.0,176.86055,20.42702,0.0,0.0,0.0,0.0,0.0
0,855,1,871,0,0,0,0.0,0.0,0.0,0.0,0.037,0.0,0.0,0.0,0.0,0.0,0.0,0.0,224.32718,44.32014,0.0,0.0,0.0,0.0,0.0,0.0,0.0,223.13634,44.34393,0.0,0.0,0.0,0.0,0.0
0,856,1,871,0,0,0,0.0,0.0,0.0,0.0,0.037,0.0,0.0,0.0,0.0,0.0,0.0,0.0,223.13634,43.401306,0.0,0.0,0.0,0.0,0.0,0.0,0.0,223.13634,43.418148,0.0,0.0,0.0,0.0,0.0
0,857,1,872,0,0,0,0.0,0.0,0.0,0.0,0.037,0.0,0.0,0.0,0.0,0.0,0.0,0.0,172.47789,10.516659,0.0,0.0,0.0,0.0,0.0,0.0,0.0,171.99472,10.600777,0.0,0.0,0.0,0.0,0.0
0,858,1,873,0,0,0,0.0,0.0,0.0,0.0,0.037,0.0,0.0,0.0,0.0,0.0,0.0,0.0,170.67918,10.71312,0.0,0.0,0.0,0.0,0.0,0.0,0.0,170.67918,10.7608185,0.0,0.0,0.0,0.0,0.0
0,859,1,873,0,0,0,0.0,0.0,0.0,0.0,0.037,0.0,0.0,0.0,0.0,0.0,0.0,0.0,173.22139,15.023856,0.0,0.0,0.0,0.0,0.0,0.0,0.0,170.64508,15.121606,0.0,0.0,0.0,0.0,0.0
0,860,1,874,0,0,0,0.0,0.0,0.0,0.0,0.037,0.0,0.0,0.0,0.0,0.0,0.0,0.0,148.32378,117.76411,0.0,0.0,0.0,0.0,0.0,0.0,0.0,148.32378,117.77109,0.0,0.0,0.0,0.0,0.0
0,861,1,875,0,0,0,0.0,0.0,0.0,0.0,0.037,0.0,0.0,0.0,0.0,0.0,0.0,0.0,222.93073,51.50011,0.0,0.0,0.0,0.0,0.0,0.0,0.0,222.6564,51.56414,0.0,0.0,0.0,0.0,0.0
0,862,1,876,0,0,0,0.0,0.0,0.0,0.0,0.037,0.0,0.0,0.0,0.0,0.0,0.0,0.0,227.9857,7.1581817,0.0,0.0,0.0,0.0,0.0,0.0,0.0,227.9857,7.1975403,0.0,0.0,0.0,0.0,0.0
0,863,1,877,0,0,0,0.0,0.0,0.0,0.0,0.037,0.0,0.0,0.0,0.0,0.0,0.0,0.0,236.69487,6.3554254,0.0,0.0,0.0,0.0,0.0,0.0,0.0,233.73267,6.5646625,0.0,0.0,0.0,0.0,0.0
0,864,1,880,0,0,0,0.0,0.0,0.0,0.0,0.037,0.0,0.0,0.0,0.0,0.0,0.0,0.0,200.80365,8.152786,0.0,0.0,0.0,0.0,0.0,0.0,0.0,200.04128,8.322143,0.0,0.0,0.0,0.0,0.0
0,865,1,881,0,0,0,0.0,0.0,0.0,0.0,0.037,0.0,0.0,0.0,0.0,0.0,0.0,0.0,200.24086,5.5670276,0.0,0.0,0.0,0.0,0.0,0.0,0.0,200.24086,5.855021,0.0,0.0,0.0,0.0,0.0
0,866,1,882,0,0,0,0.0,0.0,0.0,0.0,0.037,0.0,0.0,0.0,0.0,0.0,0.0,0.0,199.1052,21.558622,0.0,0.0,0.0,0.0,0.0,0.0,0.0,198.72885,21.596748,0.0,0.0,0.0,0.0,0.0
0,867,1,883,0,0,0,0.0,0.0,0.0,0.0,0.037,0.0,0.0,0.0,0.0,0.0,0.0,0.0,199.6012,6.0636177,0.0,0.0,0.0,0.0,0.0,0.0,0.0,199.37964,6.1492114,0.0,0.0,0.0,0.0,0.0
0,868,1,883,0,0,0,0.0,0.0,0.0,0.0,0.037,0.0,0.0,0.0,0.0,0.0,0.0,0.0,200.67847,6.035447,0.0,0.0,0.0,0.0,0.0,0.0,0.0,199.37964,6.1831903,0.0,0.0,0.0,0.0,0.0
0,869,1,884,0,0,0,0.0,0.0,0.0,0.0,0.037,0.0,0.0,0.0,0.0,0.0,0.0,0.0,188.60425,12.990585,0.0,0.0,0.0,0.0,0.0,0.0,0.0,188.13126,13.206772,0.0,0.0,0.0,0.0,0.0
0,870,1,885,0,0,0,0.0,0.0,0.0,0.0,0.037,0.0,0.0,0.0,0.0,0.0,0.0,0.0,176.86055,29.78899,0.0,0.0,0.0,0.0,0.0,0.0,0.0,176.86055,29.798426,0.0,0.0,0.0,0.0,0.0
0,871,1,887,0,0,0,0.0,0.0,0.0,0.0,0.037,0.0,0.0,0.0,0.0,0.0,0.0,0.0,223.13634,44.394634,0.0,0.0,0.0,0.0,0.0,0.0,0.0,223.13634,44.397343,0.0,0.0,0.0,0.0,0.0
0,872,1,888,0,0,0,0.0,0.0,0.0,0.0,0.037,0.0,0.0,0.0,0.0,0.0,0.0,0.0,171.99472,10.600777,0.0,0.0,0.0,0.0,0.0,0.0,0.0,170.58775,10.722998,0.0,0.0,0.0,0.0,0.0
0,873,1,888,0,0,0,0.0,0.0,0.0,0.0,0.037,0.0,0.0,0.0,0.0,0.0,0.0,0.0,170.64508,18.601086,0.0,0.0,0.0,0.0,0.0,0.0,0.0,170.42484,18.622759,0.0,0.0,0.0,0.0,0.0
0,874,1,889,0,0,0,0.0,0.0,0.0,0.0,0.037,0.0,0.0,0.0,0.0,0.0,0.0,0.0,148.32378,117.77537,0.0,0.0,0.0,0.0,0.0,0.0,0.0,148.32378,117.78213,0.0,0.0,0.0,0.0,0.0
0,875,1,891,0,0,0,0.0,0.0,0.0,0.0,0.037,0.0,0.0,0.0,0.0,0.0,0.0,0.0,222.6564,51.686092,0.0,0.0,0.0,0.0,0.0,0.0,0.0,222.65614,51.68996,0.0,0.0,0.0,0.0,0.0
0,876,1,891,0,0,0,0.0,0.0,0.0,0.0,0.037,0.0,0.0,0.0,0.0,0.0,0.0,0.0,227.9857,7.1975403,0.0,0.0,0.0,0.0,0.0,0.0,0.0,222.9612,7.4394245,0.0,0.0,0.0,0.0,0.0
0,877,1,892,0,0,0,0.0,0.0,0.0,0.0,0.037,0.0,0.0,0.0,0.0,0.0,0.0,0.0,233.73267,6.7556295,0.0,0.0,0.0,0.0,0.0,0.0,0.0,231.73242,6.990426,0.0,0.0,0.0,0.0,0.0
0,878,1,893,0,0,0,0.0,0.0,0.0,0.0,0.037,0.0,0.0,0.0,0.0,0.0,0.0,0.0,233.64937,5.5711036,0.0,0.0,0.0,0.0,0.0,0.0,0.0,233.64937,5.739953,0.0,0.0,0.0,0.0,0.0
0,879,1,894,0,0,0,0.0,0.0,0.0,0.0,0.037,0.0,0.0,0.0,0.0,0.0,0.0,0.0,224.28539,43.419373,0.0,0.0,0.0,0.0,0.0,0.0,0.0,224.28539,43.430588,0.0,0.0,0.0,0.0,0.0
0,880,1,895,0,0,0,0.0,0.0,0.0,0.0,0.037,0.0,0.0,0.0,0.0,0.0,0.0,0.0,200.04128,8.388957,0.0,0.0,0.0,0.0,0.0,0.0,0.0,199.06602,8.5661955,0.0,0.0,0.0,0.0,0.0
0,881,1,896,0,0,0,0.0,0.0,0.0,0.0,0.037,0.0,0.0,0.0,0.0,0.0,0.0,0.0,200.24086,6.207839,0.0,0.0,0.0,0.0,0.0,0.0,0.0,200.00331,6.383982,0.0,0.0,0.0,0.0,0.0
0,882,1,897,0,0,0,0.0,0.0,0.0,0.0,0.037,0.0,0.0,0.0,0.0,0.0,0.0,0.0,198.72885,21.667208,0.0,0.0,0.0,0.0,0.0,0.0,0.0,198.55109,21.781952,0.0,0.0,0.0,0.0,0.0
0,883,1,898,0,0,0,0.0,0.0,0.0,0.0,0.037,0.0,0.0,0.0,0.0,0.0,0.0,0.0,199.37964,8.739721,0.0,0.0,0.0,0.0,0.0,0.0,0.0,199.28238,8.856495,0.0,0.0,0.0,0.0,0.0
0,884,1,899,0,0,0,0.0,0.0,0.0,0.0,0.037,0.0,0.0,0.0,0.0,0.0,0.0,0.0,188.13126,13.206772,0.0,0.0,0.0,0.0,0.0,0.0,0.0,187.8194,13.2624235,0.0,0.0,0.0,0.0,0.0
0,885,1,0,0,0,0,0.0,0.0,0.0,0.0,0.037,0.0,0.0,0.0,0.0,0.0,0.0,0.0,176.86055,29.798426,0.0,0.0,0.0,0.0,0.0,0.0,0.0,176.86055,29.83522,0.0,0.0,0.0,0.0,0.0
0,886,1,0,0,0,0,0.0,0.0,0.0,0.0,0.037,0.0,0.0,0.0,0.0,0.0,0.0,0.0,177.9749,12.554785,0.0,0.0,0.0,0.0,0.0,0.0,0.0,176.86055,12.790531,0.0,0.0,0.0,0.0,0.0
0,887,1,0,0,0,0,0.0,0.0,0.0,0.0,0.037,0.0,0.0,0.0,0.0,0.0,0.0,0.0,223.13634,44.397343,0.0,0.0,0.0,0.0,0.0,0.0,0.0,223.13634,44.41125,0.0,0.0,0.0,0.0,0.0
0,888,1,0,0,0,0,0.0,0.0,0.0,0.0,0.037,0.0,0.0,0.0,0.0,0.0,0.0,0.0,170.42484,21.531693,0.0,0.0,0.0,0.0,0.0,0.0,0.0,167.8354,21.75367,0.0,0.0,0.0,0.0,0.0
0,889,1,0,0,0,0,0.0,0.0,0.0,0.0,0.037,0.0,0.0,0.0,0.0,0.0,0.0,0.0,148.32378,117.78213,0.0,0.0,0.0,0.0,0.0,0.0,0.0,148.32378,117.8152,0.0,0.0,0.0,0.0,0.0
0,890,1,0,0,0,0,0.0,0.0,0.0,0.0,0.037,0.0,0.0,0.0,0.0,0.0,0.0,0.0,164.76952,5.0161834,0.0,0.0,0.0,0.0,0.0,0.0,0.0,163.09149,5.542895,0.0,0.0,0.0,0.0,0.0
0,891,1,0,0,0,0,0.0,0.0,0.0,0.0,0.037,0.0,0.0,0.0,0.0,0.0,0.0,0.0,222.65614,52.241043,0.0,0.0,0.0,0.0,0.0,0.0,0.0,222.65614,52.312756,0.0,0.0,0.0,0.0,0.0
0,892,1,0,0,0,0,0.0,0.0,0.0,0.0,0.037,0.0,0.0,0.0,0.0,0.0,0.0,0.0,231.73242,7.2080135,0.0,0.0,0.0,0.0,0.0,0.0,0.0,229.40741,7.38111,0.0,0.0,0.0,0.0,0.0
0,893,1,0,0,0,0,0.0,0.0,0.0,0.0,0.037,0.0,0.0,0.0,0.0,0.0,0.0,0.0,233.64937,6.0446167,0.0,0.0,0.0,0.0,0.0,0.0,0.0,226.07448,6.5590296,0.0,0.0,0.0,0.0,0.0
0,894,1,0,0,0,0,0.0,0.0,0.0,0.0,0.037,0.0,0.0,0.0,0.0,0.0,0.0,0.0,224.28539,44.43312,0.0,0.0,0.0,0.0,0.0,0.0,0.0,224.28539,44.443035,0.0,0.0,0.0,0.0,0.0
0,895,1,0,0,0,0,0.0,0.0,0.0,0.0,0.037,0.0,0.0,0.0,0.0,0.0,0.0,0.0,199.06602,8.804217,0.0,0.0,0.0,0.0,0.0,0.0,0.0,195.78558,9.401023,0.0,0.0,0.0,0.0,0.0
0,896,1,0,0,0,0,0.0,0.0,0.0,0.0,0.037,0.0,0.0,0.0,0.0,0.0,0.0,0.0,200.00331,6.9187264,0.0,0.0,0.0,0.0,0.0,0.0,0.0,198.2792,7.2389493,0.0,0.0,0.0,0.0,0.0
0,897,1,0,0,0,0,0.0,0.0,0.0,0.0,0.037,0.0,0.0,0.0,0.0,0.0,0.0,0.0,198.55109,21.91933,0.0,0.0,0.0,0.0,0.0,0.0,0.0,198.2792,21.976292,0.0,0.0,0.0,0.0,0.0
0,898,1,0,0,0,0,0.0,0.0,0.0,0.0,0.037,0.0,0.0,0.0,0.0,0.0,0.0,0.0,199.28238,9.487824,0.0,0.0,0.0,0.0,0.0,0.0,0.0,199.28238,9.546805,0.0,0.0,0.0,0.0,0.0
0,899,1,0,0,0,0,0.0,0.0,0.0,0.0,0.037,0.0,0.0,0.0,0.0,0.0,0.0,0.0,187.8194,13.710183,0.0,0.0,0.0,0.0,0.0,0.0,0.0,187.06473,13.867909,0.0,0.0,0.0,0.0,0.0
