#k i j bhead cond boundname
1 1 146 177 1000
1 1 147 177 1000
1 1 148 177 1000
1 1 149 177 1000
1 1 150 177 1000
1 1 151 177 1000
1 1 152 177 1000
1 1 153 177 1000
1 1 154 177 1000
1 1 155 177 1000
1 1 156 177 1000
1 1 157 177 1000
1 1 158 177 1000
1 1 159 177 1000
1 1 160 177 1000
1 1 161 177 1000
1 1 162 177 1000
1 1 163 177 1000
1 1 164 177 1000
1 1 165 177 1000
1 1 166 177 1000
1 1 167 177 1000
1 1 168 177 1000
1 2 146 177 1000
1 2 147 177 1000
1 2 148 177 1000
1 2 149 177 1000
1 2 150 177 1000
1 2 151 177 1000
1 2 152 177 1000
1 2 153 177 1000
1 2 154 177 1000
1 2 155 177 1000
1 2 156 177 1000
1 2 157 177 1000
1 2 158 177 1000
1 2 159 177 1000
1 2 160 177 1000
1 2 161 177 1000
1 2 162 177 1000
1 2 163 177 1000
1 2 164 177 1000
1 2 165 177 1000
1 2 166 177 1000
1 2 167 177 1000
1 2 168 177 1000
1 3 147 177 1000
1 3 148 177 1000
1 3 149 177 1000
1 3 150 177 1000
1 3 151 177 1000
1 3 152 177 1000
1 3 153 177 1000
1 3 154 177 1000
1 3 155 177 1000
1 3 156 177 1000
1 3 157 177 1000
1 3 158 177 1000
1 3 159 177 1000
1 3 160 177 1000
1 3 161 177 1000
1 3 162 177 1000
1 3 163 177 1000
1 3 164 177 1000
1 3 165 177 1000
1 3 166 177 1000
1 3 167 177 1000
1 3 168 177 1000
1 4 147 177 1000
1 4 148 177 1000
1 4 149 177 1000
1 4 150 177 1000
1 4 151 177 1000
1 4 152 177 1000
1 4 153 177 1000
1 4 154 177 1000
1 4 155 177 1000
1 4 156 177 1000
1 4 157 177 1000
1 4 158 177 1000
1 4 159 177 1000
1 4 160 177 1000
1 4 161 177 1000
1 4 162 177 1000
1 4 163 177 1000
1 4 164 177 1000
1 4 165 177 1000
1 4 166 177 1000
1 4 167 177 1000
1 4 168 177 1000
1 5 147 177 1000
1 5 148 177 1000
1 5 149 177 1000
1 5 150 177 1000
1 5 151 177 1000
1 5 152 177 1000
1 5 153 177 1000
1 5 154 177 1000
1 5 155 177 1000
1 5 156 177 1000
1 5 157 177 1000
1 5 158 177 1000
1 5 159 177 1000
1 5 160 177 1000
1 5 161 177 1000
1 5 162 177 1000
1 5 163 177 1000
1 5 164 177 1000
1 5 165 177 1000
1 5 166 177 1000
1 5 167 177 1000
1 5 168 177 1000
1 6 148 177 1000
1 6 149 177 1000
1 6 150 177 1000
1 6 151 177 1000
1 6 152 177 1000
1 6 153 177 1000
1 6 154 177 1000
1 6 155 177 1000
1 6 156 177 1000
1 6 157 177 1000
1 6 158 177 1000
1 6 159 177 1000
1 6 160 177 1000
1 6 161 177 1000
1 6 162 177 1000
1 6 163 177 1000
1 6 164 177 1000
1 6 165 177 1000
1 6 166 177 1000
1 6 167 177 1000
1 6 168 177 1000
1 7 148 177 1000
1 7 149 177 1000
1 7 150 177 1000
1 7 151 177 1000
1 7 152 177 1000
1 7 153 177 1000
1 7 154 177 1000
1 7 155 177 1000
1 7 156 177 1000
1 7 157 177 1000
1 7 158 177 1000
1 7 159 177 1000
1 7 160 177 1000
1 7 161 177 1000
1 7 162 177 1000
1 7 163 177 1000
1 7 164 177 1000
1 7 165 177 1000
1 7 166 177 1000
1 7 167 177 1000
1 7 168 177 1000
1 8 149 177 1000
1 8 150 177 1000
1 8 151 177 1000
1 8 152 177 1000
1 8 153 177 1000
1 8 154 177 1000
1 8 155 177 1000
1 8 156 177 1000
1 8 157 177 1000
1 8 158 177 1000
1 8 159 177 1000
1 8 160 177 1000
1 8 161 177 1000
1 8 162 177 1000
1 8 163 177 1000
1 8 164 177 1000
1 8 165 177 1000
1 8 166 177 1000
1 8 167 177 1000
1 8 168 177 1000
1 9 149 177 1000
1 9 150 177 1000
1 9 151 177 1000
1 9 152 177 1000
1 9 153 177 1000
1 9 154 177 1000
1 9 155 177 1000
1 9 156 177 1000
1 9 157 177 1000
1 9 158 177 1000
1 9 159 177 1000
1 9 160 177 1000
1 9 161 177 1000
1 9 162 177 1000
1 9 163 177 1000
1 9 164 177 1000
1 9 165 177 1000
1 9 166 177 1000
1 9 167 177 1000
1 9 168 177 1000
1 10 149 177 1000
1 10 150 177 1000
1 10 151 177 1000
1 10 152 177 1000
1 10 153 177 1000
1 10 154 177 1000
1 10 155 177 1000
1 10 156 177 1000
1 10 157 177 1000
1 10 158 177 1000
1 10 159 177 1000
1 10 160 177 1000
1 10 161 177 1000
1 10 162 177 1000
1 10 163 177 1000
1 10 164 177 1000
1 10 165 177 1000
1 10 166 177 1000
1 10 167 177 1000
1 10 168 177 1000
1 11 150 177 1000
1 11 151 177 1000
1 11 152 177 1000
1 11 153 177 1000
1 11 154 177 1000
1 11 155 177 1000
1 11 156 177 1000
1 11 157 177 1000
1 11 158 177 1000
1 11 159 177 1000
1 11 160 177 1000
1 11 161 177 1000
1 11 162 177 1000
1 11 163 177 1000
1 11 164 177 1000
1 11 165 177 1000
1 11 166 177 1000
1 11 167 177 1000
1 11 168 177 1000
1 12 150 177 1000
1 12 151 177 1000
1 12 152 177 1000
1 12 153 177 1000
1 12 154 177 1000
1 12 155 177 1000
1 12 156 177 1000
1 12 157 177 1000
1 12 158 177 1000
1 12 159 177 1000
1 12 160 177 1000
1 12 161 177 1000
1 12 162 177 1000
1 12 163 177 1000
1 12 164 177 1000
1 12 165 177 1000
1 12 166 177 1000
1 12 167 177 1000
1 12 168 177 1000
1 13 150 177 1000
1 13 151 177 1000
1 13 152 177 1000
1 13 153 177 1000
1 13 154 177 1000
1 13 155 177 1000
1 13 156 177 1000
1 13 157 177 1000
1 13 158 177 1000
1 13 159 177 1000
1 13 160 177 1000
1 13 161 177 1000
1 13 162 177 1000
1 13 163 177 1000
1 13 164 177 1000
1 13 165 177 1000
1 13 166 177 1000
1 13 167 177 1000
1 13 168 177 1000
1 14 150 177 1000
1 14 151 177 1000
1 14 152 177 1000
1 14 153 177 1000
1 14 154 177 1000
1 14 155 177 1000
1 14 156 177 1000
1 14 157 177 1000
1 14 158 177 1000
1 14 159 177 1000
1 14 160 177 1000
1 14 161 177 1000
1 14 162 177 1000
1 14 163 177 1000
1 14 164 177 1000
1 14 165 177 1000
1 14 166 177 1000
1 14 167 177 1000
1 14 168 177 1000
1 15 150 177 1000
1 15 151 177 1000
1 15 152 177 1000
1 15 153 177 1000
1 15 154 177 1000
1 15 155 177 1000
1 15 156 177 1000
1 15 157 177 1000
1 15 158 177 1000
1 15 159 177 1000
1 15 160 177 1000
1 15 161 177 1000
1 15 162 177 1000
1 15 163 177 1000
1 15 164 177 1000
1 15 165 177 1000
1 15 166 177 1000
1 15 167 177 1000
1 15 168 177 1000
1 16 151 177 1000
1 16 152 177 1000
1 16 153 177 1000
1 16 154 177 1000
1 16 155 177 1000
1 16 156 177 1000
1 16 157 177 1000
1 16 158 177 1000
1 16 159 177 1000
1 16 160 177 1000
1 16 161 177 1000
1 16 162 177 1000
1 16 163 177 1000
1 16 164 177 1000
1 16 165 177 1000
1 16 166 177 1000
1 16 167 177 1000
1 16 168 177 1000
1 17 151 177 1000
1 17 152 177 1000
1 17 153 177 1000
1 17 154 177 1000
1 17 155 177 1000
1 17 156 177 1000
1 17 157 177 1000
1 17 158 177 1000
1 17 159 177 1000
1 17 160 177 1000
1 17 161 177 1000
1 17 162 177 1000
1 17 163 177 1000
1 17 164 177 1000
1 17 165 177 1000
1 17 166 177 1000
1 17 167 177 1000
1 17 168 177 1000
1 18 152 177 1000
1 18 153 177 1000
1 18 154 177 1000
1 18 155 177 1000
1 18 156 177 1000
1 18 157 177 1000
1 18 158 177 1000
1 18 159 177 1000
1 18 160 177 1000
1 18 161 177 1000
1 18 162 177 1000
1 18 163 177 1000
1 18 164 177 1000
1 18 165 177 1000
1 18 166 177 1000
1 18 167 177 1000
1 18 168 177 1000
1 19 152 177 1000
1 19 153 177 1000
1 19 154 177 1000
1 19 155 177 1000
1 19 156 177 1000
1 19 157 177 1000
1 19 158 177 1000
1 19 159 177 1000
1 19 160 177 1000
1 19 161 177 1000
1 19 162 177 1000
1 19 163 177 1000
1 19 164 177 1000
1 19 165 177 1000
1 19 166 177 1000
1 19 167 177 1000
1 19 168 177 1000
1 20 152 177 1000
1 20 153 177 1000
1 20 154 177 1000
1 20 155 177 1000
1 20 156 177 1000
1 20 157 177 1000
1 20 158 177 1000
1 20 159 177 1000
1 20 160 177 1000
1 20 161 177 1000
1 20 162 177 1000
1 20 163 177 1000
1 20 164 177 1000
1 20 165 177 1000
1 20 166 177 1000
1 20 167 177 1000
1 20 168 177 1000
1 21 152 177 1000
1 21 153 177 1000
1 21 154 177 1000
1 21 155 177 1000
1 21 156 177 1000
1 21 157 177 1000
1 21 158 177 1000
1 21 159 177 1000
1 21 160 177 1000
1 21 161 177 1000
1 21 162 177 1000
1 21 163 177 1000
1 21 164 177 1000
1 21 165 177 1000
1 21 166 177 1000
1 21 167 177 1000
1 21 168 177 1000
1 22 152 177 1000
1 22 153 177 1000
1 22 154 177 1000
1 22 155 177 1000
1 22 156 177 1000
1 22 157 177 1000
1 22 158 177 1000
1 22 159 177 1000
1 22 160 177 1000
1 22 161 177 1000
1 22 162 177 1000
1 22 163 177 1000
1 22 164 177 1000
1 22 165 177 1000
1 22 166 177 1000
1 22 167 177 1000
1 22 168 177 1000
1 23 152 177 1000
1 23 153 177 1000
1 23 154 177 1000
1 23 155 177 1000
1 23 156 177 1000
1 23 157 177 1000
1 23 158 177 1000
1 23 159 177 1000
1 23 160 177 1000
1 23 161 177 1000
1 23 162 177 1000
1 23 163 177 1000
1 23 164 177 1000
1 23 165 177 1000
1 23 166 177 1000
1 23 167 177 1000
1 23 168 177 1000
1 24 153 177 1000
1 24 154 177 1000
1 24 155 177 1000
1 24 156 177 1000
1 24 157 177 1000
1 24 158 177 1000
1 24 159 177 1000
1 24 160 177 1000
1 24 161 177 1000
1 24 162 177 1000
1 24 163 177 1000
1 24 164 177 1000
1 24 165 177 1000
1 24 166 177 1000
1 24 167 177 1000
1 24 168 177 1000
1 25 153 177 1000
1 25 154 177 1000
1 25 155 177 1000
1 25 156 177 1000
1 25 157 177 1000
1 25 158 177 1000
1 25 159 177 1000
1 25 160 177 1000
1 25 161 177 1000
1 25 162 177 1000
1 25 163 177 1000
1 25 164 177 1000
1 25 165 177 1000
1 25 166 177 1000
1 25 167 177 1000
1 25 168 177 1000
1 26 153 177 1000
1 26 154 177 1000
1 26 155 177 1000
1 26 156 177 1000
1 26 157 177 1000
1 26 158 177 1000
1 26 159 177 1000
1 26 160 177 1000
1 26 161 177 1000
1 26 162 177 1000
1 26 163 177 1000
1 26 164 177 1000
1 26 165 177 1000
1 26 166 177 1000
1 26 167 177 1000
1 26 168 177 1000
1 27 153 177 1000
1 27 154 177 1000
1 27 155 177 1000
1 27 156 177 1000
1 27 157 177 1000
1 27 158 177 1000
1 27 159 177 1000
1 27 160 177 1000
1 27 161 177 1000
1 27 162 177 1000
1 27 163 177 1000
1 27 164 177 1000
1 27 165 177 1000
1 27 166 177 1000
1 27 167 177 1000
1 27 168 177 1000
1 28 153 177 1000
1 28 154 177 1000
1 28 155 177 1000
1 28 156 177 1000
1 28 157 177 1000
1 28 158 177 1000
1 28 159 177 1000
1 28 160 177 1000
1 28 161 177 1000
1 28 162 177 1000
1 28 163 177 1000
1 28 164 177 1000
1 28 165 177 1000
1 28 166 177 1000
1 28 167 177 1000
1 28 168 177 1000
1 29 153 177 1000
1 29 154 177 1000
1 29 155 177 1000
1 29 156 177 1000
1 29 157 177 1000
1 29 158 177 1000
1 29 159 177 1000
1 29 160 177 1000
1 29 161 177 1000
1 29 162 177 1000
1 29 163 177 1000
1 29 164 177 1000
1 29 165 177 1000
1 29 166 177 1000
1 29 167 177 1000
1 29 168 177 1000
1 30 154 177 1000
1 30 155 177 1000
1 30 156 177 1000
1 30 157 177 1000
1 30 158 177 1000
1 30 159 177 1000
1 30 160 177 1000
1 30 161 177 1000
1 30 162 177 1000
1 30 163 177 1000
1 30 164 177 1000
1 30 165 177 1000
1 30 166 177 1000
1 30 167 177 1000
1 30 168 177 1000
1 31 154 177 1000
1 31 155 177 1000
1 31 156 177 1000
1 31 157 177 1000
1 31 158 177 1000
1 31 159 177 1000
1 31 160 177 1000
1 31 161 177 1000
1 31 162 177 1000
1 31 163 177 1000
1 31 164 177 1000
1 31 165 177 1000
1 31 166 177 1000
1 31 167 177 1000
1 31 168 177 1000
1 32 154 177 1000
1 32 155 177 1000
1 32 156 177 1000
1 32 157 177 1000
1 32 158 177 1000
1 32 159 177 1000
1 32 160 177 1000
1 32 161 177 1000
1 32 162 177 1000
1 32 163 177 1000
1 32 164 177 1000
1 32 165 177 1000
1 32 166 177 1000
1 32 167 177 1000
1 32 168 177 1000
1 33 154 177 1000
1 33 155 177 1000
1 33 156 177 1000
1 33 157 177 1000
1 33 158 177 1000
1 33 159 177 1000
1 33 160 177 1000
1 33 161 177 1000
1 33 162 177 1000
1 33 163 177 1000
1 33 164 177 1000
1 33 165 177 1000
1 33 166 177 1000
1 33 167 177 1000
1 33 168 177 1000
1 34 154 177 1000
1 34 155 177 1000
1 34 156 177 1000
1 34 157 177 1000
1 34 158 177 1000
1 34 159 177 1000
1 34 160 177 1000
1 34 161 177 1000
1 34 162 177 1000
1 34 163 177 1000
1 34 164 177 1000
1 34 165 177 1000
1 34 166 177 1000
1 34 167 177 1000
1 34 168 177 1000
1 35 154 177 1000
1 35 155 177 1000
1 35 156 177 1000
1 35 157 177 1000
1 35 158 177 1000
1 35 159 177 1000
1 35 160 177 1000
1 35 161 177 1000
1 35 162 177 1000
1 35 163 177 1000
1 35 164 177 1000
1 35 165 177 1000
1 35 166 177 1000
1 35 167 177 1000
1 35 168 177 1000
1 36 154 177 1000
1 36 155 177 1000
1 36 156 177 1000
1 36 157 177 1000
1 36 158 177 1000
1 36 159 177 1000
1 36 160 177 1000
1 36 161 177 1000
1 36 162 177 1000
1 36 163 177 1000
1 36 164 177 1000
1 36 165 177 1000
1 36 166 177 1000
1 36 167 177 1000
1 36 168 177 1000
1 37 154 177 1000
1 37 155 177 1000
1 37 156 177 1000
1 37 157 177 1000
1 37 158 177 1000
1 37 159 177 1000
1 37 160 177 1000
1 37 161 177 1000
1 37 162 177 1000
1 37 163 177 1000
1 37 164 177 1000
1 37 165 177 1000
1 37 166 177 1000
1 37 167 177 1000
1 37 168 177 1000
1 38 154 177 1000
1 38 155 177 1000
1 38 156 177 1000
1 38 157 177 1000
1 38 158 177 1000
1 38 159 177 1000
1 38 160 177 1000
1 38 161 177 1000
1 38 162 177 1000
1 38 163 177 1000
1 38 164 177 1000
1 38 165 177 1000
1 38 166 177 1000
1 38 167 177 1000
1 38 168 177 1000
1 39 154 177 1000
1 39 155 177 1000
1 39 156 177 1000
1 39 157 177 1000
1 39 158 177 1000
1 39 159 177 1000
1 39 160 177 1000
1 39 161 177 1000
1 39 162 177 1000
1 39 163 177 1000
1 39 164 177 1000
1 39 165 177 1000
1 39 166 177 1000
1 39 167 177 1000
1 39 168 177 1000
1 40 153 177 1000
1 40 154 177 1000
1 40 155 177 1000
1 40 156 177 1000
1 40 157 177 1000
1 40 158 177 1000
1 40 159 177 1000
1 40 160 177 1000
1 40 161 177 1000
1 40 162 177 1000
1 40 163 177 1000
1 40 164 177 1000
1 40 165 177 1000
1 40 166 177 1000
1 40 167 177 1000
1 40 168 177 1000
1 41 153 177 1000
1 41 154 177 1000
1 41 155 177 1000
1 41 156 177 1000
1 41 157 177 1000
1 41 158 177 1000
1 41 159 177 1000
1 41 160 177 1000
1 41 161 177 1000
1 41 162 177 1000
1 41 163 177 1000
1 41 164 177 1000
1 41 165 177 1000
1 41 166 177 1000
1 41 167 177 1000
1 41 168 177 1000
1 42 153 177 1000
1 42 154 177 1000
1 42 155 177 1000
1 42 156 177 1000
1 42 157 177 1000
1 42 158 177 1000
1 42 159 177 1000
1 42 160 177 1000
1 42 161 177 1000
1 42 162 177 1000
1 42 163 177 1000
1 42 164 177 1000
1 42 165 177 1000
1 42 166 177 1000
1 42 167 177 1000
1 42 168 177 1000
1 43 153 177 1000
1 43 154 177 1000
1 43 155 177 1000
1 43 156 177 1000
1 43 157 177 1000
1 43 158 177 1000
1 43 159 177 1000
1 43 160 177 1000
1 43 161 177 1000
1 43 162 177 1000
1 43 163 177 1000
1 43 164 177 1000
1 43 165 177 1000
1 43 166 177 1000
1 43 167 177 1000
1 43 168 177 1000
1 44 153 177 1000
1 44 154 177 1000
1 44 155 177 1000
1 44 156 177 1000
1 44 157 177 1000
1 44 158 177 1000
1 44 159 177 1000
1 44 160 177 1000
1 44 161 177 1000
1 44 162 177 1000
1 44 163 177 1000
1 44 164 177 1000
1 44 165 177 1000
1 44 166 177 1000
1 44 167 177 1000
1 44 168 177 1000
1 45 153 177 1000
1 45 154 177 1000
1 45 155 177 1000
1 45 156 177 1000
1 45 157 177 1000
1 45 158 177 1000
1 45 159 177 1000
1 45 160 177 1000
1 45 161 177 1000
1 45 162 177 1000
1 45 163 177 1000
1 45 164 177 1000
1 45 165 177 1000
1 45 166 177 1000
1 45 167 177 1000
1 45 168 177 1000
1 46 153 177 1000
1 46 154 177 1000
1 46 155 177 1000
1 46 156 177 1000
1 46 157 177 1000
1 46 158 177 1000
1 46 159 177 1000
1 46 160 177 1000
1 46 161 177 1000
1 46 162 177 1000
1 46 163 177 1000
1 46 164 177 1000
1 46 165 177 1000
1 46 166 177 1000
1 46 167 177 1000
1 46 168 177 1000
1 47 153 177 1000
1 47 154 177 1000
1 47 155 177 1000
1 47 156 177 1000
1 47 157 177 1000
1 47 158 177 1000
1 47 159 177 1000
1 47 160 177 1000
1 47 161 177 1000
1 47 162 177 1000
1 47 163 177 1000
1 47 164 177 1000
1 47 165 177 1000
1 47 166 177 1000
1 47 167 177 1000
1 47 168 177 1000
1 48 153 177 1000
1 48 154 177 1000
1 48 155 177 1000
1 48 156 177 1000
1 48 157 177 1000
1 48 158 177 1000
1 48 159 177 1000
1 48 160 177 1000
1 48 161 177 1000
1 48 162 177 1000
1 48 163 177 1000
1 48 164 177 1000
1 48 165 177 1000
1 48 166 177 1000
1 48 167 177 1000
1 48 168 177 1000
1 49 153 177 1000
1 49 154 177 1000
1 49 155 177 1000
1 49 156 177 1000
1 49 157 177 1000
1 49 158 177 1000
1 49 159 177 1000
1 49 160 177 1000
1 49 161 177 1000
1 49 162 177 1000
1 49 163 177 1000
1 49 164 177 1000
1 49 165 177 1000
1 49 166 177 1000
1 49 167 177 1000
1 49 168 177 1000
1 50 153 177 1000
1 50 154 177 1000
1 50 155 177 1000
1 50 156 177 1000
1 50 157 177 1000
1 50 158 177 1000
1 50 159 177 1000
1 50 160 177 1000
1 50 161 177 1000
1 50 162 177 1000
1 50 163 177 1000
1 50 164 177 1000
1 50 165 177 1000
1 50 166 177 1000
1 50 167 177 1000
1 50 168 177 1000
1 51 153 177 1000
1 51 154 177 1000
1 51 155 177 1000
1 51 156 177 1000
1 51 157 177 1000
1 51 158 177 1000
1 51 159 177 1000
1 51 160 177 1000
1 51 161 177 1000
1 51 162 177 1000
1 51 163 177 1000
1 51 164 177 1000
1 51 165 177 1000
1 51 166 177 1000
1 51 167 177 1000
1 51 168 177 1000
1 52 153 177 1000
1 52 154 177 1000
1 52 155 177 1000
1 52 156 177 1000
1 52 157 177 1000
1 52 158 177 1000
1 52 159 177 1000
1 52 160 177 1000
1 52 161 177 1000
1 52 162 177 1000
1 52 163 177 1000
1 52 164 177 1000
1 52 165 177 1000
1 52 166 177 1000
1 52 167 177 1000
1 52 168 177 1000
1 53 154 177 1000
1 53 155 177 1000
1 53 156 177 1000
1 53 157 177 1000
1 53 158 177 1000
1 53 159 177 1000
1 53 160 177 1000
1 53 161 177 1000
1 53 162 177 1000
1 53 163 177 1000
1 53 164 177 1000
1 53 165 177 1000
1 53 166 177 1000
1 53 167 177 1000
1 53 168 177 1000
1 54 154 177 1000
1 54 155 177 1000
1 54 156 177 1000
1 54 157 177 1000
1 54 158 177 1000
1 54 159 177 1000
1 54 160 177 1000
1 54 161 177 1000
1 54 162 177 1000
1 54 163 177 1000
1 54 164 177 1000
1 54 165 177 1000
1 54 166 177 1000
1 54 167 177 1000
1 54 168 177 1000
1 55 154 177 1000
1 55 155 177 1000
1 55 156 177 1000
1 55 157 177 1000
1 55 158 177 1000
1 55 159 177 1000
1 55 160 177 1000
1 55 161 177 1000
1 55 162 177 1000
1 55 163 177 1000
1 55 164 177 1000
1 55 165 177 1000
1 55 166 177 1000
1 55 167 177 1000
1 55 168 177 1000
1 56 154 177 1000
1 56 155 177 1000
1 56 156 177 1000
1 56 157 177 1000
1 56 158 177 1000
1 56 159 177 1000
1 56 160 177 1000
1 56 161 177 1000
1 56 162 177 1000
1 56 163 177 1000
1 56 164 177 1000
1 56 165 177 1000
1 56 166 177 1000
1 56 167 177 1000
1 56 168 177 1000
1 57 154 177 1000
1 57 155 177 1000
1 57 156 177 1000
1 57 157 177 1000
1 57 158 177 1000
1 57 159 177 1000
1 57 160 177 1000
1 57 161 177 1000
1 57 162 177 1000
1 57 163 177 1000
1 57 164 177 1000
1 57 165 177 1000
1 57 166 177 1000
1 57 167 177 1000
1 57 168 177 1000
1 58 154 177 1000
1 58 155 177 1000
1 58 156 177 1000
1 58 157 177 1000
1 58 158 177 1000
1 58 159 177 1000
1 58 160 177 1000
1 58 161 177 1000
1 58 162 177 1000
1 58 163 177 1000
1 58 164 177 1000
1 58 165 177 1000
1 58 166 177 1000
1 58 167 177 1000
1 58 168 177 1000
1 59 154 177 1000
1 59 155 177 1000
1 59 156 177 1000
1 59 157 177 1000
1 59 158 177 1000
1 59 159 177 1000
1 59 160 177 1000
1 59 161 177 1000
1 59 162 177 1000
1 59 163 177 1000
1 59 164 177 1000
1 59 165 177 1000
1 59 166 177 1000
1 59 167 177 1000
1 59 168 177 1000
1 60 154 177 1000
1 60 155 177 1000
1 60 156 177 1000
1 60 157 177 1000
1 60 158 177 1000
1 60 159 177 1000
1 60 160 177 1000
1 60 161 177 1000
1 60 162 177 1000
1 60 163 177 1000
1 60 164 177 1000
1 60 165 177 1000
1 60 166 177 1000
1 60 167 177 1000
1 60 168 177 1000
1 61 155 177 1000
1 61 156 177 1000
1 61 157 177 1000
1 61 158 177 1000
1 61 159 177 1000
1 61 160 177 1000
1 61 161 177 1000
1 61 162 177 1000
1 61 163 177 1000
1 61 164 177 1000
1 61 165 177 1000
1 61 166 177 1000
1 61 167 177 1000
1 61 168 177 1000
1 62 155 177 1000
1 62 156 177 1000
1 62 157 177 1000
1 62 158 177 1000
1 62 159 177 1000
1 62 160 177 1000
1 62 161 177 1000
1 62 162 177 1000
1 62 163 177 1000
1 62 164 177 1000
1 62 165 177 1000
1 62 166 177 1000
1 62 167 177 1000
1 62 168 177 1000
1 63 155 177 1000
1 63 156 177 1000
1 63 157 177 1000
1 63 158 177 1000
1 63 159 177 1000
1 63 160 177 1000
1 63 161 177 1000
1 63 162 177 1000
1 63 163 177 1000
1 63 164 177 1000
1 63 165 177 1000
1 63 166 177 1000
1 63 167 177 1000
1 63 168 177 1000
1 64 155 177 1000
1 64 156 177 1000
1 64 157 177 1000
1 64 158 177 1000
1 64 159 177 1000
1 64 160 177 1000
1 64 161 177 1000
1 64 162 177 1000
1 64 163 177 1000
1 64 164 177 1000
1 64 165 177 1000
1 64 166 177 1000
1 64 167 177 1000
1 64 168 177 1000
1 65 155 177 1000
1 65 156 177 1000
1 65 157 177 1000
1 65 158 177 1000
1 65 159 177 1000
1 65 160 177 1000
1 65 161 177 1000
1 65 162 177 1000
1 65 163 177 1000
1 65 164 177 1000
1 65 165 177 1000
1 65 166 177 1000
1 65 167 177 1000
1 65 168 177 1000
1 66 155 177 1000
1 66 156 177 1000
1 66 157 177 1000
1 66 158 177 1000
1 66 159 177 1000
1 66 160 177 1000
1 66 161 177 1000
1 66 162 177 1000
1 66 163 177 1000
1 66 164 177 1000
1 66 165 177 1000
1 66 166 177 1000
1 66 167 177 1000
1 66 168 177 1000
1 67 155 177 1000
1 67 156 177 1000
1 67 157 177 1000
1 67 158 177 1000
1 67 159 177 1000
1 67 160 177 1000
1 67 161 177 1000
1 67 162 177 1000
1 67 163 177 1000
1 67 164 177 1000
1 67 165 177 1000
1 67 166 177 1000
1 67 167 177 1000
1 67 168 177 1000
1 68 155 177 1000
1 68 156 177 1000
1 68 157 177 1000
1 68 158 177 1000
1 68 159 177 1000
1 68 160 177 1000
1 68 161 177 1000
1 68 162 177 1000
1 68 163 177 1000
1 68 164 177 1000
1 68 165 177 1000
1 68 166 177 1000
1 68 167 177 1000
1 68 168 177 1000
1 69 155 177 1000
1 69 156 177 1000
1 69 157 177 1000
1 69 158 177 1000
1 69 159 177 1000
1 69 160 177 1000
1 69 161 177 1000
1 69 162 177 1000
1 69 163 177 1000
1 69 164 177 1000
1 69 165 177 1000
1 69 166 177 1000
1 69 167 177 1000
1 69 168 177 1000
1 70 155 177 1000
1 70 156 177 1000
1 70 157 177 1000
1 70 158 177 1000
1 70 159 177 1000
1 70 160 177 1000
1 70 161 177 1000
1 70 162 177 1000
1 70 163 177 1000
1 70 164 177 1000
1 70 165 177 1000
1 70 166 177 1000
1 70 167 177 1000
1 70 168 177 1000
1 71 155 177 1000
1 71 156 177 1000
1 71 157 177 1000
1 71 158 177 1000
1 71 159 177 1000
1 71 160 177 1000
1 71 161 177 1000
1 71 162 177 1000
1 71 163 177 1000
1 71 164 177 1000
1 71 165 177 1000
1 71 166 177 1000
1 71 167 177 1000
1 71 168 177 1000
1 72 155 177 1000
1 72 156 177 1000
1 72 157 177 1000
1 72 158 177 1000
1 72 159 177 1000
1 72 160 177 1000
1 72 161 177 1000
1 72 162 177 1000
1 72 163 177 1000
1 72 164 177 1000
1 72 165 177 1000
1 72 166 177 1000
1 72 167 177 1000
1 72 168 177 1000
1 73 155 177 1000
1 73 156 177 1000
1 73 157 177 1000
1 73 158 177 1000
1 73 159 177 1000
1 73 160 177 1000
1 73 161 177 1000
1 73 162 177 1000
1 73 163 177 1000
1 73 164 177 1000
1 73 165 177 1000
1 73 166 177 1000
1 73 167 177 1000
1 73 168 177 1000
1 74 153 177 1000
1 74 154 177 1000
1 74 155 177 1000
1 74 156 177 1000
1 74 157 177 1000
1 74 158 177 1000
1 74 159 177 1000
1 74 160 177 1000
1 74 161 177 1000
1 74 162 177 1000
1 74 163 177 1000
1 74 164 177 1000
1 74 165 177 1000
1 74 166 177 1000
1 74 167 177 1000
1 74 168 177 1000
1 75 152 177 1000
1 75 153 177 1000
1 75 154 177 1000
1 75 155 177 1000
1 75 156 177 1000
1 75 157 177 1000
1 75 158 177 1000
1 75 159 177 1000
1 75 160 177 1000
1 75 161 177 1000
1 75 162 177 1000
1 75 163 177 1000
1 75 164 177 1000
1 75 165 177 1000
1 75 166 177 1000
1 75 167 177 1000
1 75 168 177 1000
1 76 152 177 1000
1 76 153 177 1000
1 76 154 177 1000
1 76 155 177 1000
1 76 156 177 1000
1 76 157 177 1000
1 76 158 177 1000
1 76 159 177 1000
1 76 160 177 1000
1 76 161 177 1000
1 76 162 177 1000
1 76 163 177 1000
1 76 164 177 1000
1 76 165 177 1000
1 76 166 177 1000
1 76 167 177 1000
1 76 168 177 1000
1 77 153 177 1000
1 77 154 177 1000
1 77 155 177 1000
1 77 156 177 1000
1 77 157 177 1000
1 77 158 177 1000
1 77 159 177 1000
1 77 160 177 1000
1 77 161 177 1000
1 77 162 177 1000
1 77 163 177 1000
1 77 164 177 1000
1 77 165 177 1000
1 77 166 177 1000
1 77 167 177 1000
1 77 168 177 1000
1 78 153 177 1000
1 78 154 177 1000
1 78 155 177 1000
1 78 156 177 1000
1 78 157 177 1000
1 78 158 177 1000
1 78 159 177 1000
1 78 160 177 1000
1 78 161 177 1000
1 78 162 177 1000
1 78 163 177 1000
1 78 164 177 1000
1 78 165 177 1000
1 78 166 177 1000
1 78 167 177 1000
1 78 168 177 1000
1 79 152 177 1000
1 79 153 177 1000
1 79 154 177 1000
1 79 155 177 1000
1 79 156 177 1000
1 79 157 177 1000
1 79 158 177 1000
1 79 159 177 1000
1 79 160 177 1000
1 79 161 177 1000
1 79 162 177 1000
1 79 163 177 1000
1 79 164 177 1000
1 79 165 177 1000
1 79 166 177 1000
1 79 167 177 1000
1 79 168 177 1000
1 80 152 177 1000
1 80 153 177 1000
1 80 154 177 1000
1 80 155 177 1000
1 80 156 177 1000
1 80 157 177 1000
1 80 158 177 1000
1 80 159 177 1000
1 80 160 177 1000
1 80 161 177 1000
1 80 162 177 1000
1 80 163 177 1000
1 80 164 177 1000
1 80 165 177 1000
1 80 166 177 1000
1 80 167 177 1000
1 80 168 177 1000
1 81 152 177 1000
1 81 153 177 1000
1 81 154 177 1000
1 81 155 177 1000
1 81 156 177 1000
1 81 157 177 1000
1 81 158 177 1000
1 81 159 177 1000
1 81 160 177 1000
1 81 161 177 1000
1 81 162 177 1000
1 81 163 177 1000
1 81 164 177 1000
1 81 165 177 1000
1 81 166 177 1000
1 81 167 177 1000
1 81 168 177 1000
1 82 151 177 1000
1 82 152 177 1000
1 82 153 177 1000
1 82 154 177 1000
1 82 155 177 1000
1 82 156 177 1000
1 82 157 177 1000
1 82 158 177 1000
1 82 159 177 1000
1 82 160 177 1000
1 82 161 177 1000
1 82 162 177 1000
1 82 163 177 1000
1 82 164 177 1000
1 82 165 177 1000
1 82 166 177 1000
1 82 167 177 1000
1 82 168 177 1000
1 83 148 177 1000
1 83 149 177 1000
1 83 151 177 1000
1 83 152 177 1000
1 83 153 177 1000
1 83 154 177 1000
1 83 155 177 1000
1 83 156 177 1000
1 83 157 177 1000
1 83 158 177 1000
1 83 159 177 1000
1 83 160 177 1000
1 83 161 177 1000
1 83 162 177 1000
1 83 163 177 1000
1 83 164 177 1000
1 83 165 177 1000
1 83 166 177 1000
1 83 167 177 1000
1 83 168 177 1000
1 84 149 177 1000
1 84 151 177 1000
1 84 152 177 1000
1 84 153 177 1000
1 84 154 177 1000
1 84 155 177 1000
1 84 156 177 1000
1 84 157 177 1000
1 84 158 177 1000
1 84 159 177 1000
1 84 160 177 1000
1 84 161 177 1000
1 84 162 177 1000
1 84 163 177 1000
1 84 164 177 1000
1 84 165 177 1000
1 84 166 177 1000
1 84 167 177 1000
1 84 168 177 1000
1 85 148 177 1000
1 85 149 177 1000
1 85 151 177 1000
1 85 152 177 1000
1 85 153 177 1000
1 85 154 177 1000
1 85 155 177 1000
1 85 156 177 1000
1 85 157 177 1000
1 85 158 177 1000
1 85 159 177 1000
1 85 160 177 1000
1 85 161 177 1000
1 85 162 177 1000
1 85 163 177 1000
1 85 164 177 1000
1 85 165 177 1000
1 85 166 177 1000
1 85 167 177 1000
1 85 168 177 1000
1 86 148 177 1000
1 86 149 177 1000
1 86 151 177 1000
1 86 152 177 1000
1 86 153 177 1000
1 86 154 177 1000
1 86 155 177 1000
1 86 156 177 1000
1 86 157 177 1000
1 86 158 177 1000
1 86 159 177 1000
1 86 160 177 1000
1 86 161 177 1000
1 86 162 177 1000
1 86 163 177 1000
1 86 164 177 1000
1 86 165 177 1000
1 86 166 177 1000
1 86 167 177 1000
1 86 168 177 1000
1 87 148 177 1000
1 87 149 177 1000
1 87 150 177 1000
1 87 151 177 1000
1 87 152 177 1000
1 87 153 177 1000
1 87 154 177 1000
1 87 155 177 1000
1 87 156 177 1000
1 87 157 177 1000
1 87 158 177 1000
1 87 159 177 1000
1 87 160 177 1000
1 87 161 177 1000
1 87 162 177 1000
1 87 163 177 1000
1 87 164 177 1000
1 87 165 177 1000
1 87 166 177 1000
1 87 167 177 1000
1 87 168 177 1000
1 88 148 177 1000
1 88 149 177 1000
1 88 150 177 1000
1 88 151 177 1000
1 88 152 177 1000
1 88 153 177 1000
1 88 154 177 1000
1 88 155 177 1000
1 88 156 177 1000
1 88 157 177 1000
1 88 158 177 1000
1 88 159 177 1000
1 88 160 177 1000
1 88 161 177 1000
1 88 162 177 1000
1 88 163 177 1000
1 88 164 177 1000
1 88 165 177 1000
1 88 166 177 1000
1 88 167 177 1000
1 88 168 177 1000
1 89 148 177 1000
1 89 149 177 1000
1 89 150 177 1000
1 89 151 177 1000
1 89 152 177 1000
1 89 153 177 1000
1 89 154 177 1000
1 89 155 177 1000
1 89 156 177 1000
1 89 157 177 1000
1 89 158 177 1000
1 89 159 177 1000
1 89 160 177 1000
1 89 161 177 1000
1 89 162 177 1000
1 89 163 177 1000
1 89 164 177 1000
1 89 165 177 1000
1 89 166 177 1000
1 89 167 177 1000
1 89 168 177 1000
1 90 148 177 1000
1 90 149 177 1000
1 90 150 177 1000
1 90 151 177 1000
1 90 152 177 1000
1 90 153 177 1000
1 90 154 177 1000
1 90 155 177 1000
1 90 156 177 1000
1 90 157 177 1000
1 90 158 177 1000
1 90 159 177 1000
1 90 160 177 1000
1 90 161 177 1000
1 90 162 177 1000
1 90 163 177 1000
1 90 164 177 1000
1 90 165 177 1000
1 90 166 177 1000
1 90 167 177 1000
1 90 168 177 1000
1 91 148 177 1000
1 91 149 177 1000
1 91 150 177 1000
1 91 151 177 1000
1 91 152 177 1000
1 91 153 177 1000
1 91 154 177 1000
1 91 155 177 1000
1 91 156 177 1000
1 91 157 177 1000
1 91 158 177 1000
1 91 159 177 1000
1 91 160 177 1000
1 91 161 177 1000
1 91 162 177 1000
1 91 163 177 1000
1 91 164 177 1000
1 91 165 177 1000
1 91 166 177 1000
1 91 167 177 1000
1 91 168 177 1000
1 92 148 177 1000
1 92 149 177 1000
1 92 150 177 1000
1 92 151 177 1000
1 92 152 177 1000
1 92 153 177 1000
1 92 154 177 1000
1 92 155 177 1000
1 92 156 177 1000
1 92 157 177 1000
1 92 158 177 1000
1 92 159 177 1000
1 92 160 177 1000
1 92 161 177 1000
1 92 162 177 1000
1 92 163 177 1000
1 92 164 177 1000
1 92 165 177 1000
1 92 166 177 1000
1 92 167 177 1000
1 92 168 177 1000
1 93 148 177 1000
1 93 149 177 1000
1 93 150 177 1000
1 93 151 177 1000
1 93 152 177 1000
1 93 153 177 1000
1 93 154 177 1000
1 93 155 177 1000
1 93 156 177 1000
1 93 157 177 1000
1 93 158 177 1000
1 93 159 177 1000
1 93 160 177 1000
1 93 161 177 1000
1 93 162 177 1000
1 93 163 177 1000
1 93 164 177 1000
1 93 165 177 1000
1 93 166 177 1000
1 93 167 177 1000
1 93 168 177 1000
1 94 148 177 1000
1 94 149 177 1000
1 94 150 177 1000
1 94 151 177 1000
1 94 152 177 1000
1 94 153 177 1000
1 94 154 177 1000
1 94 155 177 1000
1 94 156 177 1000
1 94 157 177 1000
1 94 158 177 1000
1 94 159 177 1000
1 94 160 177 1000
1 94 161 177 1000
1 94 162 177 1000
1 94 163 177 1000
1 94 164 177 1000
1 94 165 177 1000
1 94 166 177 1000
1 94 167 177 1000
1 94 168 177 1000
1 95 148 177 1000
1 95 149 177 1000
1 95 150 177 1000
1 95 151 177 1000
1 95 152 177 1000
1 95 153 177 1000
1 95 154 177 1000
1 95 155 177 1000
1 95 156 177 1000
1 95 157 177 1000
1 95 158 177 1000
1 95 159 177 1000
1 95 160 177 1000
1 95 161 177 1000
1 95 162 177 1000
1 95 163 177 1000
1 95 164 177 1000
1 95 165 177 1000
1 95 166 177 1000
1 95 167 177 1000
1 95 168 177 1000
1 96 148 177 1000
1 96 149 177 1000
1 96 150 177 1000
1 96 151 177 1000
1 96 152 177 1000
1 96 153 177 1000
1 96 154 177 1000
1 96 155 177 1000
1 96 156 177 1000
1 96 157 177 1000
1 96 158 177 1000
1 96 159 177 1000
1 96 160 177 1000
1 96 161 177 1000
1 96 162 177 1000
1 96 163 177 1000
1 96 164 177 1000
1 96 165 177 1000
1 96 166 177 1000
1 96 167 177 1000
1 96 168 177 1000
1 97 148 177 1000
1 97 149 177 1000
1 97 150 177 1000
1 97 151 177 1000
1 97 152 177 1000
1 97 153 177 1000
1 97 154 177 1000
1 97 155 177 1000
1 97 156 177 1000
1 97 157 177 1000
1 97 158 177 1000
1 97 159 177 1000
1 97 160 177 1000
1 97 161 177 1000
1 97 162 177 1000
1 97 163 177 1000
1 97 164 177 1000
1 97 165 177 1000
1 97 166 177 1000
1 97 167 177 1000
1 97 168 177 1000
1 98 148 177 1000
1 98 149 177 1000
1 98 150 177 1000
1 98 151 177 1000
1 98 152 177 1000
1 98 153 177 1000
1 98 154 177 1000
1 98 155 177 1000
1 98 156 177 1000
1 98 157 177 1000
1 98 158 177 1000
1 98 159 177 1000
1 98 160 177 1000
1 98 161 177 1000
1 98 162 177 1000
1 98 163 177 1000
1 98 164 177 1000
1 98 165 177 1000
1 98 166 177 1000
1 98 167 177 1000
1 98 168 177 1000
1 99 148 177 1000
1 99 149 177 1000
1 99 150 177 1000
1 99 151 177 1000
1 99 152 177 1000
1 99 153 177 1000
1 99 154 177 1000
1 99 155 177 1000
1 99 156 177 1000
1 99 157 177 1000
1 99 158 177 1000
1 99 159 177 1000
1 99 160 177 1000
1 99 161 177 1000
1 99 162 177 1000
1 99 163 177 1000
1 99 164 177 1000
1 99 165 177 1000
1 99 166 177 1000
1 99 167 177 1000
1 99 168 177 1000
1 100 148 177 1000
1 100 149 177 1000
1 100 150 177 1000
1 100 151 177 1000
1 100 152 177 1000
1 100 153 177 1000
1 100 154 177 1000
1 100 155 177 1000
1 100 156 177 1000
1 100 157 177 1000
1 100 158 177 1000
1 100 159 177 1000
1 100 160 177 1000
1 100 161 177 1000
1 100 162 177 1000
1 100 163 177 1000
1 100 164 177 1000
1 100 165 177 1000
1 100 166 177 1000
1 100 167 177 1000
1 100 168 177 1000
1 101 148 177 1000
1 101 149 177 1000
1 101 150 177 1000
1 101 151 177 1000
1 101 152 177 1000
1 101 153 177 1000
1 101 154 177 1000
1 101 155 177 1000
1 101 156 177 1000
1 101 157 177 1000
1 101 158 177 1000
1 101 159 177 1000
1 101 160 177 1000
1 101 161 177 1000
1 101 162 177 1000
1 101 163 177 1000
1 101 164 177 1000
1 101 165 177 1000
1 101 166 177 1000
1 101 167 177 1000
1 101 168 177 1000
1 102 148 177 1000
1 102 149 177 1000
1 102 150 177 1000
1 102 151 177 1000
1 102 152 177 1000
1 102 153 177 1000
1 102 154 177 1000
1 102 155 177 1000
1 102 156 177 1000
1 102 157 177 1000
1 102 158 177 1000
1 102 159 177 1000
1 102 160 177 1000
1 102 161 177 1000
1 102 162 177 1000
1 102 163 177 1000
1 102 164 177 1000
1 102 165 177 1000
1 102 166 177 1000
1 102 167 177 1000
1 102 168 177 1000
1 103 147 177 1000
1 103 148 177 1000
1 103 149 177 1000
1 103 150 177 1000
1 103 151 177 1000
1 103 152 177 1000
1 103 153 177 1000
1 103 154 177 1000
1 103 155 177 1000
1 103 156 177 1000
1 103 157 177 1000
1 103 158 177 1000
1 103 159 177 1000
1 103 160 177 1000
1 103 161 177 1000
1 103 162 177 1000
1 103 163 177 1000
1 103 164 177 1000
1 103 165 177 1000
1 103 166 177 1000
1 103 167 177 1000
1 103 168 177 1000
1 104 147 177 1000
1 104 148 177 1000
1 104 149 177 1000
1 104 150 177 1000
1 104 151 177 1000
1 104 152 177 1000
1 104 153 177 1000
1 104 154 177 1000
1 104 155 177 1000
1 104 156 177 1000
1 104 157 177 1000
1 104 158 177 1000
1 104 159 177 1000
1 104 160 177 1000
1 104 161 177 1000
1 104 162 177 1000
1 104 163 177 1000
1 104 164 177 1000
1 104 165 177 1000
1 104 166 177 1000
1 104 167 177 1000
1 104 168 177 1000
1 105 147 177 1000
1 105 148 177 1000
1 105 149 177 1000
1 105 150 177 1000
1 105 151 177 1000
1 105 152 177 1000
1 105 153 177 1000
1 105 154 177 1000
1 105 155 177 1000
1 105 156 177 1000
1 105 157 177 1000
1 105 158 177 1000
1 105 159 177 1000
1 105 160 177 1000
1 105 161 177 1000
1 105 162 177 1000
1 105 163 177 1000
1 105 164 177 1000
1 105 165 177 1000
1 105 166 177 1000
1 105 167 177 1000
1 105 168 177 1000
1 106 147 177 1000
1 106 148 177 1000
1 106 149 177 1000
1 106 150 177 1000
1 106 151 177 1000
1 106 152 177 1000
1 106 153 177 1000
1 106 154 177 1000
1 106 155 177 1000
1 106 156 177 1000
1 106 157 177 1000
1 106 158 177 1000
1 106 159 177 1000
1 106 160 177 1000
1 106 161 177 1000
1 106 162 177 1000
1 106 163 177 1000
1 106 164 177 1000
1 106 165 177 1000
1 106 166 177 1000
1 106 167 177 1000
1 106 168 177 1000
1 107 147 177 1000
1 107 148 177 1000
1 107 149 177 1000
1 107 150 177 1000
1 107 151 177 1000
1 107 152 177 1000
1 107 153 177 1000
1 107 154 177 1000
1 107 155 177 1000
1 107 156 177 1000
1 107 157 177 1000
1 107 158 177 1000
1 107 159 177 1000
1 107 160 177 1000
1 107 161 177 1000
1 107 162 177 1000
1 107 163 177 1000
1 107 164 177 1000
1 107 165 177 1000
1 107 166 177 1000
1 107 167 177 1000
1 107 168 177 1000
1 108 147 177 1000
1 108 148 177 1000
1 108 149 177 1000
1 108 150 177 1000
1 108 151 177 1000
1 108 152 177 1000
1 108 153 177 1000
1 108 154 177 1000
1 108 155 177 1000
1 108 156 177 1000
1 108 157 177 1000
1 108 158 177 1000
1 108 159 177 1000
1 108 160 177 1000
1 108 161 177 1000
1 108 162 177 1000
1 108 163 177 1000
1 108 164 177 1000
1 108 165 177 1000
1 108 166 177 1000
1 108 167 177 1000
1 108 168 177 1000
1 109 147 177 1000
1 109 148 177 1000
1 109 149 177 1000
1 109 150 177 1000
1 109 151 177 1000
1 109 152 177 1000
1 109 153 177 1000
1 109 154 177 1000
1 109 155 177 1000
1 109 156 177 1000
1 109 157 177 1000
1 109 158 177 1000
1 109 159 177 1000
1 109 160 177 1000
1 109 161 177 1000
1 109 162 177 1000
1 109 163 177 1000
1 109 164 177 1000
1 109 165 177 1000
1 109 166 177 1000
1 109 167 177 1000
1 109 168 177 1000
1 110 147 177 1000
1 110 148 177 1000
1 110 149 177 1000
1 110 150 177 1000
1 110 151 177 1000
1 110 152 177 1000
1 110 153 177 1000
1 110 154 177 1000
1 110 155 177 1000
1 110 156 177 1000
1 110 157 177 1000
1 110 158 177 1000
1 110 159 177 1000
1 110 160 177 1000
1 110 161 177 1000
1 110 162 177 1000
1 110 163 177 1000
1 110 164 177 1000
1 110 165 177 1000
1 110 166 177 1000
1 110 167 177 1000
1 110 168 177 1000
1 111 147 177 1000
1 111 148 177 1000
1 111 149 177 1000
1 111 150 177 1000
1 111 151 177 1000
1 111 152 177 1000
1 111 153 177 1000
1 111 154 177 1000
1 111 155 177 1000
1 111 156 177 1000
1 111 157 177 1000
1 111 158 177 1000
1 111 159 177 1000
1 111 160 177 1000
1 111 161 177 1000
1 111 162 177 1000
1 111 163 177 1000
1 111 164 177 1000
1 111 165 177 1000
1 111 166 177 1000
1 111 167 177 1000
1 111 168 177 1000
1 112 147 177 1000
1 112 148 177 1000
1 112 149 177 1000
1 112 150 177 1000
1 112 151 177 1000
1 112 152 177 1000
1 112 153 177 1000
1 112 154 177 1000
1 112 155 177 1000
1 112 156 177 1000
1 112 157 177 1000
1 112 158 177 1000
1 112 159 177 1000
1 112 160 177 1000
1 112 161 177 1000
1 112 162 177 1000
1 112 163 177 1000
1 112 164 177 1000
1 112 165 177 1000
1 112 166 177 1000
1 112 167 177 1000
1 112 168 177 1000
1 113 147 177 1000
1 113 148 177 1000
1 113 149 177 1000
1 113 150 177 1000
1 113 151 177 1000
1 113 152 177 1000
1 113 153 177 1000
1 113 154 177 1000
1 113 155 177 1000
1 113 156 177 1000
1 113 157 177 1000
1 113 158 177 1000
1 113 159 177 1000
1 113 160 177 1000
1 113 161 177 1000
1 113 162 177 1000
1 113 163 177 1000
1 113 164 177 1000
1 113 165 177 1000
1 113 166 177 1000
1 113 167 177 1000
1 113 168 177 1000
1 114 148 177 1000
1 114 149 177 1000
1 114 150 177 1000
1 114 151 177 1000
1 114 152 177 1000
1 114 153 177 1000
1 114 154 177 1000
1 114 155 177 1000
1 114 156 177 1000
1 114 157 177 1000
1 114 158 177 1000
1 114 159 177 1000
1 114 160 177 1000
1 114 161 177 1000
1 114 162 177 1000
1 114 163 177 1000
1 114 164 177 1000
1 114 165 177 1000
1 114 166 177 1000
1 114 167 177 1000
1 114 168 177 1000
1 115 147 177 1000
1 115 148 177 1000
1 115 149 177 1000
1 115 150 177 1000
1 115 151 177 1000
1 115 152 177 1000
1 115 153 177 1000
1 115 154 177 1000
1 115 155 177 1000
1 115 156 177 1000
1 115 157 177 1000
1 115 158 177 1000
1 115 159 177 1000
1 115 160 177 1000
1 115 161 177 1000
1 115 162 177 1000
1 115 163 177 1000
1 115 164 177 1000
1 115 165 177 1000
1 115 166 177 1000
1 115 167 177 1000
1 115 168 177 1000
1 116 147 177 1000
1 116 148 177 1000
1 116 149 177 1000
1 116 150 177 1000
1 116 151 177 1000
1 116 152 177 1000
1 116 153 177 1000
1 116 154 177 1000
1 116 155 177 1000
1 116 156 177 1000
1 116 157 177 1000
1 116 158 177 1000
1 116 159 177 1000
1 116 160 177 1000
1 116 161 177 1000
1 116 162 177 1000
1 116 163 177 1000
1 116 164 177 1000
1 116 165 177 1000
1 116 166 177 1000
1 116 167 177 1000
1 116 168 177 1000
1 117 146 177 1000
1 117 147 177 1000
1 117 148 177 1000
1 117 149 177 1000
1 117 150 177 1000
1 117 151 177 1000
1 117 152 177 1000
1 117 153 177 1000
1 117 154 177 1000
1 117 155 177 1000
1 117 156 177 1000
1 117 157 177 1000
1 117 158 177 1000
1 117 159 177 1000
1 117 160 177 1000
1 117 161 177 1000
1 117 162 177 1000
1 117 163 177 1000
1 117 164 177 1000
1 117 165 177 1000
1 117 166 177 1000
1 117 167 177 1000
1 117 168 177 1000
1 118 147 177 1000
1 118 148 177 1000
1 118 149 177 1000
1 118 150 177 1000
1 118 151 177 1000
1 118 152 177 1000
1 118 153 177 1000
1 118 154 177 1000
1 118 155 177 1000
1 118 156 177 1000
1 118 157 177 1000
1 118 158 177 1000
1 118 159 177 1000
1 118 160 177 1000
1 118 161 177 1000
1 118 162 177 1000
1 118 163 177 1000
1 118 164 177 1000
1 118 165 177 1000
1 118 166 177 1000
1 118 167 177 1000
1 118 168 177 1000
1 119 147 177 1000
1 119 148 177 1000
1 119 149 177 1000
1 119 150 177 1000
1 119 151 177 1000
1 119 152 177 1000
1 119 153 177 1000
1 119 154 177 1000
1 119 155 177 1000
1 119 156 177 1000
1 119 157 177 1000
1 119 158 177 1000
1 119 159 177 1000
1 119 160 177 1000
1 119 161 177 1000
1 119 162 177 1000
1 119 163 177 1000
1 119 164 177 1000
1 119 165 177 1000
1 119 166 177 1000
1 119 167 177 1000
1 119 168 177 1000
1 120 147 177 1000
1 120 148 177 1000
1 120 149 177 1000
1 120 150 177 1000
1 120 151 177 1000
1 120 152 177 1000
1 120 153 177 1000
1 120 154 177 1000
1 120 155 177 1000
1 120 156 177 1000
1 120 157 177 1000
1 120 158 177 1000
1 120 159 177 1000
1 120 160 177 1000
1 120 161 177 1000
1 120 162 177 1000
1 120 163 177 1000
1 120 164 177 1000
1 120 165 177 1000
1 120 166 177 1000
1 120 167 177 1000
1 120 168 177 1000
1 121 147 177 1000
1 121 148 177 1000
1 121 149 177 1000
1 121 150 177 1000
1 121 151 177 1000
1 121 152 177 1000
1 121 153 177 1000
1 121 154 177 1000
1 121 155 177 1000
1 121 156 177 1000
1 121 157 177 1000
1 121 158 177 1000
1 121 159 177 1000
1 121 160 177 1000
1 121 161 177 1000
1 121 162 177 1000
1 121 163 177 1000
1 121 164 177 1000
1 121 165 177 1000
1 121 166 177 1000
1 121 167 177 1000
1 121 168 177 1000
1 122 147 177 1000
1 122 148 177 1000
1 122 149 177 1000
1 122 150 177 1000
1 122 151 177 1000
1 122 152 177 1000
1 122 153 177 1000
1 122 154 177 1000
1 122 155 177 1000
1 122 156 177 1000
1 122 157 177 1000
1 122 158 177 1000
1 122 159 177 1000
1 122 160 177 1000
1 122 161 177 1000
1 122 162 177 1000
1 122 163 177 1000
1 122 164 177 1000
1 122 165 177 1000
1 122 166 177 1000
1 122 167 177 1000
1 122 168 177 1000
1 123 147 177 1000
1 123 148 177 1000
1 123 149 177 1000
1 123 150 177 1000
1 123 151 177 1000
1 123 152 177 1000
1 123 153 177 1000
1 123 154 177 1000
1 123 155 177 1000
1 123 156 177 1000
1 123 157 177 1000
1 123 158 177 1000
1 123 159 177 1000
1 123 160 177 1000
1 123 161 177 1000
1 123 162 177 1000
1 123 163 177 1000
1 123 164 177 1000
1 123 165 177 1000
1 123 166 177 1000
1 123 167 177 1000
1 123 168 177 1000
1 124 148 177 1000
1 124 149 177 1000
1 124 150 177 1000
1 124 151 177 1000
1 124 152 177 1000
1 124 153 177 1000
1 124 154 177 1000
1 124 155 177 1000
1 124 156 177 1000
1 124 157 177 1000
1 124 158 177 1000
1 124 159 177 1000
1 124 160 177 1000
1 124 161 177 1000
1 124 162 177 1000
1 124 163 177 1000
1 124 164 177 1000
1 124 165 177 1000
1 124 166 177 1000
1 124 167 177 1000
1 124 168 177 1000
1 125 147 177 1000
1 125 148 177 1000
1 125 149 177 1000
1 125 150 177 1000
1 125 151 177 1000
1 125 152 177 1000
1 125 153 177 1000
1 125 154 177 1000
1 125 155 177 1000
1 125 156 177 1000
1 125 157 177 1000
1 125 158 177 1000
1 125 159 177 1000
1 125 160 177 1000
1 125 161 177 1000
1 125 162 177 1000
1 125 163 177 1000
1 125 164 177 1000
1 125 165 177 1000
1 125 166 177 1000
1 125 167 177 1000
1 125 168 177 1000
1 126 148 177 1000
1 126 149 177 1000
1 126 150 177 1000
1 126 151 177 1000
1 126 152 177 1000
1 126 153 177 1000
1 126 154 177 1000
1 126 155 177 1000
1 126 156 177 1000
1 126 157 177 1000
1 126 158 177 1000
1 126 159 177 1000
1 126 160 177 1000
1 126 161 177 1000
1 126 162 177 1000
1 126 163 177 1000
1 126 164 177 1000
1 126 165 177 1000
1 126 166 177 1000
1 126 167 177 1000
1 126 168 177 1000
1 127 148 177 1000
1 127 149 177 1000
1 127 150 177 1000
1 127 151 177 1000
1 127 152 177 1000
1 127 153 177 1000
1 127 154 177 1000
1 127 155 177 1000
1 127 156 177 1000
1 127 157 177 1000
1 127 158 177 1000
1 127 159 177 1000
1 127 160 177 1000
1 127 161 177 1000
1 127 162 177 1000
1 127 163 177 1000
1 127 164 177 1000
1 127 165 177 1000
1 127 166 177 1000
1 127 167 177 1000
1 127 168 177 1000
1 128 148 177 1000
1 128 149 177 1000
1 128 150 177 1000
1 128 151 177 1000
1 128 152 177 1000
1 128 153 177 1000
1 128 154 177 1000
1 128 155 177 1000
1 128 156 177 1000
1 128 157 177 1000
1 128 158 177 1000
1 128 159 177 1000
1 128 160 177 1000
1 128 161 177 1000
1 128 162 177 1000
1 128 163 177 1000
1 128 164 177 1000
1 128 165 177 1000
1 128 166 177 1000
1 128 167 177 1000
1 128 168 177 1000
1 129 148 177 1000
1 129 149 177 1000
1 129 150 177 1000
1 129 151 177 1000
1 129 152 177 1000
1 129 153 177 1000
1 129 154 177 1000
1 129 155 177 1000
1 129 156 177 1000
1 129 157 177 1000
1 129 158 177 1000
1 129 159 177 1000
1 129 160 177 1000
1 129 161 177 1000
1 129 162 177 1000
1 129 163 177 1000
1 129 164 177 1000
1 129 165 177 1000
1 129 166 177 1000
1 129 167 177 1000
1 129 168 177 1000
1 130 149 177 1000
1 130 150 177 1000
1 130 151 177 1000
1 130 152 177 1000
1 130 153 177 1000
1 130 154 177 1000
1 130 155 177 1000
1 130 156 177 1000
1 130 157 177 1000
1 130 158 177 1000
1 130 159 177 1000
1 130 160 177 1000
1 130 161 177 1000
1 130 162 177 1000
1 130 163 177 1000
1 130 164 177 1000
1 130 165 177 1000
1 130 166 177 1000
1 130 167 177 1000
1 130 168 177 1000
1 131 149 177 1000
1 131 150 177 1000
1 131 151 177 1000
1 131 152 177 1000
1 131 153 177 1000
1 131 154 177 1000
1 131 155 177 1000
1 131 156 177 1000
1 131 157 177 1000
1 131 158 177 1000
1 131 159 177 1000
1 131 160 177 1000
1 131 161 177 1000
1 131 162 177 1000
1 131 163 177 1000
1 131 164 177 1000
1 131 165 177 1000
1 131 166 177 1000
1 131 167 177 1000
1 131 168 177 1000
1 132 149 177 1000
1 132 150 177 1000
1 132 151 177 1000
1 132 152 177 1000
1 132 153 177 1000
1 132 154 177 1000
1 132 155 177 1000
1 132 156 177 1000
1 132 157 177 1000
1 132 158 177 1000
1 132 159 177 1000
1 132 160 177 1000
1 132 161 177 1000
1 132 162 177 1000
1 132 163 177 1000
1 132 164 177 1000
1 132 165 177 1000
1 132 166 177 1000
1 132 167 177 1000
1 132 168 177 1000
1 133 150 177 1000
1 133 151 177 1000
1 133 152 177 1000
1 133 153 177 1000
1 133 154 177 1000
1 133 155 177 1000
1 133 156 177 1000
1 133 157 177 1000
1 133 158 177 1000
1 133 159 177 1000
1 133 160 177 1000
1 133 161 177 1000
1 133 162 177 1000
1 133 163 177 1000
1 133 164 177 1000
1 133 165 177 1000
1 133 166 177 1000
1 133 167 177 1000
1 133 168 177 1000
1 133 169 177 1000
1 134 150 177 1000
1 134 151 177 1000
1 134 152 177 1000
1 134 153 177 1000
1 134 154 177 1000
1 134 155 177 1000
1 134 156 177 1000
1 134 157 177 1000
1 134 158 177 1000
1 134 159 177 1000
1 134 160 177 1000
1 134 161 177 1000
1 134 162 177 1000
1 134 163 177 1000
1 134 164 177 1000
1 134 165 177 1000
1 134 166 177 1000
1 134 167 177 1000
1 134 168 177 1000
1 134 169 177 1000
1 135 150 177 1000
1 135 151 177 1000
1 135 152 177 1000
1 135 153 177 1000
1 135 154 177 1000
1 135 155 177 1000
1 135 156 177 1000
1 135 157 177 1000
1 135 158 177 1000
1 135 159 177 1000
1 135 160 177 1000
1 135 161 177 1000
1 135 162 177 1000
1 135 163 177 1000
1 135 164 177 1000
1 135 165 177 1000
1 135 166 177 1000
1 135 167 177 1000
1 135 168 177 1000
1 135 169 177 1000
1 135 170 177 1000
1 136 150 177 1000
1 136 151 177 1000
1 136 152 177 1000
1 136 153 177 1000
1 136 154 177 1000
1 136 155 177 1000
1 136 156 177 1000
1 136 157 177 1000
1 136 158 177 1000
1 136 159 177 1000
1 136 160 177 1000
1 136 161 177 1000
1 136 162 177 1000
1 136 163 177 1000
1 136 164 177 1000
1 136 165 177 1000
1 136 166 177 1000
1 136 167 177 1000
1 136 168 177 1000
1 136 169 177 1000
1 136 170 177 1000
1 136 171 177 1000
1 137 151 177 1000
1 137 152 177 1000
1 137 153 177 1000
1 137 154 177 1000
1 137 155 177 1000
1 137 156 177 1000
1 137 157 177 1000
1 137 158 177 1000
1 137 159 177 1000
1 137 160 177 1000
1 137 161 177 1000
1 137 162 177 1000
1 137 163 177 1000
1 137 164 177 1000
1 137 165 177 1000
1 137 166 177 1000
1 137 167 177 1000
1 137 168 177 1000
1 137 169 177 1000
1 137 170 177 1000
1 137 171 177 1000
1 138 151 177 1000
1 138 152 177 1000
1 138 153 177 1000
1 138 154 177 1000
1 138 155 177 1000
1 138 156 177 1000
1 138 157 177 1000
1 138 158 177 1000
1 138 159 177 1000
1 138 160 177 1000
1 138 161 177 1000
1 138 162 177 1000
1 138 163 177 1000
1 138 164 177 1000
1 138 165 177 1000
1 138 166 177 1000
1 138 167 177 1000
1 138 168 177 1000
1 138 169 177 1000
1 138 170 177 1000
1 138 171 177 1000
1 138 172 177 1000
1 139 151 177 1000
1 139 152 177 1000
1 139 153 177 1000
1 139 154 177 1000
1 139 155 177 1000
1 139 156 177 1000
1 139 157 177 1000
1 139 158 177 1000
1 139 159 177 1000
1 139 160 177 1000
1 139 161 177 1000
1 139 162 177 1000
1 139 163 177 1000
1 139 164 177 1000
1 139 165 177 1000
1 139 166 177 1000
1 139 167 177 1000
1 139 168 177 1000
1 139 169 177 1000
1 139 170 177 1000
1 139 171 177 1000
1 139 172 177 1000
1 139 173 177 1000
1 140 151 177 1000
1 140 152 177 1000
1 140 153 177 1000
1 140 154 177 1000
1 140 155 177 1000
1 140 156 177 1000
1 140 157 177 1000
1 140 158 177 1000
1 140 159 177 1000
1 140 160 177 1000
1 140 161 177 1000
1 140 162 177 1000
1 140 163 177 1000
1 140 164 177 1000
1 140 165 177 1000
1 140 166 177 1000
1 140 167 177 1000
1 140 168 177 1000
1 140 169 177 1000
1 140 170 177 1000
1 140 171 177 1000
1 140 172 177 1000
1 140 173 177 1000
1 141 152 177 1000
1 141 153 177 1000
1 141 154 177 1000
1 141 155 177 1000
1 141 156 177 1000
1 141 157 177 1000
1 141 158 177 1000
1 141 159 177 1000
1 141 160 177 1000
1 141 161 177 1000
1 141 162 177 1000
1 141 163 177 1000
1 141 164 177 1000
1 141 165 177 1000
1 141 166 177 1000
1 141 167 177 1000
1 141 168 177 1000
1 141 169 177 1000
1 141 170 177 1000
1 141 171 177 1000
1 141 172 177 1000
1 141 173 177 1000
1 141 174 177 1000
1 142 152 177 1000
1 142 153 177 1000
1 142 154 177 1000
1 142 155 177 1000
1 142 156 177 1000
1 142 157 177 1000
1 142 158 177 1000
1 142 159 177 1000
1 142 160 177 1000
1 142 161 177 1000
1 142 162 177 1000
1 142 163 177 1000
1 142 164 177 1000
1 142 165 177 1000
1 142 166 177 1000
1 142 167 177 1000
1 142 168 177 1000
1 142 169 177 1000
1 142 170 177 1000
1 142 171 177 1000
1 142 172 177 1000
1 142 173 177 1000
1 142 174 177 1000
1 142 175 177 1000
1 143 152 177 1000
1 143 153 177 1000
1 143 154 177 1000
1 143 155 177 1000
1 143 156 177 1000
1 143 157 177 1000
1 143 158 177 1000
1 143 159 177 1000
1 143 160 177 1000
1 143 161 177 1000
1 143 162 177 1000
1 143 163 177 1000
1 143 164 177 1000
1 143 165 177 1000
1 143 166 177 1000
1 143 167 177 1000
1 143 168 177 1000
1 143 169 177 1000
1 143 170 177 1000
1 143 171 177 1000
1 143 172 177 1000
1 143 173 177 1000
1 143 174 177 1000
1 143 175 177 1000
1 144 153 177 1000
1 144 154 177 1000
1 144 155 177 1000
1 144 156 177 1000
1 144 157 177 1000
1 144 158 177 1000
1 144 159 177 1000
1 144 160 177 1000
1 144 161 177 1000
1 144 162 177 1000
1 144 163 177 1000
1 144 164 177 1000
1 144 165 177 1000
1 144 166 177 1000
1 144 167 177 1000
1 144 168 177 1000
1 144 169 177 1000
1 144 170 177 1000
1 144 171 177 1000
1 144 172 177 1000
1 144 173 177 1000
1 144 174 177 1000
1 144 175 177 1000
1 144 176 177 1000
1 145 154 177 1000
1 145 155 177 1000
1 145 156 177 1000
1 145 157 177 1000
1 145 158 177 1000
1 145 159 177 1000
1 145 160 177 1000
1 145 161 177 1000
1 145 162 177 1000
1 145 163 177 1000
1 145 164 177 1000
1 145 165 177 1000
1 145 166 177 1000
1 145 167 177 1000
1 145 168 177 1000
1 145 169 177 1000
1 145 170 177 1000
1 145 171 177 1000
1 145 172 177 1000
1 145 173 177 1000
1 145 174 177 1000
1 145 175 177 1000
1 145 176 177 1000
1 145 177 177 1000
1 146 154 177 1000
1 146 155 177 1000
1 146 156 177 1000
1 146 157 177 1000
1 146 158 177 1000
1 146 159 177 1000
1 146 160 177 1000
1 146 161 177 1000
1 146 162 177 1000
1 146 163 177 1000
1 146 164 177 1000
1 146 165 177 1000
1 146 166 177 1000
1 146 167 177 1000
1 146 168 177 1000
1 146 169 177 1000
1 146 170 177 1000
1 146 171 177 1000
1 146 172 177 1000
1 146 173 177 1000
1 146 174 177 1000
1 146 175 177 1000
1 146 176 177 1000
1 146 177 177 1000
1 147 155 177 1000
1 147 156 177 1000
1 147 157 177 1000
1 147 158 177 1000
1 147 159 177 1000
1 147 160 177 1000
1 147 161 177 1000
1 147 162 177 1000
1 147 163 177 1000
1 147 164 177 1000
1 147 165 177 1000
1 147 166 177 1000
1 147 167 177 1000
1 147 168 177 1000
1 147 169 177 1000
1 147 170 177 1000
1 147 171 177 1000
1 147 172 177 1000
1 147 173 177 1000
1 147 174 177 1000
1 147 175 177 1000
1 147 176 177 1000
1 147 177 177 1000
1 147 178 177 1000
1 148 155 177 1000
1 148 156 177 1000
1 148 157 177 1000
1 148 158 177 1000
1 148 159 177 1000
1 148 160 177 1000
1 148 161 177 1000
1 148 162 177 1000
1 148 163 177 1000
1 148 164 177 1000
1 148 165 177 1000
1 148 166 177 1000
1 148 167 177 1000
1 148 168 177 1000
1 148 169 177 1000
1 148 170 177 1000
1 148 171 177 1000
1 148 172 177 1000
1 148 173 177 1000
1 148 174 177 1000
1 148 175 177 1000
1 148 176 177 1000
1 148 177 177 1000
1 148 178 177 1000
1 148 179 177 1000
1 149 155 177 1000
1 149 156 177 1000
1 149 157 177 1000
1 149 158 177 1000
1 149 159 177 1000
1 149 160 177 1000
1 149 161 177 1000
1 149 162 177 1000
1 149 163 177 1000
1 149 164 177 1000
1 149 165 177 1000
1 149 166 177 1000
1 149 167 177 1000
1 149 168 177 1000
1 149 169 177 1000
1 149 170 177 1000
1 149 171 177 1000
1 149 172 177 1000
1 149 173 177 1000
1 149 174 177 1000
1 149 175 177 1000
1 149 176 177 1000
1 149 177 177 1000
1 149 178 177 1000
1 149 179 177 1000
1 150 156 177 1000
1 150 157 177 1000
1 150 158 177 1000
1 150 159 177 1000
1 150 160 177 1000
1 150 161 177 1000
1 150 162 177 1000
1 150 163 177 1000
1 150 164 177 1000
1 150 165 177 1000
1 150 166 177 1000
1 150 167 177 1000
1 150 168 177 1000
1 150 169 177 1000
1 150 170 177 1000
1 150 171 177 1000
1 150 172 177 1000
1 150 173 177 1000
1 150 174 177 1000
1 150 175 177 1000
1 150 176 177 1000
1 150 177 177 1000
1 150 178 177 1000
1 150 179 177 1000
1 150 180 177 1000
1 151 156 177 1000
1 151 157 177 1000
1 151 158 177 1000
1 151 159 177 1000
1 151 160 177 1000
1 151 161 177 1000
1 151 162 177 1000
1 151 163 177 1000
1 151 164 177 1000
1 151 165 177 1000
1 151 166 177 1000
1 151 167 177 1000
1 151 168 177 1000
1 151 169 177 1000
1 151 170 177 1000
1 151 171 177 1000
1 151 172 177 1000
1 151 173 177 1000
1 151 174 177 1000
1 151 175 177 1000
1 151 176 177 1000
1 151 177 177 1000
1 151 178 177 1000
1 151 179 177 1000
1 151 180 177 1000
1 152 157 177 1000
1 152 158 177 1000
1 152 159 177 1000
1 152 160 177 1000
1 152 161 177 1000
1 152 162 177 1000
1 152 163 177 1000
1 152 164 177 1000
1 152 165 177 1000
1 152 166 177 1000
1 152 167 177 1000
1 152 168 177 1000
1 152 169 177 1000
1 152 170 177 1000
1 152 171 177 1000
1 152 172 177 1000
1 152 173 177 1000
1 152 174 177 1000
1 152 175 177 1000
1 152 176 177 1000
1 152 177 177 1000
1 152 178 177 1000
1 152 179 177 1000
1 152 180 177 1000
1 152 181 177 1000
1 153 157 177 1000
1 153 158 177 1000
1 153 159 177 1000
1 153 160 177 1000
1 153 161 177 1000
1 153 162 177 1000
1 153 163 177 1000
1 153 164 177 1000
1 153 165 177 1000
1 153 166 177 1000
1 153 167 177 1000
1 153 168 177 1000
1 153 169 177 1000
1 153 170 177 1000
1 153 171 177 1000
1 153 172 177 1000
1 153 173 177 1000
1 153 174 177 1000
1 153 175 177 1000
1 153 176 177 1000
1 153 177 177 1000
1 153 178 177 1000
1 153 179 177 1000
1 153 180 177 1000
1 153 181 177 1000
1 153 182 177 1000
1 154 157 177 1000
1 154 158 177 1000
1 154 159 177 1000
1 154 160 177 1000
1 154 161 177 1000
1 154 162 177 1000
1 154 163 177 1000
1 154 164 177 1000
1 154 165 177 1000
1 154 166 177 1000
1 154 167 177 1000
1 154 168 177 1000
1 154 169 177 1000
1 154 170 177 1000
1 154 171 177 1000
1 154 172 177 1000
1 154 173 177 1000
1 154 174 177 1000
1 154 175 177 1000
1 154 176 177 1000
1 154 177 177 1000
1 154 178 177 1000
1 154 179 177 1000
1 154 180 177 1000
1 154 181 177 1000
1 154 182 177 1000
1 155 158 177 1000
1 155 159 177 1000
1 155 160 177 1000
1 155 161 177 1000
1 155 162 177 1000
1 155 163 177 1000
1 155 164 177 1000
1 155 165 177 1000
1 155 166 177 1000
1 155 167 177 1000
1 155 168 177 1000
1 155 169 177 1000
1 155 170 177 1000
1 155 171 177 1000
1 155 172 177 1000
1 155 173 177 1000
1 155 174 177 1000
1 155 175 177 1000
1 155 176 177 1000
1 155 177 177 1000
1 155 178 177 1000
1 155 179 177 1000
1 155 180 177 1000
1 155 181 177 1000
1 155 182 177 1000
1 155 183 177 1000
1 156 158 177 1000
1 156 159 177 1000
1 156 160 177 1000
1 156 161 177 1000
1 156 162 177 1000
1 156 163 177 1000
1 156 164 177 1000
1 156 165 177 1000
1 156 166 177 1000
1 156 167 177 1000
1 156 168 177 1000
1 156 169 177 1000
1 156 170 177 1000
1 156 171 177 1000
1 156 172 177 1000
1 156 173 177 1000
1 156 174 177 1000
1 156 175 177 1000
1 156 176 177 1000
1 156 177 177 1000
1 156 178 177 1000
1 156 179 177 1000
1 156 180 177 1000
1 156 181 177 1000
1 156 182 177 1000
1 156 183 177 1000
1 156 184 177 1000
1 157 158 177 1000
1 157 159 177 1000
1 157 160 177 1000
1 157 161 177 1000
1 157 162 177 1000
1 157 163 177 1000
1 157 164 177 1000
1 157 165 177 1000
1 157 166 177 1000
1 157 167 177 1000
1 157 168 177 1000
1 157 169 177 1000
1 157 170 177 1000
1 157 171 177 1000
1 157 172 177 1000
1 157 173 177 1000
1 157 174 177 1000
1 157 175 177 1000
1 157 176 177 1000
1 157 177 177 1000
1 157 178 177 1000
1 157 179 177 1000
1 157 180 177 1000
1 157 181 177 1000
1 157 182 177 1000
1 157 183 177 1000
1 157 184 177 1000
1 158 159 177 1000
1 158 160 177 1000
1 158 161 177 1000
1 158 162 177 1000
1 158 163 177 1000
1 158 164 177 1000
1 158 165 177 1000
1 158 166 177 1000
1 158 167 177 1000
1 158 168 177 1000
1 158 169 177 1000
1 158 170 177 1000
1 158 171 177 1000
1 158 172 177 1000
1 158 173 177 1000
1 158 174 177 1000
1 158 175 177 1000
1 158 176 177 1000
1 158 177 177 1000
1 158 178 177 1000
1 158 179 177 1000
1 158 180 177 1000
1 158 181 177 1000
1 158 182 177 1000
1 158 183 177 1000
1 158 184 177 1000
1 158 185 177 1000
1 159 159 177 1000
1 159 160 177 1000
1 159 161 177 1000
1 159 162 177 1000
1 159 163 177 1000
1 159 164 177 1000
1 159 165 177 1000
1 159 166 177 1000
1 159 167 177 1000
1 159 168 177 1000
1 159 169 177 1000
1 159 170 177 1000
1 159 171 177 1000
1 159 172 177 1000
1 159 173 177 1000
1 159 174 177 1000
1 159 175 177 1000
1 159 176 177 1000
1 159 177 177 1000
1 159 178 177 1000
1 159 179 177 1000
1 159 180 177 1000
1 159 181 177 1000
1 159 182 177 1000
1 159 183 177 1000
1 159 184 177 1000
1 159 185 177 1000
1 159 186 177 1000
1 160 159 177 1000
1 160 160 177 1000
1 160 161 177 1000
1 160 162 177 1000
1 160 163 177 1000
1 160 164 177 1000
1 160 165 177 1000
1 160 166 177 1000
1 160 167 177 1000
1 160 168 177 1000
1 160 169 177 1000
1 160 170 177 1000
1 160 171 177 1000
1 160 172 177 1000
1 160 173 177 1000
1 160 174 177 1000
1 160 175 177 1000
1 160 176 177 1000
1 160 177 177 1000
1 160 178 177 1000
1 160 179 177 1000
1 160 180 177 1000
1 160 181 177 1000
1 160 182 177 1000
1 160 183 177 1000
1 160 184 177 1000
1 160 185 177 1000
1 160 186 177 1000
1 161 160 177 1000
1 161 161 177 1000
1 161 162 177 1000
1 161 163 177 1000
1 161 164 177 1000
1 161 165 177 1000
1 161 166 177 1000
1 161 167 177 1000
1 161 168 177 1000
1 161 169 177 1000
1 161 170 177 1000
1 161 171 177 1000
1 161 172 177 1000
1 161 173 177 1000
1 161 174 177 1000
1 161 175 177 1000
1 161 176 177 1000
1 161 177 177 1000
1 161 178 177 1000
1 161 179 177 1000
1 161 180 177 1000
1 161 181 177 1000
1 161 182 177 1000
1 161 183 177 1000
1 161 184 177 1000
1 161 185 177 1000
1 161 186 177 1000
1 161 187 177 1000
1 162 160 177 1000
1 162 161 177 1000
1 162 162 177 1000
1 162 163 177 1000
1 162 164 177 1000
1 162 165 177 1000
1 162 166 177 1000
1 162 167 177 1000
1 162 168 177 1000
1 162 169 177 1000
1 162 170 177 1000
1 162 171 177 1000
1 162 172 177 1000
1 162 173 177 1000
1 162 174 177 1000
1 162 175 177 1000
1 162 176 177 1000
1 162 177 177 1000
1 162 178 177 1000
1 162 179 177 1000
1 162 180 177 1000
1 162 181 177 1000
1 162 182 177 1000
1 162 183 177 1000
1 162 184 177 1000
1 162 185 177 1000
1 162 186 177 1000
1 162 187 177 1000
1 162 188 177 1000
1 163 161 177 1000
1 163 162 177 1000
1 163 163 177 1000
1 163 164 177 1000
1 163 165 177 1000
1 163 166 177 1000
1 163 167 177 1000
1 163 168 177 1000
1 163 169 177 1000
1 163 170 177 1000
1 163 171 177 1000
1 163 172 177 1000
1 163 173 177 1000
1 163 174 177 1000
1 163 175 177 1000
1 163 176 177 1000
1 163 177 177 1000
1 163 178 177 1000
1 163 179 177 1000
1 163 180 177 1000
1 163 181 177 1000
1 163 182 177 1000
1 163 183 177 1000
1 163 184 177 1000
1 163 185 177 1000
1 163 186 177 1000
1 163 187 177 1000
1 163 188 177 1000
1 164 162 177 1000
1 164 163 177 1000
1 164 164 177 1000
1 164 165 177 1000
1 164 166 177 1000
1 164 167 177 1000
1 164 168 177 1000
1 164 169 177 1000
1 164 170 177 1000
1 164 171 177 1000
1 164 172 177 1000
1 164 173 177 1000
1 164 174 177 1000
1 164 175 177 1000
1 164 176 177 1000
1 164 177 177 1000
1 164 178 177 1000
1 164 179 177 1000
1 164 180 177 1000
1 164 181 177 1000
1 164 182 177 1000
1 164 183 177 1000
1 164 184 177 1000
1 164 185 177 1000
1 164 186 177 1000
1 164 187 177 1000
1 164 188 177 1000
1 164 189 177 1000
1 165 162 177 1000
1 165 163 177 1000
1 165 164 177 1000
1 165 165 177 1000
1 165 166 177 1000
1 165 167 177 1000
1 165 168 177 1000
1 165 169 177 1000
1 165 170 177 1000
1 165 171 177 1000
1 165 172 177 1000
1 165 173 177 1000
1 165 174 177 1000
1 165 175 177 1000
1 165 176 177 1000
1 165 177 177 1000
1 165 178 177 1000
1 165 179 177 1000
1 165 180 177 1000
1 165 181 177 1000
1 165 182 177 1000
1 165 183 177 1000
1 165 184 177 1000
1 165 185 177 1000
1 165 186 177 1000
1 165 187 177 1000
1 165 188 177 1000
1 165 189 177 1000
1 165 190 177 1000
1 166 163 177 1000
1 166 164 177 1000
1 166 165 177 1000
1 166 166 177 1000
1 166 167 177 1000
1 166 168 177 1000
1 166 169 177 1000
1 166 170 177 1000
1 166 171 177 1000
1 166 172 177 1000
1 166 173 177 1000
1 166 174 177 1000
1 166 175 177 1000
1 166 176 177 1000
1 166 177 177 1000
1 166 178 177 1000
1 166 179 177 1000
1 166 180 177 1000
1 166 181 177 1000
1 166 182 177 1000
1 166 183 177 1000
1 166 184 177 1000
1 166 185 177 1000
1 166 186 177 1000
1 166 187 177 1000
1 166 188 177 1000
1 166 189 177 1000
1 166 190 177 1000
1 167 163 177 1000
1 167 164 177 1000
1 167 165 177 1000
1 167 166 177 1000
1 167 167 177 1000
1 167 168 177 1000
1 167 169 177 1000
1 167 170 177 1000
1 167 171 177 1000
1 167 172 177 1000
1 167 173 177 1000
1 167 174 177 1000
1 167 175 177 1000
1 167 176 177 1000
1 167 177 177 1000
1 167 178 177 1000
1 167 179 177 1000
1 167 180 177 1000
1 167 181 177 1000
1 167 182 177 1000
1 167 183 177 1000
1 167 184 177 1000
1 167 185 177 1000
1 167 186 177 1000
1 167 187 177 1000
1 167 188 177 1000
1 167 189 177 1000
1 167 190 177 1000
1 167 191 177 1000
1 168 163 177 1000
1 168 164 177 1000
1 168 165 177 1000
1 168 166 177 1000
1 168 167 177 1000
1 168 168 177 1000
1 168 169 177 1000
1 168 170 177 1000
1 168 171 177 1000
1 168 172 177 1000
1 168 173 177 1000
1 168 174 177 1000
1 168 175 177 1000
1 168 176 177 1000
1 168 177 177 1000
1 168 178 177 1000
1 168 179 177 1000
1 168 180 177 1000
1 168 181 177 1000
1 168 182 177 1000
1 168 183 177 1000
1 168 184 177 1000
1 168 185 177 1000
1 168 186 177 1000
1 168 187 177 1000
1 168 188 177 1000
1 168 189 177 1000
1 168 190 177 1000
1 168 191 177 1000
1 168 192 177 1000
1 169 164 177 1000
1 169 165 177 1000
1 169 166 177 1000
1 169 167 177 1000
1 169 168 177 1000
1 169 169 177 1000
1 169 170 177 1000
1 169 171 177 1000
1 169 172 177 1000
1 169 173 177 1000
1 169 174 177 1000
1 169 175 177 1000
1 169 176 177 1000
1 169 177 177 1000
1 169 178 177 1000
1 169 179 177 1000
1 169 180 177 1000
1 169 181 177 1000
1 169 182 177 1000
1 169 183 177 1000
1 169 184 177 1000
1 169 185 177 1000
1 169 186 177 1000
1 169 187 177 1000
1 169 188 177 1000
1 169 189 177 1000
1 169 190 177 1000
1 169 191 177 1000
1 169 192 177 1000
1 170 164 177 1000
1 170 165 177 1000
1 170 166 177 1000
1 170 167 177 1000
1 170 168 177 1000
1 170 169 177 1000
1 170 170 177 1000
1 170 171 177 1000
1 170 172 177 1000
1 170 173 177 1000
1 170 174 177 1000
1 170 175 177 1000
1 170 176 177 1000
1 170 177 177 1000
1 170 178 177 1000
1 170 179 177 1000
1 170 180 177 1000
1 170 181 177 1000
1 170 182 177 1000
1 170 183 177 1000
1 170 184 177 1000
1 170 185 177 1000
1 170 186 177 1000
1 170 187 177 1000
1 170 188 177 1000
1 170 189 177 1000
1 170 190 177 1000
1 170 191 177 1000
1 170 192 177 1000
1 170 193 177 1000
1 171 165 177 1000
1 171 166 177 1000
1 171 167 177 1000
1 171 168 177 1000
1 171 169 177 1000
1 171 170 177 1000
1 171 171 177 1000
1 171 172 177 1000
1 171 173 177 1000
1 171 174 177 1000
1 171 175 177 1000
1 171 176 177 1000
1 171 177 177 1000
1 171 178 177 1000
1 171 179 177 1000
1 171 180 177 1000
1 171 181 177 1000
1 171 182 177 1000
1 171 183 177 1000
1 171 184 177 1000
1 171 185 177 1000
1 171 186 177 1000
1 171 187 177 1000
1 171 188 177 1000
1 171 189 177 1000
1 171 190 177 1000
1 171 191 177 1000
1 171 192 177 1000
1 171 193 177 1000
1 171 194 177 1000
1 172 165 177 1000
1 172 166 177 1000
1 172 167 177 1000
1 172 168 177 1000
1 172 169 177 1000
1 172 170 177 1000
1 172 171 177 1000
1 172 172 177 1000
1 172 173 177 1000
1 172 174 177 1000
1 172 175 177 1000
1 172 176 177 1000
1 172 177 177 1000
1 172 178 177 1000
1 172 179 177 1000
1 172 180 177 1000
1 172 181 177 1000
1 172 182 177 1000
1 172 183 177 1000
1 172 184 177 1000
1 172 185 177 1000
1 172 186 177 1000
1 172 187 177 1000
1 172 188 177 1000
1 172 189 177 1000
1 172 190 177 1000
1 172 191 177 1000
1 172 192 177 1000
1 172 193 177 1000
1 172 194 177 1000
1 173 166 177 1000
1 173 167 177 1000
1 173 168 177 1000
1 173 169 177 1000
1 173 170 177 1000
1 173 171 177 1000
1 173 172 177 1000
1 173 173 177 1000
1 173 174 177 1000
1 173 175 177 1000
1 173 176 177 1000
1 173 177 177 1000
1 173 178 177 1000
1 173 179 177 1000
1 173 180 177 1000
1 173 181 177 1000
1 173 182 177 1000
1 173 183 177 1000
1 173 184 177 1000
1 173 185 177 1000
1 173 186 177 1000
1 173 187 177 1000
1 173 188 177 1000
1 173 189 177 1000
1 173 190 177 1000
1 173 191 177 1000
1 173 192 177 1000
1 173 193 177 1000
1 173 194 177 1000
1 173 195 177 1000
1 174 167 177 1000
1 174 168 177 1000
1 174 169 177 1000
1 174 170 177 1000
1 174 171 177 1000
1 174 172 177 1000
1 174 173 177 1000
1 174 174 177 1000
1 174 175 177 1000
1 174 176 177 1000
1 174 177 177 1000
1 174 178 177 1000
1 174 179 177 1000
1 174 180 177 1000
1 174 181 177 1000
1 174 182 177 1000
1 174 183 177 1000
1 174 184 177 1000
1 174 185 177 1000
1 174 186 177 1000
1 174 187 177 1000
1 174 188 177 1000
1 174 189 177 1000
1 174 190 177 1000
1 174 191 177 1000
1 174 192 177 1000
1 174 193 177 1000
1 174 194 177 1000
1 174 195 177 1000
1 174 196 177 1000
1 175 167 177 1000
1 175 168 177 1000
1 175 169 177 1000
1 175 170 177 1000
1 175 171 177 1000
1 175 172 177 1000
1 175 173 177 1000
1 175 174 177 1000
1 175 175 177 1000
1 175 176 177 1000
1 175 177 177 1000
1 175 178 177 1000
1 175 179 177 1000
1 175 180 177 1000
1 175 181 177 1000
1 175 182 177 1000
1 175 183 177 1000
1 175 184 177 1000
1 175 185 177 1000
1 175 186 177 1000
1 175 187 177 1000
1 175 188 177 1000
1 175 189 177 1000
1 175 190 177 1000
1 175 191 177 1000
1 175 192 177 1000
1 175 193 177 1000
1 175 194 177 1000
1 175 195 177 1000
1 175 196 177 1000
1 176 168 177 1000
1 176 169 177 1000
1 176 170 177 1000
1 176 171 177 1000
1 176 172 177 1000
1 176 173 177 1000
1 176 174 177 1000
1 176 175 177 1000
1 176 176 177 1000
1 176 177 177 1000
1 176 178 177 1000
1 176 179 177 1000
1 176 180 177 1000
1 176 181 177 1000
1 176 182 177 1000
1 176 183 177 1000
1 176 184 177 1000
1 176 185 177 1000
1 176 186 177 1000
1 176 187 177 1000
1 176 188 177 1000
1 176 189 177 1000
1 176 190 177 1000
1 176 191 177 1000
1 176 192 177 1000
1 176 193 177 1000
1 176 194 177 1000
1 176 195 177 1000
1 176 196 177 1000
1 176 197 177 1000
1 177 168 177 1000
1 177 169 177 1000
1 177 170 177 1000
1 177 171 177 1000
1 177 172 177 1000
1 177 173 177 1000
1 177 174 177 1000
1 177 175 177 1000
1 177 176 177 1000
1 177 177 177 1000
1 177 178 177 1000
1 177 179 177 1000
1 177 180 177 1000
1 177 181 177 1000
1 177 182 177 1000
1 177 183 177 1000
1 177 184 177 1000
1 177 185 177 1000
1 177 186 177 1000
1 177 187 177 1000
1 177 188 177 1000
1 177 189 177 1000
1 177 190 177 1000
1 177 191 177 1000
1 177 192 177 1000
1 177 193 177 1000
1 177 194 177 1000
1 177 195 177 1000
1 177 196 177 1000
1 177 197 177 1000
1 177 198 177 1000
1 178 169 177 1000
1 178 170 177 1000
1 178 171 177 1000
1 178 172 177 1000
1 178 173 177 1000
1 178 174 177 1000
1 178 175 177 1000
1 178 176 177 1000
1 178 177 177 1000
1 178 178 177 1000
1 178 179 177 1000
1 178 180 177 1000
1 178 181 177 1000
1 178 182 177 1000
1 178 183 177 1000
1 178 184 177 1000
1 178 185 177 1000
1 178 186 177 1000
1 178 187 177 1000
1 178 188 177 1000
1 178 189 177 1000
1 178 190 177 1000
1 178 191 177 1000
1 178 192 177 1000
1 178 193 177 1000
1 178 194 177 1000
1 178 195 177 1000
1 178 196 177 1000
1 178 197 177 1000
1 178 198 177 1000
1 179 169 177 1000
1 179 170 177 1000
1 179 171 177 1000
1 179 172 177 1000
1 179 173 177 1000
1 179 174 177 1000
1 179 175 177 1000
1 179 176 177 1000
1 179 177 177 1000
1 179 178 177 1000
1 179 179 177 1000
1 179 180 177 1000
1 179 181 177 1000
1 179 182 177 1000
1 179 183 177 1000
1 179 184 177 1000
1 179 185 177 1000
1 179 186 177 1000
1 179 187 177 1000
1 179 188 177 1000
1 179 189 177 1000
1 179 190 177 1000
1 179 191 177 1000
1 179 192 177 1000
1 179 193 177 1000
1 179 194 177 1000
1 179 195 177 1000
1 179 196 177 1000
1 179 197 177 1000
1 179 198 177 1000
1 179 199 177 1000
1 180 170 177 1000
1 180 171 177 1000
1 180 172 177 1000
1 180 173 177 1000
1 180 174 177 1000
1 180 175 177 1000
1 180 176 177 1000
1 180 177 177 1000
1 180 178 177 1000
1 180 179 177 1000
1 180 180 177 1000
1 180 181 177 1000
1 180 182 177 1000
1 180 183 177 1000
1 180 184 177 1000
1 180 185 177 1000
1 180 186 177 1000
1 180 187 177 1000
1 180 188 177 1000
1 180 189 177 1000
1 180 190 177 1000
1 180 191 177 1000
1 180 192 177 1000
1 180 193 177 1000
1 180 194 177 1000
1 180 195 177 1000
1 180 196 177 1000
1 180 197 177 1000
1 180 198 177 1000
1 180 199 177 1000
1 180 200 177 1000
1 181 171 177 1000
1 181 172 177 1000
1 181 173 177 1000
1 181 174 177 1000
1 181 175 177 1000
1 181 176 177 1000
1 181 177 177 1000
1 181 178 177 1000
1 181 179 177 1000
1 181 180 177 1000
1 181 181 177 1000
1 181 182 177 1000
1 181 183 177 1000
1 181 184 177 1000
1 181 185 177 1000
1 181 186 177 1000
1 181 187 177 1000
1 181 188 177 1000
1 181 189 177 1000
1 181 190 177 1000
1 181 191 177 1000
1 181 192 177 1000
1 181 193 177 1000
1 181 194 177 1000
1 181 195 177 1000
1 181 196 177 1000
1 181 197 177 1000
1 181 198 177 1000
1 181 199 177 1000
1 181 200 177 1000
1 182 171 177 1000
1 182 172 177 1000
1 182 173 177 1000
1 182 174 177 1000
1 182 175 177 1000
1 182 176 177 1000
1 182 177 177 1000
1 182 178 177 1000
1 182 179 177 1000
1 182 180 177 1000
1 182 181 177 1000
1 182 182 177 1000
1 182 183 177 1000
1 182 184 177 1000
1 182 185 177 1000
1 182 186 177 1000
1 182 187 177 1000
1 182 188 177 1000
1 182 189 177 1000
1 182 190 177 1000
1 182 191 177 1000
1 182 192 177 1000
1 182 193 177 1000
1 182 194 177 1000
1 182 195 177 1000
1 182 196 177 1000
1 182 197 177 1000
1 182 198 177 1000
1 182 199 177 1000
1 182 200 177 1000
1 182 201 177 1000
1 183 172 177 1000
1 183 173 177 1000
1 183 174 177 1000
1 183 175 177 1000
1 183 176 177 1000
1 183 177 177 1000
1 183 178 177 1000
1 183 179 177 1000
1 183 180 177 1000
1 183 181 177 1000
1 183 182 177 1000
1 183 183 177 1000
1 183 184 177 1000
1 183 185 177 1000
1 183 186 177 1000
1 183 187 177 1000
1 183 188 177 1000
1 183 189 177 1000
1 183 190 177 1000
1 183 191 177 1000
1 183 192 177 1000
1 183 193 177 1000
1 183 194 177 1000
1 183 195 177 1000
1 183 196 177 1000
1 183 197 177 1000
1 183 198 177 1000
1 183 199 177 1000
1 183 200 177 1000
1 183 201 177 1000
1 183 202 177 1000
1 184 173 177 1000
1 184 174 177 1000
1 184 175 177 1000
1 184 176 177 1000
1 184 177 177 1000
1 184 178 177 1000
1 184 179 177 1000
1 184 180 177 1000
1 184 181 177 1000
1 184 182 177 1000
1 184 183 177 1000
1 184 184 177 1000
1 184 185 177 1000
1 184 186 177 1000
1 184 187 177 1000
1 184 188 177 1000
1 184 189 177 1000
1 184 190 177 1000
1 184 191 177 1000
1 184 192 177 1000
1 184 193 177 1000
1 184 194 177 1000
1 184 195 177 1000
1 184 196 177 1000
1 184 197 177 1000
1 184 198 177 1000
1 184 199 177 1000
1 184 200 177 1000
1 184 201 177 1000
1 184 202 177 1000
1 185 174 177 1000
1 185 175 177 1000
1 185 176 177 1000
1 185 177 177 1000
1 185 178 177 1000
1 185 179 177 1000
1 185 180 177 1000
1 185 181 177 1000
1 185 182 177 1000
1 185 183 177 1000
1 185 184 177 1000
1 185 185 177 1000
1 185 186 177 1000
1 185 187 177 1000
1 185 188 177 1000
1 185 189 177 1000
1 185 190 177 1000
1 185 191 177 1000
1 185 192 177 1000
1 185 193 177 1000
1 185 194 177 1000
1 185 195 177 1000
1 185 196 177 1000
1 185 197 177 1000
1 185 198 177 1000
1 185 199 177 1000
1 185 200 177 1000
1 185 201 177 1000
1 185 202 177 1000
1 185 203 177 1000
1 186 174 177 1000
1 186 175 177 1000
1 186 176 177 1000
1 186 177 177 1000
1 186 178 177 1000
1 186 179 177 1000
1 186 180 177 1000
1 186 181 177 1000
1 186 182 177 1000
1 186 183 177 1000
1 186 184 177 1000
1 186 185 177 1000
1 186 186 177 1000
1 186 187 177 1000
1 186 188 177 1000
1 186 189 177 1000
1 186 190 177 1000
1 186 191 177 1000
1 186 192 177 1000
1 186 193 177 1000
1 186 194 177 1000
1 186 195 177 1000
1 186 196 177 1000
1 186 197 177 1000
1 186 198 177 1000
1 186 199 177 1000
1 186 200 177 1000
1 186 201 177 1000
1 186 202 177 1000
1 186 203 177 1000
1 186 204 177 1000
1 187 175 177 1000
1 187 176 177 1000
1 187 177 177 1000
1 187 178 177 1000
1 187 179 177 1000
1 187 180 177 1000
1 187 181 177 1000
1 187 182 177 1000
1 187 183 177 1000
1 187 184 177 1000
1 187 185 177 1000
1 187 186 177 1000
1 187 187 177 1000
1 187 188 177 1000
1 187 189 177 1000
1 187 190 177 1000
1 187 191 177 1000
1 187 192 177 1000
1 187 193 177 1000
1 187 194 177 1000
1 187 195 177 1000
1 187 196 177 1000
1 187 197 177 1000
1 187 198 177 1000
1 187 199 177 1000
1 187 200 177 1000
1 187 201 177 1000
1 187 202 177 1000
1 187 203 177 1000
1 187 204 177 1000
1 188 175 177 1000
1 188 176 177 1000
1 188 177 177 1000
1 188 178 177 1000
1 188 179 177 1000
1 188 180 177 1000
1 188 181 177 1000
1 188 182 177 1000
1 188 183 177 1000
1 188 184 177 1000
1 188 185 177 1000
1 188 186 177 1000
1 188 187 177 1000
1 188 188 177 1000
1 188 189 177 1000
1 188 190 177 1000
1 188 191 177 1000
1 188 192 177 1000
1 188 193 177 1000
1 188 194 177 1000
1 188 195 177 1000
1 188 196 177 1000
1 188 197 177 1000
1 188 198 177 1000
1 188 199 177 1000
1 188 200 177 1000
1 188 201 177 1000
1 188 202 177 1000
1 188 203 177 1000
1 188 204 177 1000
1 188 205 177 1000
1 189 176 177 1000
1 189 177 177 1000
1 189 178 177 1000
1 189 179 177 1000
1 189 180 177 1000
1 189 181 177 1000
1 189 182 177 1000
1 189 183 177 1000
1 189 184 177 1000
1 189 185 177 1000
1 189 186 177 1000
1 189 187 177 1000
1 189 188 177 1000
1 189 189 177 1000
1 189 190 177 1000
1 189 191 177 1000
1 189 192 177 1000
1 189 193 177 1000
1 189 194 177 1000
1 189 195 177 1000
1 189 196 177 1000
1 189 197 177 1000
1 189 198 177 1000
1 189 199 177 1000
1 189 200 177 1000
1 189 201 177 1000
1 189 202 177 1000
1 189 203 177 1000
1 189 204 177 1000
1 189 205 177 1000
1 189 206 177 1000
1 190 177 177 1000
1 190 178 177 1000
1 190 179 177 1000
1 190 180 177 1000
1 190 181 177 1000
1 190 182 177 1000
1 190 183 177 1000
1 190 184 177 1000
1 190 185 177 1000
1 190 186 177 1000
1 190 187 177 1000
1 190 188 177 1000
1 190 189 177 1000
1 190 190 177 1000
1 190 191 177 1000
1 190 192 177 1000
1 190 193 177 1000
1 190 194 177 1000
1 190 195 177 1000
1 190 196 177 1000
1 190 197 177 1000
1 190 198 177 1000
1 190 199 177 1000
1 190 200 177 1000
1 190 201 177 1000
1 190 202 177 1000
1 190 203 177 1000
1 190 204 177 1000
1 190 205 177 1000
1 190 206 177 1000
1 191 178 177 1000
1 191 179 177 1000
1 191 180 177 1000
1 191 181 177 1000
1 191 182 177 1000
1 191 183 177 1000
1 191 184 177 1000
1 191 185 177 1000
1 191 186 177 1000
1 191 187 177 1000
1 191 188 177 1000
1 191 189 177 1000
1 191 190 177 1000
1 191 191 177 1000
1 191 192 177 1000
1 191 193 177 1000
1 191 194 177 1000
1 191 195 177 1000
1 191 196 177 1000
1 191 197 177 1000
1 191 198 177 1000
1 191 199 177 1000
1 191 200 177 1000
1 191 201 177 1000
1 191 202 177 1000
1 191 203 177 1000
1 191 204 177 1000
1 191 205 177 1000
1 191 206 177 1000
1 191 207 177 1000
1 192 179 177 1000
1 192 180 177 1000
1 192 181 177 1000
1 192 182 177 1000
1 192 183 177 1000
1 192 184 177 1000
1 192 185 177 1000
1 192 186 177 1000
1 192 187 177 1000
1 192 188 177 1000
1 192 189 177 1000
1 192 190 177 1000
1 192 191 177 1000
1 192 192 177 1000
1 192 193 177 1000
1 192 194 177 1000
1 192 195 177 1000
1 192 196 177 1000
1 192 197 177 1000
1 192 198 177 1000
1 192 199 177 1000
1 192 200 177 1000
1 192 201 177 1000
1 192 202 177 1000
1 192 203 177 1000
1 192 204 177 1000
1 192 205 177 1000
1 192 206 177 1000
1 192 207 177 1000
1 193 180 177 1000
1 193 181 177 1000
1 193 182 177 1000
1 193 183 177 1000
1 193 184 177 1000
1 193 185 177 1000
1 193 186 177 1000
1 193 187 177 1000
1 193 188 177 1000
1 193 189 177 1000
1 193 190 177 1000
1 193 191 177 1000
1 193 192 177 1000
1 193 193 177 1000
1 193 194 177 1000
1 193 195 177 1000
1 193 196 177 1000
1 193 197 177 1000
1 193 198 177 1000
1 193 199 177 1000
1 193 200 177 1000
1 193 201 177 1000
1 193 202 177 1000
1 193 203 177 1000
1 193 204 177 1000
1 193 205 177 1000
1 193 206 177 1000
1 193 207 177 1000
1 193 208 177 1000
1 194 180 177 1000
1 194 181 177 1000
1 194 182 177 1000
1 194 183 177 1000
1 194 184 177 1000
1 194 185 177 1000
1 194 186 177 1000
1 194 187 177 1000
1 194 188 177 1000
1 194 189 177 1000
1 194 190 177 1000
1 194 191 177 1000
1 194 192 177 1000
1 194 193 177 1000
1 194 194 177 1000
1 194 195 177 1000
1 194 196 177 1000
1 194 197 177 1000
1 194 198 177 1000
1 194 199 177 1000
1 194 200 177 1000
1 194 201 177 1000
1 194 202 177 1000
1 194 203 177 1000
1 194 204 177 1000
1 194 205 177 1000
1 194 206 177 1000
1 194 207 177 1000
1 194 208 177 1000
1 194 209 177 1000
1 195 181 177 1000
1 195 182 177 1000
1 195 183 177 1000
1 195 184 177 1000
1 195 185 177 1000
1 195 186 177 1000
1 195 187 177 1000
1 195 188 177 1000
1 195 189 177 1000
1 195 190 177 1000
1 195 191 177 1000
1 195 192 177 1000
1 195 193 177 1000
1 195 194 177 1000
1 195 195 177 1000
1 195 196 177 1000
1 195 197 177 1000
1 195 198 177 1000
1 195 199 177 1000
1 195 200 177 1000
1 195 201 177 1000
1 195 202 177 1000
1 195 203 177 1000
1 195 204 177 1000
1 195 205 177 1000
1 195 206 177 1000
1 195 207 177 1000
1 195 208 177 1000
1 195 209 177 1000
1 196 181 177 1000
1 196 182 177 1000
1 196 183 177 1000
1 196 184 177 1000
1 196 185 177 1000
1 196 186 177 1000
1 196 187 177 1000
1 196 188 177 1000
1 196 189 177 1000
1 196 190 177 1000
1 196 191 177 1000
1 196 192 177 1000
1 196 193 177 1000
1 196 194 177 1000
1 196 195 177 1000
1 196 196 177 1000
1 196 197 177 1000
1 196 198 177 1000
1 196 199 177 1000
1 196 200 177 1000
1 196 201 177 1000
1 196 202 177 1000
1 196 203 177 1000
1 196 204 177 1000
1 196 205 177 1000
1 196 206 177 1000
1 196 207 177 1000
1 196 208 177 1000
1 196 209 177 1000
1 196 210 177 1000
1 197 182 177 1000
1 197 183 177 1000
1 197 184 177 1000
1 197 185 177 1000
1 197 186 177 1000
1 197 187 177 1000
1 197 188 177 1000
1 197 189 177 1000
1 197 190 177 1000
1 197 191 177 1000
1 197 192 177 1000
1 197 193 177 1000
1 197 194 177 1000
1 197 195 177 1000
1 197 196 177 1000
1 197 197 177 1000
1 197 198 177 1000
1 197 199 177 1000
1 197 200 177 1000
1 197 201 177 1000
1 197 202 177 1000
1 197 203 177 1000
1 197 204 177 1000
1 197 205 177 1000
1 197 206 177 1000
1 197 207 177 1000
1 197 208 177 1000
1 197 209 177 1000
1 197 210 177 1000
1 197 211 177 1000
1 198 183 177 1000
1 198 184 177 1000
1 198 185 177 1000
1 198 186 177 1000
1 198 187 177 1000
1 198 188 177 1000
1 198 189 177 1000
1 198 190 177 1000
1 198 191 177 1000
1 198 192 177 1000
1 198 193 177 1000
1 198 194 177 1000
1 198 195 177 1000
1 198 196 177 1000
1 198 197 177 1000
1 198 198 177 1000
1 198 199 177 1000
1 198 200 177 1000
1 198 201 177 1000
1 198 202 177 1000
1 198 203 177 1000
1 198 204 177 1000
1 198 205 177 1000
1 198 206 177 1000
1 198 207 177 1000
1 198 208 177 1000
1 198 209 177 1000
1 198 210 177 1000
1 198 211 177 1000
1 199 183 177 1000
1 199 184 177 1000
1 199 185 177 1000
1 199 186 177 1000
1 199 187 177 1000
1 199 188 177 1000
1 199 189 177 1000
1 199 190 177 1000
1 199 191 177 1000
1 199 192 177 1000
1 199 193 177 1000
1 199 194 177 1000
1 199 195 177 1000
1 199 196 177 1000
1 199 197 177 1000
1 199 198 177 1000
1 199 199 177 1000
1 199 200 177 1000
1 199 201 177 1000
1 199 202 177 1000
1 199 203 177 1000
1 199 204 177 1000
1 199 205 177 1000
1 199 206 177 1000
1 199 207 177 1000
1 199 208 177 1000
1 199 209 177 1000
1 199 210 177 1000
1 199 211 177 1000
1 199 212 177 1000
1 200 184 177 1000
1 200 185 177 1000
1 200 186 177 1000
1 200 187 177 1000
1 200 188 177 1000
1 200 189 177 1000
1 200 190 177 1000
1 200 191 177 1000
1 200 192 177 1000
1 200 193 177 1000
1 200 194 177 1000
1 200 195 177 1000
1 200 196 177 1000
1 200 197 177 1000
1 200 198 177 1000
1 200 199 177 1000
1 200 200 177 1000
1 200 201 177 1000
1 200 202 177 1000
1 200 203 177 1000
1 200 204 177 1000
1 200 205 177 1000
1 200 206 177 1000
1 200 207 177 1000
1 200 208 177 1000
1 200 209 177 1000
1 200 210 177 1000
1 200 211 177 1000
1 200 212 177 1000
1 200 213 177 1000
1 201 184 177 1000
1 201 185 177 1000
1 201 186 177 1000
1 201 187 177 1000
1 201 188 177 1000
1 201 189 177 1000
1 201 190 177 1000
1 201 191 177 1000
1 201 192 177 1000
1 201 193 177 1000
1 201 194 177 1000
1 201 195 177 1000
1 201 196 177 1000
1 201 197 177 1000
1 201 198 177 1000
1 201 199 177 1000
1 201 200 177 1000
1 201 201 177 1000
1 201 202 177 1000
1 201 203 177 1000
1 201 204 177 1000
1 201 205 177 1000
1 201 206 177 1000
1 201 207 177 1000
1 201 208 177 1000
1 201 209 177 1000
1 201 210 177 1000
1 201 211 177 1000
1 201 212 177 1000
1 201 213 177 1000
1 202 185 177 1000
1 202 186 177 1000
1 202 187 177 1000
1 202 188 177 1000
1 202 189 177 1000
1 202 190 177 1000
1 202 191 177 1000
1 202 192 177 1000
1 202 193 177 1000
1 202 194 177 1000
1 202 195 177 1000
1 202 196 177 1000
1 202 197 177 1000
1 202 198 177 1000
1 202 199 177 1000
1 202 200 177 1000
1 202 201 177 1000
1 202 202 177 1000
1 202 203 177 1000
1 202 204 177 1000
1 202 205 177 1000
1 202 206 177 1000
1 202 207 177 1000
1 202 208 177 1000
1 202 209 177 1000
1 202 210 177 1000
1 202 211 177 1000
1 202 212 177 1000
1 202 213 177 1000
1 202 214 177 1000
1 203 186 177 1000
1 203 187 177 1000
1 203 188 177 1000
1 203 189 177 1000
1 203 190 177 1000
1 203 191 177 1000
1 203 192 177 1000
1 203 193 177 1000
1 203 194 177 1000
1 203 195 177 1000
1 203 196 177 1000
1 203 197 177 1000
1 203 198 177 1000
1 203 199 177 1000
1 203 200 177 1000
1 203 201 177 1000
1 203 202 177 1000
1 203 203 177 1000
1 203 204 177 1000
1 203 205 177 1000
1 203 206 177 1000
1 203 207 177 1000
1 203 208 177 1000
1 203 209 177 1000
1 203 210 177 1000
1 203 211 177 1000
1 203 212 177 1000
1 203 213 177 1000
1 203 214 177 1000
1 203 215 177 1000
1 204 186 177 1000
1 204 187 177 1000
1 204 188 177 1000
1 204 189 177 1000
1 204 190 177 1000
1 204 191 177 1000
1 204 192 177 1000
1 204 193 177 1000
1 204 194 177 1000
1 204 195 177 1000
1 204 196 177 1000
1 204 197 177 1000
1 204 198 177 1000
1 204 199 177 1000
1 204 200 177 1000
1 204 201 177 1000
1 204 202 177 1000
1 204 203 177 1000
1 204 204 177 1000
1 204 205 177 1000
1 204 206 177 1000
1 204 207 177 1000
1 204 208 177 1000
1 204 209 177 1000
1 204 210 177 1000
1 204 211 177 1000
1 204 212 177 1000
1 204 213 177 1000
1 204 214 177 1000
1 204 215 177 1000
1 205 187 177 1000
1 205 188 177 1000
1 205 189 177 1000
1 205 190 177 1000
1 205 191 177 1000
1 205 192 177 1000
1 205 193 177 1000
1 205 194 177 1000
1 205 195 177 1000
1 205 196 177 1000
1 205 197 177 1000
1 205 198 177 1000
1 205 199 177 1000
1 205 200 177 1000
1 205 201 177 1000
1 205 202 177 1000
1 205 203 177 1000
1 205 204 177 1000
1 205 205 177 1000
1 205 206 177 1000
1 205 207 177 1000
1 205 208 177 1000
1 205 209 177 1000
1 205 210 177 1000
1 205 211 177 1000
1 205 212 177 1000
1 205 213 177 1000
1 205 214 177 1000
1 205 215 177 1000
1 205 216 177 1000
1 206 187 177 1000
1 206 188 177 1000
1 206 189 177 1000
1 206 190 177 1000
1 206 191 177 1000
1 206 192 177 1000
1 206 193 177 1000
1 206 194 177 1000
1 206 195 177 1000
1 206 196 177 1000
1 206 197 177 1000
1 206 198 177 1000
1 206 199 177 1000
1 206 200 177 1000
1 206 201 177 1000
1 206 202 177 1000
1 206 203 177 1000
1 206 204 177 1000
1 206 205 177 1000
1 206 206 177 1000
1 206 207 177 1000
1 206 208 177 1000
1 206 209 177 1000
1 206 210 177 1000
1 206 211 177 1000
1 206 212 177 1000
1 206 213 177 1000
1 206 214 177 1000
1 206 215 177 1000
1 206 216 177 1000
1 206 217 177 1000
1 207 188 177 1000
1 207 189 177 1000
1 207 190 177 1000
1 207 191 177 1000
1 207 192 177 1000
1 207 193 177 1000
1 207 194 177 1000
1 207 195 177 1000
1 207 196 177 1000
1 207 197 177 1000
1 207 198 177 1000
1 207 199 177 1000
1 207 200 177 1000
1 207 201 177 1000
1 207 202 177 1000
1 207 203 177 1000
1 207 204 177 1000
1 207 205 177 1000
1 207 206 177 1000
1 207 207 177 1000
1 207 208 177 1000
1 207 209 177 1000
1 207 210 177 1000
1 207 211 177 1000
1 207 212 177 1000
1 207 213 177 1000
1 207 214 177 1000
1 207 215 177 1000
1 207 216 177 1000
1 207 217 177 1000
1 208 189 177 1000
1 208 190 177 1000
1 208 191 177 1000
1 208 192 177 1000
1 208 193 177 1000
1 208 194 177 1000
1 208 195 177 1000
1 208 196 177 1000
1 208 197 177 1000
1 208 198 177 1000
1 208 199 177 1000
1 208 200 177 1000
1 208 201 177 1000
1 208 202 177 1000
1 208 203 177 1000
1 208 204 177 1000
1 208 205 177 1000
1 208 206 177 1000
1 208 207 177 1000
1 208 208 177 1000
1 208 209 177 1000
1 208 210 177 1000
1 208 211 177 1000
1 208 212 177 1000
1 208 213 177 1000
1 208 214 177 1000
1 208 215 177 1000
1 208 216 177 1000
1 208 217 177 1000
1 208 218 177 1000
1 209 190 177 1000
1 209 191 177 1000
1 209 192 177 1000
1 209 193 177 1000
1 209 194 177 1000
1 209 195 177 1000
1 209 196 177 1000
1 209 197 177 1000
1 209 198 177 1000
1 209 199 177 1000
1 209 200 177 1000
1 209 201 177 1000
1 209 202 177 1000
1 209 203 177 1000
1 209 204 177 1000
1 209 205 177 1000
1 209 206 177 1000
1 209 207 177 1000
1 209 208 177 1000
1 209 209 177 1000
1 209 210 177 1000
1 209 211 177 1000
1 209 212 177 1000
1 209 213 177 1000
1 209 214 177 1000
1 209 215 177 1000
1 209 216 177 1000
1 209 217 177 1000
1 209 218 177 1000
1 209 219 177 1000
1 210 190 177 1000
1 210 191 177 1000
1 210 192 177 1000
1 210 193 177 1000
1 210 194 177 1000
1 210 195 177 1000
1 210 196 177 1000
1 210 197 177 1000
1 210 198 177 1000
1 210 199 177 1000
1 210 200 177 1000
1 210 201 177 1000
1 210 202 177 1000
1 210 203 177 1000
1 210 204 177 1000
1 210 205 177 1000
1 210 206 177 1000
1 210 207 177 1000
1 210 208 177 1000
1 210 209 177 1000
1 210 210 177 1000
1 210 211 177 1000
1 210 212 177 1000
1 210 213 177 1000
1 210 214 177 1000
1 210 215 177 1000
1 210 216 177 1000
1 210 217 177 1000
1 210 218 177 1000
1 210 219 177 1000
1 211 191 177 1000
1 211 192 177 1000
1 211 193 177 1000
1 211 194 177 1000
1 211 195 177 1000
1 211 196 177 1000
1 211 197 177 1000
1 211 198 177 1000
1 211 199 177 1000
1 211 200 177 1000
1 211 201 177 1000
1 211 202 177 1000
1 211 203 177 1000
1 211 204 177 1000
1 211 205 177 1000
1 211 206 177 1000
1 211 207 177 1000
1 211 208 177 1000
1 211 209 177 1000
1 211 210 177 1000
1 211 211 177 1000
1 211 212 177 1000
1 211 213 177 1000
1 211 214 177 1000
1 211 215 177 1000
1 211 216 177 1000
1 211 217 177 1000
1 211 218 177 1000
1 211 219 177 1000
1 211 220 177 1000
1 212 191 177 1000
1 212 192 177 1000
1 212 193 177 1000
1 212 194 177 1000
1 212 195 177 1000
1 212 196 177 1000
1 212 197 177 1000
1 212 198 177 1000
1 212 199 177 1000
1 212 200 177 1000
1 212 201 177 1000
1 212 202 177 1000
1 212 203 177 1000
1 212 204 177 1000
1 212 205 177 1000
1 212 206 177 1000
1 212 207 177 1000
1 212 208 177 1000
1 212 209 177 1000
1 212 210 177 1000
1 212 211 177 1000
1 212 212 177 1000
1 212 213 177 1000
1 212 214 177 1000
1 212 215 177 1000
1 212 216 177 1000
1 212 217 177 1000
1 212 218 177 1000
1 212 219 177 1000
1 212 220 177 1000
1 212 221 177 1000
1 213 192 177 1000
1 213 193 177 1000
1 213 194 177 1000
1 213 195 177 1000
1 213 196 177 1000
1 213 197 177 1000
1 213 198 177 1000
1 213 199 177 1000
1 213 200 177 1000
1 213 201 177 1000
1 213 202 177 1000
1 213 203 177 1000
1 213 204 177 1000
1 213 205 177 1000
1 213 206 177 1000
1 213 207 177 1000
1 213 208 177 1000
1 213 209 177 1000
1 213 210 177 1000
1 213 211 177 1000
1 213 212 177 1000
1 213 213 177 1000
1 213 214 177 1000
1 213 215 177 1000
1 213 216 177 1000
1 213 217 177 1000
1 213 218 177 1000
1 213 219 177 1000
1 213 220 177 1000
1 213 221 177 1000
1 214 193 177 1000
1 214 194 177 1000
1 214 195 177 1000
1 214 196 177 1000
1 214 197 177 1000
1 214 198 177 1000
1 214 199 177 1000
1 214 200 177 1000
1 214 201 177 1000
1 214 202 177 1000
1 214 203 177 1000
1 214 204 177 1000
1 214 205 177 1000
1 214 206 177 1000
1 214 207 177 1000
1 214 208 177 1000
1 214 209 177 1000
1 214 210 177 1000
1 214 211 177 1000
1 214 212 177 1000
1 214 213 177 1000
1 214 214 177 1000
1 214 215 177 1000
1 214 216 177 1000
1 214 217 177 1000
1 214 218 177 1000
1 214 219 177 1000
1 214 220 177 1000
1 214 221 177 1000
1 214 222 177 1000
1 215 193 177 1000
1 215 194 177 1000
1 215 195 177 1000
1 215 196 177 1000
1 215 197 177 1000
1 215 198 177 1000
1 215 199 177 1000
1 215 200 177 1000
1 215 201 177 1000
1 215 202 177 1000
1 215 203 177 1000
1 215 204 177 1000
1 215 205 177 1000
1 215 206 177 1000
1 215 207 177 1000
1 215 208 177 1000
1 215 209 177 1000
1 215 210 177 1000
1 215 211 177 1000
1 215 212 177 1000
1 215 213 177 1000
1 215 214 177 1000
1 215 215 177 1000
1 215 216 177 1000
1 215 217 177 1000
1 215 218 177 1000
1 215 219 177 1000
1 215 220 177 1000
1 215 221 177 1000
1 215 222 177 1000
1 215 223 177 1000
1 216 194 177 1000
1 216 195 177 1000
1 216 196 177 1000
1 216 197 177 1000
1 216 198 177 1000
1 216 199 177 1000
1 216 200 177 1000
1 216 201 177 1000
1 216 202 177 1000
1 216 203 177 1000
1 216 204 177 1000
1 216 205 177 1000
1 216 206 177 1000
1 216 207 177 1000
1 216 208 177 1000
1 216 209 177 1000
1 216 210 177 1000
1 216 211 177 1000
1 216 212 177 1000
1 216 213 177 1000
1 216 214 177 1000
1 216 215 177 1000
1 216 216 177 1000
1 216 217 177 1000
1 216 218 177 1000
1 216 219 177 1000
1 216 220 177 1000
1 216 221 177 1000
1 216 222 177 1000
1 216 223 177 1000
1 217 195 177 1000
1 217 196 177 1000
1 217 197 177 1000
1 217 198 177 1000
1 217 199 177 1000
1 217 200 177 1000
1 217 201 177 1000
1 217 202 177 1000
1 217 203 177 1000
1 217 204 177 1000
1 217 205 177 1000
1 217 206 177 1000
1 217 207 177 1000
1 217 208 177 1000
1 217 209 177 1000
1 217 210 177 1000
1 217 211 177 1000
1 217 212 177 1000
1 217 213 177 1000
1 217 214 177 1000
1 217 215 177 1000
1 217 216 177 1000
1 217 217 177 1000
1 217 218 177 1000
1 217 219 177 1000
1 217 220 177 1000
1 217 221 177 1000
1 217 222 177 1000
1 217 223 177 1000
1 217 224 177 1000
1 218 195 177 1000
1 218 196 177 1000
1 218 197 177 1000
1 218 198 177 1000
1 218 199 177 1000
1 218 200 177 1000
1 218 201 177 1000
1 218 202 177 1000
1 218 203 177 1000
1 218 204 177 1000
1 218 205 177 1000
1 218 206 177 1000
1 218 207 177 1000
1 218 208 177 1000
1 218 209 177 1000
1 218 210 177 1000
1 218 211 177 1000
1 218 212 177 1000
1 218 213 177 1000
1 218 214 177 1000
1 218 215 177 1000
1 218 216 177 1000
1 218 217 177 1000
1 218 218 177 1000
1 218 219 177 1000
1 218 220 177 1000
1 218 221 177 1000
1 218 222 177 1000
1 218 223 177 1000
1 218 224 177 1000
1 218 225 177 1000
1 219 196 177 1000
1 219 197 177 1000
1 219 198 177 1000
1 219 199 177 1000
1 219 200 177 1000
1 219 201 177 1000
1 219 202 177 1000
1 219 203 177 1000
1 219 204 177 1000
1 219 205 177 1000
1 219 206 177 1000
1 219 207 177 1000
1 219 208 177 1000
1 219 209 177 1000
1 219 210 177 1000
1 219 211 177 1000
1 219 212 177 1000
1 219 213 177 1000
1 219 214 177 1000
1 219 215 177 1000
1 219 216 177 1000
1 219 217 177 1000
1 219 218 177 1000
1 219 219 177 1000
1 219 220 177 1000
1 219 221 177 1000
1 219 222 177 1000
1 219 223 177 1000
1 219 224 177 1000
1 219 225 177 1000
1 220 197 177 1000
1 220 198 177 1000
1 220 199 177 1000
1 220 200 177 1000
1 220 201 177 1000
1 220 202 177 1000
1 220 203 177 1000
1 220 204 177 1000
1 220 205 177 1000
1 220 206 177 1000
1 220 207 177 1000
1 220 208 177 1000
1 220 209 177 1000
1 220 210 177 1000
1 220 211 177 1000
1 220 212 177 1000
1 220 213 177 1000
1 220 214 177 1000
1 220 215 177 1000
1 220 216 177 1000
1 220 217 177 1000
1 220 218 177 1000
1 220 219 177 1000
1 220 220 177 1000
1 220 221 177 1000
1 220 222 177 1000
1 220 223 177 1000
1 220 224 177 1000
1 220 225 177 1000
1 220 226 177 1000
1 221 198 177 1000
1 221 199 177 1000
1 221 200 177 1000
1 221 201 177 1000
1 221 202 177 1000
1 221 203 177 1000
1 221 204 177 1000
1 221 205 177 1000
1 221 206 177 1000
1 221 207 177 1000
1 221 208 177 1000
1 221 209 177 1000
1 221 210 177 1000
1 221 211 177 1000
1 221 212 177 1000
1 221 213 177 1000
1 221 214 177 1000
1 221 215 177 1000
1 221 216 177 1000
1 221 217 177 1000
1 221 218 177 1000
1 221 219 177 1000
1 221 220 177 1000
1 221 221 177 1000
1 221 222 177 1000
1 221 223 177 1000
1 221 224 177 1000
1 221 225 177 1000
1 221 226 177 1000
1 221 227 177 1000
1 222 198 177 1000
1 222 199 177 1000
1 222 200 177 1000
1 222 201 177 1000
1 222 202 177 1000
1 222 203 177 1000
1 222 204 177 1000
1 222 205 177 1000
1 222 206 177 1000
1 222 207 177 1000
1 222 208 177 1000
1 222 209 177 1000
1 222 210 177 1000
1 222 211 177 1000
1 222 212 177 1000
1 222 213 177 1000
1 222 214 177 1000
1 222 215 177 1000
1 222 216 177 1000
1 222 217 177 1000
1 222 218 177 1000
1 222 219 177 1000
1 222 220 177 1000
1 222 221 177 1000
1 222 222 177 1000
1 222 223 177 1000
1 222 224 177 1000
1 222 225 177 1000
1 222 226 177 1000
1 222 227 177 1000
1 223 199 177 1000
1 223 200 177 1000
1 223 201 177 1000
1 223 202 177 1000
1 223 203 177 1000
1 223 204 177 1000
1 223 205 177 1000
1 223 206 177 1000
1 223 207 177 1000
1 223 208 177 1000
1 223 209 177 1000
1 223 210 177 1000
1 223 211 177 1000
1 223 212 177 1000
1 223 213 177 1000
1 223 214 177 1000
1 223 215 177 1000
1 223 216 177 1000
1 223 217 177 1000
1 223 218 177 1000
1 223 219 177 1000
1 223 220 177 1000
1 223 221 177 1000
1 223 222 177 1000
1 223 223 177 1000
1 223 224 177 1000
1 223 225 177 1000
1 223 226 177 1000
1 223 227 177 1000
1 223 228 177 1000
1 224 200 177 1000
1 224 201 177 1000
1 224 202 177 1000
1 224 203 177 1000
1 224 204 177 1000
1 224 205 177 1000
1 224 206 177 1000
1 224 207 177 1000
1 224 208 177 1000
1 224 209 177 1000
1 224 210 177 1000
1 224 211 177 1000
1 224 212 177 1000
1 224 213 177 1000
1 224 214 177 1000
1 224 215 177 1000
1 224 216 177 1000
1 224 217 177 1000
1 224 218 177 1000
1 224 219 177 1000
1 224 220 177 1000
1 224 221 177 1000
1 224 222 177 1000
1 224 223 177 1000
1 224 224 177 1000
1 224 225 177 1000
1 224 226 177 1000
1 224 227 177 1000
1 224 228 177 1000
1 224 229 177 1000
1 225 201 177 1000
1 225 202 177 1000
1 225 203 177 1000
1 225 204 177 1000
1 225 205 177 1000
1 225 206 177 1000
1 225 207 177 1000
1 225 208 177 1000
1 225 209 177 1000
1 225 210 177 1000
1 225 211 177 1000
1 225 212 177 1000
1 225 213 177 1000
1 225 214 177 1000
1 225 215 177 1000
1 225 216 177 1000
1 225 217 177 1000
1 225 218 177 1000
1 225 219 177 1000
1 225 220 177 1000
1 225 221 177 1000
1 225 222 177 1000
1 225 223 177 1000
1 225 224 177 1000
1 225 225 177 1000
1 225 226 177 1000
1 225 227 177 1000
1 225 228 177 1000
1 225 229 177 1000
1 226 201 177 1000
1 226 202 177 1000
1 226 203 177 1000
1 226 204 177 1000
1 226 205 177 1000
1 226 206 177 1000
1 226 207 177 1000
1 226 208 177 1000
1 226 209 177 1000
1 226 210 177 1000
1 226 211 177 1000
1 226 212 177 1000
1 226 213 177 1000
1 226 214 177 1000
1 226 215 177 1000
1 226 216 177 1000
1 226 217 177 1000
1 226 218 177 1000
1 226 219 177 1000
1 226 220 177 1000
1 226 221 177 1000
1 226 222 177 1000
1 226 223 177 1000
1 226 224 177 1000
1 226 225 177 1000
1 226 226 177 1000
1 226 227 177 1000
1 226 228 177 1000
1 226 229 177 1000
1 226 230 177 1000
1 227 203 177 1000
1 227 204 177 1000
1 227 205 177 1000
1 227 206 177 1000
1 227 207 177 1000
1 227 208 177 1000
1 227 209 177 1000
1 227 210 177 1000
1 227 211 177 1000
1 227 212 177 1000
1 227 213 177 1000
1 227 214 177 1000
1 227 215 177 1000
1 227 216 177 1000
1 227 217 177 1000
1 227 218 177 1000
1 227 219 177 1000
1 227 220 177 1000
1 227 221 177 1000
1 227 222 177 1000
1 227 223 177 1000
1 227 224 177 1000
1 227 225 177 1000
1 227 226 177 1000
1 227 227 177 1000
1 227 228 177 1000
1 227 229 177 1000
1 227 230 177 1000
1 227 231 177 1000
1 228 203 177 1000
1 228 204 177 1000
1 228 205 177 1000
1 228 206 177 1000
1 228 207 177 1000
1 228 208 177 1000
1 228 209 177 1000
1 228 210 177 1000
1 228 211 177 1000
1 228 212 177 1000
1 228 213 177 1000
1 228 214 177 1000
1 228 215 177 1000
1 228 216 177 1000
1 228 217 177 1000
1 228 218 177 1000
1 228 219 177 1000
1 228 220 177 1000
1 228 221 177 1000
1 228 222 177 1000
1 228 223 177 1000
1 228 224 177 1000
1 228 225 177 1000
1 228 226 177 1000
1 228 227 177 1000
1 228 228 177 1000
1 228 229 177 1000
1 228 230 177 1000
1 228 231 177 1000
1 229 204 177 1000
1 229 205 177 1000
1 229 206 177 1000
1 229 207 177 1000
1 229 208 177 1000
1 229 209 177 1000
1 229 210 177 1000
1 229 211 177 1000
1 229 212 177 1000
1 229 213 177 1000
1 229 214 177 1000
1 229 215 177 1000
1 229 216 177 1000
1 229 217 177 1000
1 229 218 177 1000
1 229 219 177 1000
1 229 220 177 1000
1 229 221 177 1000
1 229 222 177 1000
1 229 223 177 1000
1 229 224 177 1000
1 229 225 177 1000
1 229 226 177 1000
1 229 227 177 1000
1 229 228 177 1000
1 229 229 177 1000
1 229 230 177 1000
1 229 231 177 1000
1 229 232 177 1000
1 230 205 177 1000
1 230 206 177 1000
1 230 207 177 1000
1 230 208 177 1000
1 230 209 177 1000
1 230 210 177 1000
1 230 211 177 1000
1 230 212 177 1000
1 230 213 177 1000
1 230 214 177 1000
1 230 215 177 1000
1 230 216 177 1000
1 230 217 177 1000
1 230 218 177 1000
1 230 219 177 1000
1 230 220 177 1000
1 230 221 177 1000
1 230 222 177 1000
1 230 223 177 1000
1 230 224 177 1000
1 230 225 177 1000
1 230 226 177 1000
1 230 227 177 1000
1 230 228 177 1000
1 230 229 177 1000
1 230 230 177 1000
1 230 231 177 1000
1 230 232 177 1000
1 230 233 177 1000
1 231 206 177 1000
1 231 207 177 1000
1 231 208 177 1000
1 231 209 177 1000
1 231 210 177 1000
1 231 211 177 1000
1 231 212 177 1000
1 231 213 177 1000
1 231 214 177 1000
1 231 215 177 1000
1 231 216 177 1000
1 231 217 177 1000
1 231 218 177 1000
1 231 219 177 1000
1 231 220 177 1000
1 231 221 177 1000
1 231 222 177 1000
1 231 223 177 1000
1 231 224 177 1000
1 231 225 177 1000
1 231 226 177 1000
1 231 227 177 1000
1 231 228 177 1000
1 231 229 177 1000
1 231 230 177 1000
1 231 231 177 1000
1 231 232 177 1000
1 231 233 177 1000
1 232 207 177 1000
1 232 208 177 1000
1 232 209 177 1000
1 232 210 177 1000
1 232 211 177 1000
1 232 212 177 1000
1 232 213 177 1000
1 232 214 177 1000
1 232 215 177 1000
1 232 216 177 1000
1 232 217 177 1000
1 232 218 177 1000
1 232 219 177 1000
1 232 220 177 1000
1 232 221 177 1000
1 232 222 177 1000
1 232 223 177 1000
1 232 224 177 1000
1 232 225 177 1000
1 232 226 177 1000
1 232 227 177 1000
1 232 228 177 1000
1 232 229 177 1000
1 232 230 177 1000
1 232 231 177 1000
1 232 232 177 1000
1 232 233 177 1000
1 232 234 177 1000
1 233 209 177 1000
1 233 210 177 1000
1 233 211 177 1000
1 233 212 177 1000
1 233 213 177 1000
1 233 214 177 1000
1 233 215 177 1000
1 233 216 177 1000
1 233 217 177 1000
1 233 218 177 1000
1 233 219 177 1000
1 233 220 177 1000
1 233 221 177 1000
1 233 222 177 1000
1 233 223 177 1000
1 233 224 177 1000
1 233 225 177 1000
1 233 226 177 1000
1 233 227 177 1000
1 233 228 177 1000
1 233 229 177 1000
1 233 230 177 1000
1 233 231 177 1000
1 233 232 177 1000
1 233 233 177 1000
1 233 234 177 1000
1 234 210 177 1000
1 234 211 177 1000
1 234 212 177 1000
1 234 213 177 1000
1 234 214 177 1000
1 234 215 177 1000
1 234 216 177 1000
1 234 217 177 1000
1 234 218 177 1000
1 234 219 177 1000
1 234 220 177 1000
1 234 221 177 1000
1 234 222 177 1000
1 234 223 177 1000
1 234 224 177 1000
1 234 225 177 1000
1 234 226 177 1000
1 234 227 177 1000
1 234 228 177 1000
1 234 229 177 1000
1 234 230 177 1000
1 234 231 177 1000
1 234 232 177 1000
1 234 233 177 1000
1 234 234 177 1000
1 234 235 177 1000
1 235 211 177 1000
1 235 212 177 1000
1 235 213 177 1000
1 235 214 177 1000
1 235 215 177 1000
1 235 216 177 1000
1 235 217 177 1000
1 235 218 177 1000
1 235 219 177 1000
1 235 220 177 1000
1 235 221 177 1000
1 235 222 177 1000
1 235 223 177 1000
1 235 224 177 1000
1 235 225 177 1000
1 235 226 177 1000
1 235 227 177 1000
1 235 228 177 1000
1 235 229 177 1000
1 235 230 177 1000
1 235 231 177 1000
1 235 232 177 1000
1 235 233 177 1000
1 235 234 177 1000
1 235 235 177 1000
1 235 236 177 1000
1 236 213 177 1000
1 236 214 177 1000
1 236 215 177 1000
1 236 216 177 1000
1 236 217 177 1000
1 236 218 177 1000
1 236 219 177 1000
1 236 220 177 1000
1 236 221 177 1000
1 236 222 177 1000
1 236 223 177 1000
1 236 224 177 1000
1 236 225 177 1000
1 236 226 177 1000
1 236 227 177 1000
1 236 228 177 1000
1 236 229 177 1000
1 236 230 177 1000
1 236 231 177 1000
1 236 232 177 1000
1 236 233 177 1000
1 236 234 177 1000
1 236 235 177 1000
1 236 236 177 1000
1 237 214 177 1000
1 237 215 177 1000
1 237 216 177 1000
1 237 217 177 1000
1 237 218 177 1000
1 237 219 177 1000
1 237 220 177 1000
1 237 221 177 1000
1 237 222 177 1000
1 237 223 177 1000
1 237 224 177 1000
1 237 225 177 1000
1 237 226 177 1000
1 237 227 177 1000
1 237 228 177 1000
1 237 229 177 1000
1 237 230 177 1000
1 237 231 177 1000
1 237 232 177 1000
1 237 233 177 1000
1 237 234 177 1000
1 237 235 177 1000
1 237 236 177 1000
1 238 216 177 1000
1 238 217 177 1000
1 238 218 177 1000
1 238 219 177 1000
1 238 220 177 1000
1 238 221 177 1000
1 238 222 177 1000
1 238 223 177 1000
1 238 224 177 1000
1 238 225 177 1000
1 238 226 177 1000
1 238 227 177 1000
1 238 228 177 1000
1 238 229 177 1000
1 238 230 177 1000
1 238 231 177 1000
1 238 232 177 1000
1 238 233 177 1000
1 238 234 177 1000
1 238 235 177 1000
1 238 236 177 1000
1 238 237 177 1000
1 239 218 177 1000
1 239 219 177 1000
1 239 220 177 1000
1 239 221 177 1000
1 239 222 177 1000
1 239 223 177 1000
1 239 224 177 1000
1 239 225 177 1000
1 239 226 177 1000
1 239 227 177 1000
1 239 228 177 1000
1 239 229 177 1000
1 239 230 177 1000
1 239 231 177 1000
1 239 232 177 1000
1 239 233 177 1000
1 239 234 177 1000
1 239 235 177 1000
1 239 236 177 1000
1 239 237 177 1000
1 240 219 177 1000
1 240 220 177 1000
1 240 221 177 1000
1 240 222 177 1000
1 240 223 177 1000
1 240 224 177 1000
1 240 225 177 1000
1 240 226 177 1000
1 240 227 177 1000
1 240 228 177 1000
1 240 229 177 1000
1 240 230 177 1000
1 240 231 177 1000
1 240 232 177 1000
1 240 233 177 1000
1 240 234 177 1000
1 240 235 177 1000
1 240 236 177 1000
1 240 237 177 1000
1 240 238 177 1000
1 241 219 177 1000
1 241 220 177 1000
1 241 221 177 1000
1 241 222 177 1000
1 241 223 177 1000
1 241 224 177 1000
1 241 225 177 1000
1 241 226 177 1000
1 241 227 177 1000
1 241 228 177 1000
1 241 229 177 1000
1 241 230 177 1000
1 241 231 177 1000
1 241 232 177 1000
1 241 233 177 1000
1 241 234 177 1000
1 241 235 177 1000
1 241 236 177 1000
1 241 237 177 1000
1 241 238 177 1000
1 242 220 177 1000
1 242 221 177 1000
1 242 222 177 1000
1 242 223 177 1000
1 242 224 177 1000
1 242 225 177 1000
1 242 226 177 1000
1 242 227 177 1000
1 242 228 177 1000
1 242 229 177 1000
1 242 230 177 1000
1 242 231 177 1000
1 242 232 177 1000
1 242 233 177 1000
1 242 234 177 1000
1 242 235 177 1000
1 242 236 177 1000
1 242 237 177 1000
1 242 238 177 1000
1 243 221 177 1000
1 243 222 177 1000
1 243 223 177 1000
1 243 224 177 1000
1 243 225 177 1000
1 243 226 177 1000
1 243 227 177 1000
1 243 228 177 1000
1 243 229 177 1000
1 243 230 177 1000
1 243 231 177 1000
1 243 232 177 1000
1 243 233 177 1000
1 243 234 177 1000
1 243 235 177 1000
1 243 236 177 1000
1 243 237 177 1000
1 243 238 177 1000
1 243 239 177 1000
1 244 221 177 1000
1 244 222 177 1000
1 244 223 177 1000
1 244 224 177 1000
1 244 225 177 1000
1 244 226 177 1000
1 244 227 177 1000
1 244 228 177 1000
1 244 229 177 1000
1 244 230 177 1000
1 244 231 177 1000
1 244 232 177 1000
1 244 233 177 1000
1 244 234 177 1000
1 244 235 177 1000
1 244 236 177 1000
1 244 237 177 1000
1 244 238 177 1000
1 244 239 177 1000
1 245 222 177 1000
1 245 223 177 1000
1 245 224 177 1000
1 245 225 177 1000
1 245 226 177 1000
1 245 227 177 1000
1 245 228 177 1000
1 245 229 177 1000
1 245 230 177 1000
1 245 231 177 1000
1 245 232 177 1000
1 245 233 177 1000
1 245 234 177 1000
1 245 235 177 1000
1 245 236 177 1000
1 245 237 177 1000
1 245 238 177 1000
1 245 239 177 1000
1 245 240 177 1000
1 246 222 177 1000
1 246 223 177 1000
1 246 224 177 1000
1 246 225 177 1000
1 246 226 177 1000
1 246 227 177 1000
1 246 228 177 1000
1 246 229 177 1000
1 246 230 177 1000
1 246 231 177 1000
1 246 232 177 1000
1 246 233 177 1000
1 246 234 177 1000
1 246 235 177 1000
1 246 236 177 1000
1 246 237 177 1000
1 246 238 177 1000
1 246 239 177 1000
1 246 240 177 1000
1 247 223 177 1000
1 247 224 177 1000
1 247 225 177 1000
1 247 226 177 1000
1 247 227 177 1000
1 247 228 177 1000
1 247 229 177 1000
1 247 230 177 1000
1 247 231 177 1000
1 247 232 177 1000
1 247 233 177 1000
1 247 234 177 1000
1 247 235 177 1000
1 247 236 177 1000
1 247 237 177 1000
1 247 238 177 1000
1 247 239 177 1000
1 247 240 177 1000
1 248 223 177 1000
1 248 224 177 1000
1 248 225 177 1000
1 248 226 177 1000
1 248 227 177 1000
1 248 228 177 1000
1 248 229 177 1000
1 248 230 177 1000
1 248 231 177 1000
1 248 232 177 1000
1 248 233 177 1000
1 248 234 177 1000
1 248 235 177 1000
1 248 236 177 1000
1 248 237 177 1000
1 248 238 177 1000
1 248 239 177 1000
1 248 240 177 1000
1 248 241 177 1000
1 249 224 177 1000
1 249 225 177 1000
1 249 226 177 1000
1 249 227 177 1000
1 249 228 177 1000
1 249 229 177 1000
1 249 230 177 1000
1 249 231 177 1000
1 249 232 177 1000
1 249 233 177 1000
1 249 234 177 1000
1 249 235 177 1000
1 249 236 177 1000
1 249 237 177 1000
1 249 238 177 1000
1 249 239 177 1000
1 249 240 177 1000
1 249 241 177 1000
1 250 225 177 1000
1 250 226 177 1000
1 250 227 177 1000
1 250 228 177 1000
1 250 229 177 1000
1 250 230 177 1000
1 250 231 177 1000
1 250 232 177 1000
1 250 233 177 1000
1 250 234 177 1000
1 250 235 177 1000
1 250 236 177 1000
1 250 237 177 1000
1 250 238 177 1000
1 250 239 177 1000
1 250 240 177 1000
1 250 241 177 1000
1 250 242 177 1000
1 251 225 177 1000
1 251 226 177 1000
1 251 227 177 1000
1 251 228 177 1000
1 251 229 177 1000
1 251 230 177 1000
1 251 231 177 1000
1 251 232 177 1000
1 251 233 177 1000
1 251 234 177 1000
1 251 235 177 1000
1 251 236 177 1000
1 251 237 177 1000
1 251 238 177 1000
1 251 239 177 1000
1 251 240 177 1000
1 251 241 177 1000
1 251 242 177 1000
1 252 224 177 1000
1 252 225 177 1000
1 252 226 177 1000
1 252 227 177 1000
1 252 228 177 1000
1 252 229 177 1000
1 252 230 177 1000
1 252 231 177 1000
1 252 232 177 1000
1 252 233 177 1000
1 252 234 177 1000
1 252 235 177 1000
1 252 236 177 1000
1 252 237 177 1000
1 252 238 177 1000
1 252 239 177 1000
1 252 240 177 1000
1 252 241 177 1000
1 252 242 177 1000
1 253 224 177 1000
1 253 225 177 1000
1 253 226 177 1000
1 253 227 177 1000
1 253 228 177 1000
1 253 229 177 1000
1 253 230 177 1000
1 253 231 177 1000
1 253 232 177 1000
1 253 233 177 1000
1 253 234 177 1000
1 253 235 177 1000
1 253 236 177 1000
1 253 237 177 1000
1 253 238 177 1000
1 253 239 177 1000
1 253 240 177 1000
1 253 241 177 1000
1 253 242 177 1000
1 253 243 177 1000
1 254 225 177 1000
1 254 226 177 1000
1 254 227 177 1000
1 254 228 177 1000
1 254 229 177 1000
1 254 230 177 1000
1 254 231 177 1000
1 254 232 177 1000
1 254 233 177 1000
1 254 234 177 1000
1 254 235 177 1000
1 254 236 177 1000
1 254 237 177 1000
1 254 238 177 1000
1 254 239 177 1000
1 254 240 177 1000
1 254 241 177 1000
1 254 242 177 1000
1 254 243 177 1000
1 255 225 177 1000
1 255 226 177 1000
1 255 227 177 1000
1 255 228 177 1000
1 255 229 177 1000
1 255 230 177 1000
1 255 231 177 1000
1 255 232 177 1000
1 255 233 177 1000
1 255 234 177 1000
1 255 235 177 1000
1 255 236 177 1000
1 255 237 177 1000
1 255 238 177 1000
1 255 239 177 1000
1 255 240 177 1000
1 255 241 177 1000
1 255 242 177 1000
1 255 243 177 1000
1 255 244 177 1000
1 256 225 177 1000
1 256 226 177 1000
1 256 227 177 1000
1 256 228 177 1000
1 256 229 177 1000
1 256 230 177 1000
1 256 231 177 1000
1 256 232 177 1000
1 256 233 177 1000
1 256 234 177 1000
1 256 235 177 1000
1 256 236 177 1000
1 256 237 177 1000
1 256 238 177 1000
1 256 239 177 1000
1 256 240 177 1000
1 256 241 177 1000
1 256 242 177 1000
1 256 243 177 1000
1 256 244 177 1000
1 257 225 177 1000
1 257 226 177 1000
1 257 227 177 1000
1 257 228 177 1000
1 257 229 177 1000
1 257 230 177 1000
1 257 231 177 1000
1 257 232 177 1000
1 257 233 177 1000
1 257 234 177 1000
1 257 235 177 1000
1 257 236 177 1000
1 257 237 177 1000
1 257 238 177 1000
1 257 239 177 1000
1 257 240 177 1000
1 257 241 177 1000
1 257 242 177 1000
1 257 243 177 1000
1 257 244 177 1000
1 258 225 177 1000
1 258 226 177 1000
1 258 227 177 1000
1 258 228 177 1000
1 258 229 177 1000
1 258 230 177 1000
1 258 231 177 1000
1 258 232 177 1000
1 258 233 177 1000
1 258 234 177 1000
1 258 235 177 1000
1 258 236 177 1000
1 258 237 177 1000
1 258 238 177 1000
1 258 239 177 1000
1 258 240 177 1000
1 258 241 177 1000
1 258 242 177 1000
1 258 243 177 1000
1 258 244 177 1000
1 258 245 177 1000
1 259 226 177 1000
1 259 227 177 1000
1 259 228 177 1000
1 259 229 177 1000
1 259 230 177 1000
1 259 231 177 1000
1 259 232 177 1000
1 259 233 177 1000
1 259 234 177 1000
1 259 235 177 1000
1 259 236 177 1000
1 259 237 177 1000
1 259 238 177 1000
1 259 239 177 1000
1 259 240 177 1000
1 259 241 177 1000
1 259 242 177 1000
1 259 243 177 1000
1 259 244 177 1000
1 259 245 177 1000
1 260 226 177 1000
1 260 227 177 1000
1 260 228 177 1000
1 260 229 177 1000
1 260 230 177 1000
1 260 231 177 1000
1 260 232 177 1000
1 260 233 177 1000
1 260 234 177 1000
1 260 235 177 1000
1 260 236 177 1000
1 260 237 177 1000
1 260 238 177 1000
1 260 239 177 1000
1 260 240 177 1000
1 260 241 177 1000
1 260 242 177 1000
1 260 243 177 1000
1 260 244 177 1000
1 260 245 177 1000
1 260 246 177 1000
1 261 227 177 1000
1 261 228 177 1000
1 261 229 177 1000
1 261 230 177 1000
1 261 231 177 1000
1 261 232 177 1000
1 261 233 177 1000
1 261 234 177 1000
1 261 235 177 1000
1 261 236 177 1000
1 261 237 177 1000
1 261 238 177 1000
1 261 239 177 1000
1 261 240 177 1000
1 261 241 177 1000
1 261 242 177 1000
1 261 243 177 1000
1 261 244 177 1000
1 261 245 177 1000
1 261 246 177 1000
1 262 227 177 1000
1 262 228 177 1000
1 262 229 177 1000
1 262 230 177 1000
1 262 231 177 1000
1 262 232 177 1000
1 262 233 177 1000
1 262 234 177 1000
1 262 235 177 1000
1 262 236 177 1000
1 262 237 177 1000
1 262 238 177 1000
1 262 239 177 1000
1 262 240 177 1000
1 262 241 177 1000
1 262 242 177 1000
1 262 243 177 1000
1 262 244 177 1000
1 262 245 177 1000
1 262 246 177 1000
1 263 227 177 1000
1 263 228 177 1000
1 263 229 177 1000
1 263 230 177 1000
1 263 231 177 1000
1 263 232 177 1000
1 263 233 177 1000
1 263 234 177 1000
1 263 235 177 1000
1 263 236 177 1000
1 263 237 177 1000
1 263 238 177 1000
1 263 239 177 1000
1 263 240 177 1000
1 263 241 177 1000
1 263 242 177 1000
1 263 243 177 1000
1 263 244 177 1000
1 263 245 177 1000
1 263 246 177 1000
1 263 247 177 1000
1 264 227 177 1000
1 264 228 177 1000
1 264 229 177 1000
1 264 230 177 1000
1 264 231 177 1000
1 264 232 177 1000
1 264 233 177 1000
1 264 234 177 1000
1 264 235 177 1000
1 264 236 177 1000
1 264 237 177 1000
1 264 238 177 1000
1 264 239 177 1000
1 264 240 177 1000
1 264 241 177 1000
1 264 242 177 1000
1 264 243 177 1000
1 264 244 177 1000
1 264 245 177 1000
1 264 246 177 1000
1 264 247 177 1000
1 265 227 177 1000
1 265 228 177 1000
1 265 229 177 1000
1 265 230 177 1000
1 265 231 177 1000
1 265 232 177 1000
1 265 233 177 1000
1 265 234 177 1000
1 265 235 177 1000
1 265 236 177 1000
1 265 237 177 1000
1 265 238 177 1000
1 265 239 177 1000
1 265 240 177 1000
1 265 241 177 1000
1 265 242 177 1000
1 265 243 177 1000
1 265 244 177 1000
1 265 245 177 1000
1 265 246 177 1000
1 265 247 177 1000
1 265 248 177 1000
1 266 228 177 1000
1 266 229 177 1000
1 266 230 177 1000
1 266 231 177 1000
1 266 232 177 1000
1 266 233 177 1000
1 266 234 177 1000
1 266 235 177 1000
1 266 236 177 1000
1 266 237 177 1000
1 266 238 177 1000
1 266 239 177 1000
1 266 240 177 1000
1 266 241 177 1000
1 266 242 177 1000
1 266 243 177 1000
1 266 244 177 1000
1 266 245 177 1000
1 266 246 177 1000
1 266 247 177 1000
1 266 248 177 1000
1 267 228 177 1000
1 267 229 177 1000
1 267 230 177 1000
1 267 231 177 1000
1 267 232 177 1000
1 267 233 177 1000
1 267 234 177 1000
1 267 235 177 1000
1 267 236 177 1000
1 267 237 177 1000
1 267 238 177 1000
1 267 239 177 1000
1 267 240 177 1000
1 267 241 177 1000
1 267 242 177 1000
1 267 243 177 1000
1 267 244 177 1000
1 267 245 177 1000
1 267 246 177 1000
1 267 247 177 1000
1 267 248 177 1000
1 268 228 177 1000
1 268 229 177 1000
1 268 230 177 1000
1 268 231 177 1000
1 268 232 177 1000
1 268 233 177 1000
1 268 234 177 1000
1 268 235 177 1000
1 268 236 177 1000
1 268 237 177 1000
1 268 238 177 1000
1 268 239 177 1000
1 268 240 177 1000
1 268 241 177 1000
1 268 242 177 1000
1 268 243 177 1000
1 268 244 177 1000
1 268 245 177 1000
1 268 246 177 1000
1 268 247 177 1000
1 268 248 177 1000
1 268 249 177 1000
1 269 229 177 1000
1 269 230 177 1000
1 269 231 177 1000
1 269 232 177 1000
1 269 233 177 1000
1 269 234 177 1000
1 269 235 177 1000
1 269 236 177 1000
1 269 237 177 1000
1 269 238 177 1000
1 269 239 177 1000
1 269 240 177 1000
1 269 241 177 1000
1 269 242 177 1000
1 269 243 177 1000
1 269 244 177 1000
1 269 245 177 1000
1 269 246 177 1000
1 269 247 177 1000
1 269 248 177 1000
1 269 249 177 1000
1 270 229 177 1000
1 270 230 177 1000
1 270 231 177 1000
1 270 232 177 1000
1 270 233 177 1000
1 270 234 177 1000
1 270 235 177 1000
1 270 236 177 1000
1 270 237 177 1000
1 270 238 177 1000
1 270 239 177 1000
1 270 240 177 1000
1 270 241 177 1000
1 270 242 177 1000
1 270 243 177 1000
1 270 244 177 1000
1 270 245 177 1000
1 270 246 177 1000
1 270 247 177 1000
1 270 248 177 1000
1 270 249 177 1000
1 270 250 177 1000
1 271 230 177 1000
1 271 231 177 1000
1 271 232 177 1000
1 271 233 177 1000
1 271 234 177 1000
1 271 235 177 1000
1 271 236 177 1000
1 271 237 177 1000
1 271 238 177 1000
1 271 239 177 1000
1 271 240 177 1000
1 271 241 177 1000
1 271 242 177 1000
1 271 243 177 1000
1 271 244 177 1000
1 271 245 177 1000
1 271 246 177 1000
1 271 247 177 1000
1 271 248 177 1000
1 271 249 177 1000
1 271 250 177 1000
1 272 230 177 1000
1 272 231 177 1000
1 272 232 177 1000
1 272 233 177 1000
1 272 234 177 1000
1 272 235 177 1000
1 272 236 177 1000
1 272 237 177 1000
1 272 238 177 1000
1 272 239 177 1000
1 272 240 177 1000
1 272 241 177 1000
1 272 242 177 1000
1 272 243 177 1000
1 272 244 177 1000
1 272 245 177 1000
1 272 246 177 1000
1 272 247 177 1000
1 272 248 177 1000
1 272 249 177 1000
1 272 250 177 1000
1 273 230 177 1000
1 273 231 177 1000
1 273 232 177 1000
1 273 233 177 1000
1 273 234 177 1000
1 273 235 177 1000
1 273 236 177 1000
1 273 237 177 1000
1 273 238 177 1000
1 273 239 177 1000
1 273 240 177 1000
1 273 241 177 1000
1 273 242 177 1000
1 273 243 177 1000
1 273 244 177 1000
1 273 245 177 1000
1 273 246 177 1000
1 273 247 177 1000
1 273 248 177 1000
1 273 249 177 1000
1 273 250 177 1000
1 273 251 177 1000
1 274 231 177 1000
1 274 232 177 1000
1 274 233 177 1000
1 274 234 177 1000
1 274 235 177 1000
1 274 236 177 1000
1 274 237 177 1000
1 274 238 177 1000
1 274 239 177 1000
1 274 240 177 1000
1 274 241 177 1000
1 274 242 177 1000
1 274 243 177 1000
1 274 244 177 1000
1 274 245 177 1000
1 274 246 177 1000
1 274 247 177 1000
1 274 248 177 1000
1 274 249 177 1000
1 274 250 177 1000
1 274 251 177 1000
1 275 231 177 1000
1 275 232 177 1000
1 275 233 177 1000
1 275 234 177 1000
1 275 235 177 1000
1 275 236 177 1000
1 275 237 177 1000
1 275 238 177 1000
1 275 239 177 1000
1 275 240 177 1000
1 275 241 177 1000
1 275 242 177 1000
1 275 243 177 1000
1 275 244 177 1000
1 275 245 177 1000
1 275 246 177 1000
1 275 247 177 1000
1 275 248 177 1000
1 275 249 177 1000
1 275 250 177 1000
1 275 251 177 1000
1 275 252 177 1000
1 276 231 177 1000
1 276 232 177 1000
1 276 233 177 1000
1 276 234 177 1000
1 276 235 177 1000
1 276 236 177 1000
1 276 237 177 1000
1 276 238 177 1000
1 276 239 177 1000
1 276 240 177 1000
1 276 241 177 1000
1 276 242 177 1000
1 276 243 177 1000
1 276 244 177 1000
1 276 245 177 1000
1 276 246 177 1000
1 276 247 177 1000
1 276 248 177 1000
1 276 249 177 1000
1 276 250 177 1000
1 276 251 177 1000
1 276 252 177 1000
1 277 232 177 1000
1 277 233 177 1000
1 277 234 177 1000
1 277 235 177 1000
1 277 236 177 1000
1 277 237 177 1000
1 277 238 177 1000
1 277 239 177 1000
1 277 240 177 1000
1 277 241 177 1000
1 277 242 177 1000
1 277 243 177 1000
1 277 244 177 1000
1 277 245 177 1000
1 277 246 177 1000
1 277 247 177 1000
1 277 248 177 1000
1 277 249 177 1000
1 277 250 177 1000
1 277 251 177 1000
1 277 252 177 1000
1 278 233 177 1000
1 278 234 177 1000
1 278 235 177 1000
1 278 236 177 1000
1 278 237 177 1000
1 278 238 177 1000
1 278 239 177 1000
1 278 240 177 1000
1 278 241 177 1000
1 278 242 177 1000
1 278 243 177 1000
1 278 244 177 1000
1 278 245 177 1000
1 278 246 177 1000
1 278 247 177 1000
1 278 248 177 1000
1 278 249 177 1000
1 278 250 177 1000
1 278 251 177 1000
1 278 252 177 1000
1 278 253 177 1000
1 279 233 177 1000
1 279 234 177 1000
1 279 235 177 1000
1 279 236 177 1000
1 279 237 177 1000
1 279 238 177 1000
1 279 239 177 1000
1 279 240 177 1000
1 279 241 177 1000
1 279 242 177 1000
1 279 243 177 1000
1 279 244 177 1000
1 279 245 177 1000
1 279 246 177 1000
1 279 247 177 1000
1 279 248 177 1000
1 279 249 177 1000
1 279 250 177 1000
1 279 251 177 1000
1 279 252 177 1000
1 279 253 177 1000
1 280 233 177 1000
1 280 234 177 1000
1 280 235 177 1000
1 280 236 177 1000
1 280 237 177 1000
1 280 238 177 1000
1 280 239 177 1000
1 280 240 177 1000
1 280 241 177 1000
1 280 242 177 1000
1 280 243 177 1000
1 280 244 177 1000
1 280 245 177 1000
1 280 246 177 1000
1 280 247 177 1000
1 280 248 177 1000
1 280 249 177 1000
1 280 250 177 1000
1 280 251 177 1000
1 280 252 177 1000
1 280 253 177 1000
1 280 254 177 1000
1 281 234 177 1000
1 281 235 177 1000
1 281 236 177 1000
1 281 237 177 1000
1 281 238 177 1000
1 281 239 177 1000
1 281 240 177 1000
1 281 241 177 1000
1 281 242 177 1000
1 281 243 177 1000
1 281 244 177 1000
1 281 245 177 1000
1 281 246 177 1000
1 281 247 177 1000
1 281 248 177 1000
1 281 249 177 1000
1 281 250 177 1000
1 281 251 177 1000
1 281 252 177 1000
1 281 253 177 1000
1 281 254 177 1000
1 282 234 177 1000
1 282 235 177 1000
1 282 236 177 1000
1 282 237 177 1000
1 282 238 177 1000
1 282 239 177 1000
1 282 240 177 1000
1 282 241 177 1000
1 282 242 177 1000
1 282 243 177 1000
1 282 244 177 1000
1 282 245 177 1000
1 282 246 177 1000
1 282 247 177 1000
1 282 248 177 1000
1 282 249 177 1000
1 282 250 177 1000
1 282 251 177 1000
1 282 252 177 1000
1 282 253 177 1000
1 282 254 177 1000
1 283 234 177 1000
1 283 235 177 1000
1 283 236 177 1000
1 283 237 177 1000
1 283 238 177 1000
1 283 239 177 1000
1 283 240 177 1000
1 283 241 177 1000
1 283 242 177 1000
1 283 243 177 1000
1 283 244 177 1000
1 283 245 177 1000
1 283 246 177 1000
1 283 247 177 1000
1 283 248 177 1000
1 283 249 177 1000
1 283 250 177 1000
1 283 251 177 1000
1 283 252 177 1000
1 283 253 177 1000
1 283 254 177 1000
1 283 255 177 1000
1 284 235 177 1000
1 284 236 177 1000
1 284 237 177 1000
1 284 238 177 1000
1 284 239 177 1000
1 284 240 177 1000
1 284 241 177 1000
1 284 242 177 1000
1 284 243 177 1000
1 284 244 177 1000
1 284 245 177 1000
1 284 246 177 1000
1 284 247 177 1000
1 284 248 177 1000
1 284 249 177 1000
1 284 250 177 1000
1 284 251 177 1000
1 284 252 177 1000
1 284 253 177 1000
1 284 254 177 1000
1 284 255 177 1000
1 285 235 177 1000
1 285 236 177 1000
1 285 237 177 1000
1 285 238 177 1000
1 285 239 177 1000
1 285 240 177 1000
1 285 241 177 1000
1 285 242 177 1000
1 285 243 177 1000
1 285 244 177 1000
1 285 245 177 1000
1 285 246 177 1000
1 285 247 177 1000
1 285 248 177 1000
1 285 249 177 1000
1 285 250 177 1000
1 285 251 177 1000
1 285 252 177 1000
1 285 253 177 1000
1 285 254 177 1000
1 285 255 177 1000
1 285 256 177 1000
1 286 235 177 1000
1 286 236 177 1000
1 286 237 177 1000
1 286 238 177 1000
1 286 239 177 1000
1 286 240 177 1000
1 286 241 177 1000
1 286 242 177 1000
1 286 243 177 1000
1 286 244 177 1000
1 286 245 177 1000
1 286 246 177 1000
1 286 247 177 1000
1 286 248 177 1000
1 286 249 177 1000
1 286 250 177 1000
1 286 251 177 1000
1 286 252 177 1000
1 286 253 177 1000
1 286 254 177 1000
1 286 255 177 1000
1 286 256 177 1000
1 287 235 177 1000
1 287 236 177 1000
1 287 237 177 1000
1 287 238 177 1000
1 287 239 177 1000
1 287 240 177 1000
1 287 241 177 1000
1 287 242 177 1000
1 287 243 177 1000
1 287 244 177 1000
1 287 245 177 1000
1 287 246 177 1000
1 287 247 177 1000
1 287 248 177 1000
1 287 249 177 1000
1 287 250 177 1000
1 287 251 177 1000
1 287 252 177 1000
1 287 253 177 1000
1 287 254 177 1000
1 287 255 177 1000
1 287 256 177 1000
1 288 235 177 1000
1 288 236 177 1000
1 288 237 177 1000
1 288 238 177 1000
1 288 239 177 1000
1 288 240 177 1000
1 288 241 177 1000
1 288 242 177 1000
1 288 243 177 1000
1 288 244 177 1000
1 288 245 177 1000
1 288 246 177 1000
1 288 247 177 1000
1 288 248 177 1000
1 288 249 177 1000
1 288 250 177 1000
1 288 251 177 1000
1 288 252 177 1000
1 288 253 177 1000
1 288 254 177 1000
1 288 255 177 1000
1 288 256 177 1000
1 288 257 177 1000
1 289 235 177 1000
1 289 236 177 1000
1 289 237 177 1000
1 289 238 177 1000
1 289 239 177 1000
1 289 240 177 1000
1 289 241 177 1000
1 289 242 177 1000
1 289 243 177 1000
1 289 244 177 1000
1 289 245 177 1000
1 289 246 177 1000
1 289 247 177 1000
1 289 248 177 1000
1 289 249 177 1000
1 289 250 177 1000
1 289 251 177 1000
1 289 252 177 1000
1 289 253 177 1000
1 289 254 177 1000
1 289 255 177 1000
1 289 256 177 1000
1 289 257 177 1000
1 290 236 177 1000
1 290 237 177 1000
1 290 238 177 1000
1 290 239 177 1000
1 290 240 177 1000
1 290 241 177 1000
1 290 242 177 1000
1 290 243 177 1000
1 290 244 177 1000
1 290 245 177 1000
1 290 246 177 1000
1 290 247 177 1000
1 290 248 177 1000
1 290 249 177 1000
1 290 250 177 1000
1 290 251 177 1000
1 290 252 177 1000
1 290 253 177 1000
1 290 254 177 1000
1 290 255 177 1000
1 290 256 177 1000
1 290 257 177 1000
1 290 258 177 1000
1 291 237 177 1000
1 291 238 177 1000
1 291 239 177 1000
1 291 240 177 1000
1 291 241 177 1000
1 291 242 177 1000
1 291 243 177 1000
1 291 244 177 1000
1 291 245 177 1000
1 291 246 177 1000
1 291 247 177 1000
1 291 248 177 1000
1 291 249 177 1000
1 291 250 177 1000
1 291 251 177 1000
1 291 252 177 1000
1 291 253 177 1000
1 291 254 177 1000
1 291 255 177 1000
1 291 256 177 1000
1 291 257 177 1000
1 291 258 177 1000
1 292 237 177 1000
1 292 238 177 1000
1 292 239 177 1000
1 292 240 177 1000
1 292 241 177 1000
1 292 242 177 1000
1 292 243 177 1000
1 292 244 177 1000
1 292 245 177 1000
1 292 246 177 1000
1 292 247 177 1000
1 292 248 177 1000
1 292 249 177 1000
1 292 250 177 1000
1 292 251 177 1000
1 292 252 177 1000
1 292 253 177 1000
1 292 254 177 1000
1 292 255 177 1000
1 292 256 177 1000
1 292 257 177 1000
1 292 258 177 1000
1 293 237 177 1000
1 293 238 177 1000
1 293 239 177 1000
1 293 240 177 1000
1 293 241 177 1000
1 293 242 177 1000
1 293 243 177 1000
1 293 244 177 1000
1 293 245 177 1000
1 293 246 177 1000
1 293 247 177 1000
1 293 248 177 1000
1 293 249 177 1000
1 293 250 177 1000
1 293 251 177 1000
1 293 252 177 1000
1 293 253 177 1000
1 293 254 177 1000
1 293 255 177 1000
1 293 256 177 1000
1 293 257 177 1000
1 293 258 177 1000
1 293 259 177 1000
1 294 238 177 1000
1 294 239 177 1000
1 294 240 177 1000
1 294 241 177 1000
1 294 242 177 1000
1 294 243 177 1000
1 294 244 177 1000
1 294 245 177 1000
1 294 246 177 1000
1 294 247 177 1000
1 294 248 177 1000
1 294 249 177 1000
1 294 250 177 1000
1 294 251 177 1000
1 294 252 177 1000
1 294 253 177 1000
1 294 254 177 1000
1 294 255 177 1000
1 294 256 177 1000
1 294 257 177 1000
1 294 258 177 1000
1 294 259 177 1000
1 295 239 177 1000
1 295 240 177 1000
1 295 241 177 1000
1 295 242 177 1000
1 295 243 177 1000
1 295 244 177 1000
1 295 245 177 1000
1 295 246 177 1000
1 295 247 177 1000
1 295 248 177 1000
1 295 249 177 1000
1 295 250 177 1000
1 295 251 177 1000
1 295 252 177 1000
1 295 253 177 1000
1 295 254 177 1000
1 295 255 177 1000
1 295 256 177 1000
1 295 257 177 1000
1 295 258 177 1000
1 295 259 177 1000
1 295 260 177 1000
1 296 239 177 1000
1 296 240 177 1000
1 296 241 177 1000
1 296 242 177 1000
1 296 243 177 1000
1 296 244 177 1000
1 296 245 177 1000
1 296 246 177 1000
1 296 247 177 1000
1 296 248 177 1000
1 296 249 177 1000
1 296 250 177 1000
1 296 251 177 1000
1 296 252 177 1000
1 296 253 177 1000
1 296 254 177 1000
1 296 255 177 1000
1 296 256 177 1000
1 296 257 177 1000
1 296 258 177 1000
1 296 259 177 1000
1 296 260 177 1000
1 297 240 177 1000
1 297 241 177 1000
1 297 242 177 1000
1 297 243 177 1000
1 297 244 177 1000
1 297 245 177 1000
1 297 246 177 1000
1 297 247 177 1000
1 297 248 177 1000
1 297 249 177 1000
1 297 250 177 1000
1 297 251 177 1000
1 297 252 177 1000
1 297 253 177 1000
1 297 254 177 1000
1 297 255 177 1000
1 297 256 177 1000
1 297 257 177 1000
1 297 258 177 1000
1 297 259 177 1000
1 297 260 177 1000
1 298 240 177 1000
1 298 241 177 1000
1 298 242 177 1000
1 298 243 177 1000
1 298 244 177 1000
1 298 245 177 1000
1 298 246 177 1000
1 298 247 177 1000
1 298 248 177 1000
1 298 249 177 1000
1 298 250 177 1000
1 298 251 177 1000
1 298 252 177 1000
1 298 253 177 1000
1 298 254 177 1000
1 298 255 177 1000
1 298 256 177 1000
1 298 257 177 1000
1 298 258 177 1000
1 298 259 177 1000
1 298 260 177 1000
1 298 261 177 1000
1 299 241 177 1000
1 299 242 177 1000
1 299 243 177 1000
1 299 244 177 1000
1 299 245 177 1000
1 299 246 177 1000
1 299 247 177 1000
1 299 248 177 1000
1 299 249 177 1000
1 299 250 177 1000
1 299 251 177 1000
1 299 252 177 1000
1 299 253 177 1000
1 299 254 177 1000
1 299 255 177 1000
1 299 256 177 1000
1 299 257 177 1000
1 299 258 177 1000
1 299 259 177 1000
1 299 260 177 1000
1 299 261 177 1000
1 300 241 177 1000
1 300 242 177 1000
1 300 243 177 1000
1 300 244 177 1000
1 300 245 177 1000
1 300 246 177 1000
1 300 247 177 1000
1 300 248 177 1000
1 300 249 177 1000
1 300 250 177 1000
1 300 251 177 1000
1 300 252 177 1000
1 300 253 177 1000
1 300 254 177 1000
1 300 255 177 1000
1 300 256 177 1000
1 300 257 177 1000
1 300 258 177 1000
1 300 259 177 1000
1 300 260 177 1000
1 300 261 177 1000
1 300 262 177 1000
1 301 243 177 1000
1 301 244 177 1000
1 301 245 177 1000
1 301 246 177 1000
1 301 247 177 1000
1 301 248 177 1000
1 301 249 177 1000
1 301 250 177 1000
1 301 251 177 1000
1 301 252 177 1000
1 301 253 177 1000
1 301 254 177 1000
1 301 255 177 1000
1 301 256 177 1000
1 301 257 177 1000
1 301 258 177 1000
1 301 259 177 1000
1 301 260 177 1000
1 301 261 177 1000
1 301 262 177 1000
1 302 244 177 1000
1 302 246 177 1000
1 302 247 177 1000
1 302 248 177 1000
1 302 249 177 1000
1 302 250 177 1000
1 302 251 177 1000
1 302 252 177 1000
1 302 253 177 1000
1 302 254 177 1000
1 302 255 177 1000
1 302 256 177 1000
1 302 257 177 1000
1 302 258 177 1000
1 302 259 177 1000
1 302 260 177 1000
1 302 261 177 1000
1 302 262 177 1000
1 303 242 177 1000
1 303 243 177 1000
1 303 244 177 1000
1 303 245 177 1000
1 303 246 177 1000
1 303 247 177 1000
1 303 248 177 1000
1 303 249 177 1000
1 303 250 177 1000
1 303 251 177 1000
1 303 252 177 1000
1 303 253 177 1000
1 303 254 177 1000
1 303 255 177 1000
1 303 256 177 1000
1 303 257 177 1000
1 303 258 177 1000
1 303 259 177 1000
1 303 260 177 1000
1 303 261 177 1000
1 303 262 177 1000
1 303 263 177 1000
1 304 242 177 1000
1 304 243 177 1000
1 304 244 177 1000
1 304 245 177 1000
1 304 246 177 1000
1 304 247 177 1000
1 304 248 177 1000
1 304 249 177 1000
1 304 250 177 1000
1 304 251 177 1000
1 304 252 177 1000
1 304 253 177 1000
1 304 254 177 1000
1 304 255 177 1000
1 304 256 177 1000
1 304 257 177 1000
1 304 258 177 1000
1 304 259 177 1000
1 304 260 177 1000
1 304 261 177 1000
1 304 262 177 1000
1 304 263 177 1000
1 305 242 177 1000
1 305 243 177 1000
1 305 244 177 1000
1 305 245 177 1000
1 305 246 177 1000
1 305 247 177 1000
1 305 248 177 1000
1 305 249 177 1000
1 305 250 177 1000
1 305 251 177 1000
1 305 252 177 1000
1 305 253 177 1000
1 305 254 177 1000
1 305 255 177 1000
1 305 256 177 1000
1 305 257 177 1000
1 305 258 177 1000
1 305 259 177 1000
1 305 260 177 1000
1 305 261 177 1000
1 305 262 177 1000
1 305 263 177 1000
1 305 264 177 1000
1 306 242 177 1000
1 306 243 177 1000
1 306 244 177 1000
1 306 245 177 1000
1 306 246 177 1000
1 306 247 177 1000
1 306 248 177 1000
1 306 249 177 1000
1 306 250 177 1000
1 306 251 177 1000
1 306 252 177 1000
1 306 253 177 1000
1 306 254 177 1000
1 306 255 177 1000
1 306 256 177 1000
1 306 257 177 1000
1 306 258 177 1000
1 306 259 177 1000
1 306 260 177 1000
1 306 261 177 1000
1 306 262 177 1000
1 306 263 177 1000
1 306 264 177 1000
1 307 243 177 1000
1 307 244 177 1000
1 307 245 177 1000
1 307 246 177 1000
1 307 247 177 1000
1 307 248 177 1000
1 307 249 177 1000
1 307 250 177 1000
1 307 251 177 1000
1 307 252 177 1000
1 307 253 177 1000
1 307 254 177 1000
1 307 255 177 1000
1 307 256 177 1000
1 307 257 177 1000
1 307 258 177 1000
1 307 259 177 1000
1 307 260 177 1000
1 307 261 177 1000
1 307 262 177 1000
1 307 263 177 1000
1 307 264 177 1000
1 308 243 177 1000
1 308 244 177 1000
1 308 245 177 1000
1 308 246 177 1000
1 308 247 177 1000
1 308 248 177 1000
1 308 249 177 1000
1 308 250 177 1000
1 308 251 177 1000
1 308 252 177 1000
1 308 253 177 1000
1 308 254 177 1000
1 308 255 177 1000
1 308 256 177 1000
1 308 257 177 1000
1 308 258 177 1000
1 308 259 177 1000
1 308 260 177 1000
1 308 261 177 1000
1 308 262 177 1000
1 308 263 177 1000
1 308 264 177 1000
1 308 265 177 1000
1 309 243 177 1000
1 309 244 177 1000
1 309 245 177 1000
1 309 246 177 1000
1 309 247 177 1000
1 309 248 177 1000
1 309 249 177 1000
1 309 250 177 1000
1 309 251 177 1000
1 309 252 177 1000
1 309 253 177 1000
1 309 254 177 1000
1 309 255 177 1000
1 309 256 177 1000
1 309 257 177 1000
1 309 258 177 1000
1 309 259 177 1000
1 309 260 177 1000
1 309 261 177 1000
1 309 262 177 1000
1 309 263 177 1000
1 309 264 177 1000
1 309 265 177 1000
1 310 244 177 1000
1 310 245 177 1000
1 310 246 177 1000
1 310 247 177 1000
1 310 248 177 1000
1 310 249 177 1000
1 310 250 177 1000
1 310 251 177 1000
1 310 252 177 1000
1 310 253 177 1000
1 310 254 177 1000
1 310 255 177 1000
1 310 256 177 1000
1 310 257 177 1000
1 310 258 177 1000
1 310 259 177 1000
1 310 260 177 1000
1 310 261 177 1000
1 310 262 177 1000
1 310 263 177 1000
1 310 264 177 1000
1 310 265 177 1000
1 310 266 177 1000
1 311 243 177 1000
1 311 244 177 1000
1 311 245 177 1000
1 311 246 177 1000
1 311 247 177 1000
1 311 248 177 1000
1 311 249 177 1000
1 311 250 177 1000
1 311 251 177 1000
1 311 252 177 1000
1 311 253 177 1000
1 311 254 177 1000
1 311 255 177 1000
1 311 256 177 1000
1 311 257 177 1000
1 311 258 177 1000
1 311 259 177 1000
1 311 260 177 1000
1 311 261 177 1000
1 311 262 177 1000
1 311 263 177 1000
1 311 264 177 1000
1 311 265 177 1000
1 311 266 177 1000
1 312 243 177 1000
1 312 244 177 1000
1 312 245 177 1000
1 312 246 177 1000
1 312 247 177 1000
1 312 248 177 1000
1 312 249 177 1000
1 312 250 177 1000
1 312 251 177 1000
1 312 252 177 1000
1 312 253 177 1000
1 312 254 177 1000
1 312 255 177 1000
1 312 256 177 1000
1 312 257 177 1000
1 312 258 177 1000
1 312 259 177 1000
1 312 260 177 1000
1 312 261 177 1000
1 312 262 177 1000
1 312 263 177 1000
1 312 264 177 1000
1 312 265 177 1000
1 312 266 177 1000
1 313 244 177 1000
1 313 245 177 1000
1 313 246 177 1000
1 313 247 177 1000
1 313 248 177 1000
1 313 249 177 1000
1 313 250 177 1000
1 313 251 177 1000
1 313 252 177 1000
1 313 253 177 1000
1 313 254 177 1000
1 313 255 177 1000
1 313 256 177 1000
1 313 257 177 1000
1 313 258 177 1000
1 313 259 177 1000
1 313 260 177 1000
1 313 261 177 1000
1 313 262 177 1000
1 313 263 177 1000
1 313 264 177 1000
1 313 265 177 1000
1 313 266 177 1000
1 313 267 177 1000
1 314 244 177 1000
1 314 245 177 1000
1 314 246 177 1000
1 314 247 177 1000
1 314 248 177 1000
1 314 249 177 1000
1 314 250 177 1000
1 314 251 177 1000
1 314 252 177 1000
1 314 253 177 1000
1 314 254 177 1000
1 314 255 177 1000
1 314 256 177 1000
1 314 257 177 1000
1 314 258 177 1000
1 314 259 177 1000
1 314 260 177 1000
1 314 261 177 1000
1 314 262 177 1000
1 314 263 177 1000
1 314 264 177 1000
1 314 265 177 1000
1 314 266 177 1000
1 314 267 177 1000
1 315 245 177 1000
1 315 246 177 1000
1 315 247 177 1000
1 315 248 177 1000
1 315 249 177 1000
1 315 250 177 1000
1 315 251 177 1000
1 315 252 177 1000
1 315 253 177 1000
1 315 254 177 1000
1 315 255 177 1000
1 315 256 177 1000
1 315 257 177 1000
1 315 258 177 1000
1 315 259 177 1000
1 315 260 177 1000
1 315 261 177 1000
1 315 262 177 1000
1 315 263 177 1000
1 315 264 177 1000
1 315 265 177 1000
1 315 266 177 1000
1 315 267 177 1000
1 315 268 177 1000
1 316 247 177 1000
1 316 248 177 1000
1 316 249 177 1000
1 316 250 177 1000
1 316 251 177 1000
1 316 252 177 1000
1 316 253 177 1000
1 316 254 177 1000
1 316 255 177 1000
1 316 256 177 1000
1 316 257 177 1000
1 316 258 177 1000
1 316 259 177 1000
1 316 260 177 1000
1 316 261 177 1000
1 316 262 177 1000
1 316 263 177 1000
1 316 264 177 1000
1 316 265 177 1000
1 316 266 177 1000
1 316 267 177 1000
1 316 268 177 1000
1 317 247 177 1000
1 317 248 177 1000
1 317 249 177 1000
1 317 250 177 1000
1 317 251 177 1000
1 317 252 177 1000
1 317 253 177 1000
1 317 254 177 1000
1 317 255 177 1000
1 317 256 177 1000
1 317 257 177 1000
1 317 258 177 1000
1 317 259 177 1000
1 317 260 177 1000
1 317 261 177 1000
1 317 262 177 1000
1 317 263 177 1000
1 317 264 177 1000
1 317 265 177 1000
1 317 266 177 1000
1 317 267 177 1000
1 317 268 177 1000
1 318 247 177 1000
1 318 248 177 1000
1 318 249 177 1000
1 318 250 177 1000
1 318 251 177 1000
1 318 252 177 1000
1 318 253 177 1000
1 318 254 177 1000
1 318 255 177 1000
1 318 256 177 1000
1 318 257 177 1000
1 318 258 177 1000
1 318 259 177 1000
1 318 260 177 1000
1 318 261 177 1000
1 318 262 177 1000
1 318 263 177 1000
1 318 264 177 1000
1 318 265 177 1000
1 318 266 177 1000
1 318 267 177 1000
1 318 268 177 1000
1 318 269 177 1000
1 319 246 177 1000
1 319 247 177 1000
1 319 248 177 1000
1 319 249 177 1000
1 319 250 177 1000
1 319 251 177 1000
1 319 252 177 1000
1 319 253 177 1000
1 319 254 177 1000
1 319 255 177 1000
1 319 256 177 1000
1 319 257 177 1000
1 319 258 177 1000
1 319 259 177 1000
1 319 260 177 1000
1 319 261 177 1000
1 319 262 177 1000
1 319 263 177 1000
1 319 264 177 1000
1 319 265 177 1000
1 319 266 177 1000
1 319 267 177 1000
1 319 268 177 1000
1 319 269 177 1000
1 320 246 177 1000
1 320 247 177 1000
1 320 248 177 1000
1 320 249 177 1000
1 320 250 177 1000
1 320 251 177 1000
1 320 252 177 1000
1 320 253 177 1000
1 320 254 177 1000
1 320 255 177 1000
1 320 256 177 1000
1 320 257 177 1000
1 320 258 177 1000
1 320 259 177 1000
1 320 260 177 1000
1 320 261 177 1000
1 320 262 177 1000
1 320 263 177 1000
1 320 264 177 1000
1 320 265 177 1000
1 320 266 177 1000
1 320 267 177 1000
1 320 268 177 1000
1 320 269 177 1000
1 320 270 177 1000
1 321 247 177 1000
1 321 248 177 1000
1 321 249 177 1000
1 321 250 177 1000
1 321 251 177 1000
1 321 252 177 1000
1 321 253 177 1000
1 321 254 177 1000
1 321 255 177 1000
1 321 256 177 1000
1 321 257 177 1000
1 321 258 177 1000
1 321 259 177 1000
1 321 260 177 1000
1 321 261 177 1000
1 321 262 177 1000
1 321 263 177 1000
1 321 264 177 1000
1 321 265 177 1000
1 321 266 177 1000
1 321 267 177 1000
1 321 268 177 1000
1 321 269 177 1000
1 321 270 177 1000
1 322 247 177 1000
1 322 248 177 1000
1 322 249 177 1000
1 322 250 177 1000
1 322 251 177 1000
1 322 252 177 1000
1 322 253 177 1000
1 322 254 177 1000
1 322 255 177 1000
1 322 256 177 1000
1 322 257 177 1000
1 322 258 177 1000
1 322 259 177 1000
1 322 260 177 1000
1 322 261 177 1000
1 322 262 177 1000
1 322 263 177 1000
1 322 264 177 1000
1 322 265 177 1000
1 322 266 177 1000
1 322 267 177 1000
1 322 268 177 1000
1 322 269 177 1000
1 322 270 177 1000
1 323 247 177 1000
1 323 248 177 1000
1 323 249 177 1000
1 323 250 177 1000
1 323 251 177 1000
1 323 252 177 1000
1 323 253 177 1000
1 323 254 177 1000
1 323 255 177 1000
1 323 256 177 1000
1 323 257 177 1000
1 323 258 177 1000
1 323 259 177 1000
1 323 260 177 1000
1 323 261 177 1000
1 323 262 177 1000
1 323 263 177 1000
1 323 264 177 1000
1 323 265 177 1000
1 323 266 177 1000
1 323 267 177 1000
1 323 268 177 1000
1 323 269 177 1000
1 323 270 177 1000
1 323 271 177 1000
1 324 248 177 1000
1 324 249 177 1000
1 324 250 177 1000
1 324 251 177 1000
1 324 252 177 1000
1 324 253 177 1000
1 324 254 177 1000
1 324 255 177 1000
1 324 256 177 1000
1 324 257 177 1000
1 324 258 177 1000
1 324 259 177 1000
1 324 260 177 1000
1 324 261 177 1000
1 324 262 177 1000
1 324 263 177 1000
1 324 264 177 1000
1 324 265 177 1000
1 324 266 177 1000
1 324 267 177 1000
1 324 268 177 1000
1 324 269 177 1000
1 324 270 177 1000
1 324 271 177 1000
1 325 248 177 1000
1 325 249 177 1000
1 325 250 177 1000
1 325 251 177 1000
1 325 252 177 1000
1 325 253 177 1000
1 325 254 177 1000
1 325 255 177 1000
1 325 256 177 1000
1 325 257 177 1000
1 325 258 177 1000
1 325 259 177 1000
1 325 260 177 1000
1 325 261 177 1000
1 325 262 177 1000
1 325 263 177 1000
1 325 264 177 1000
1 325 265 177 1000
1 325 266 177 1000
1 325 267 177 1000
1 325 268 177 1000
1 325 269 177 1000
1 325 270 177 1000
1 325 271 177 1000
1 325 272 177 1000
1 326 249 177 1000
1 326 250 177 1000
1 326 251 177 1000
1 326 252 177 1000
1 326 253 177 1000
1 326 254 177 1000
1 326 255 177 1000
1 326 256 177 1000
1 326 257 177 1000
1 326 258 177 1000
1 326 259 177 1000
1 326 260 177 1000
1 326 261 177 1000
1 326 262 177 1000
1 326 263 177 1000
1 326 264 177 1000
1 326 265 177 1000
1 326 266 177 1000
1 326 267 177 1000
1 326 268 177 1000
1 326 269 177 1000
1 326 270 177 1000
1 326 271 177 1000
1 326 272 177 1000
1 327 249 177 1000
1 327 250 177 1000
1 327 251 177 1000
1 327 252 177 1000
1 327 253 177 1000
1 327 254 177 1000
1 327 255 177 1000
1 327 256 177 1000
1 327 257 177 1000
1 327 258 177 1000
1 327 259 177 1000
1 327 260 177 1000
1 327 261 177 1000
1 327 262 177 1000
1 327 263 177 1000
1 327 264 177 1000
1 327 265 177 1000
1 327 266 177 1000
1 327 267 177 1000
1 327 268 177 1000
1 327 269 177 1000
1 327 270 177 1000
1 327 271 177 1000
1 327 272 177 1000
1 328 249 177 1000
1 328 250 177 1000
1 328 251 177 1000
1 328 252 177 1000
1 328 253 177 1000
1 328 254 177 1000
1 328 255 177 1000
1 328 256 177 1000
1 328 257 177 1000
1 328 258 177 1000
1 328 259 177 1000
1 328 260 177 1000
1 328 261 177 1000
1 328 262 177 1000
1 328 263 177 1000
1 328 264 177 1000
1 328 265 177 1000
1 328 266 177 1000
1 328 267 177 1000
1 328 268 177 1000
1 328 269 177 1000
1 328 270 177 1000
1 328 271 177 1000
1 328 272 177 1000
1 328 273 177 1000
1 329 251 177 1000
1 329 252 177 1000
1 329 253 177 1000
1 329 254 177 1000
1 329 255 177 1000
1 329 256 177 1000
1 329 257 177 1000
1 329 258 177 1000
1 329 259 177 1000
1 329 260 177 1000
1 329 261 177 1000
1 329 262 177 1000
1 329 263 177 1000
1 329 264 177 1000
1 329 265 177 1000
1 329 266 177 1000
1 329 267 177 1000
1 329 268 177 1000
1 329 269 177 1000
1 329 270 177 1000
1 329 271 177 1000
1 329 272 177 1000
1 329 273 177 1000
1 330 252 177 1000
1 330 253 177 1000
1 330 254 177 1000
1 330 255 177 1000
1 330 256 177 1000
1 330 257 177 1000
1 330 258 177 1000
1 330 259 177 1000
1 330 260 177 1000
1 330 261 177 1000
1 330 262 177 1000
1 330 263 177 1000
1 330 264 177 1000
1 330 265 177 1000
1 330 266 177 1000
1 330 267 177 1000
1 330 268 177 1000
1 330 269 177 1000
1 330 270 177 1000
1 330 271 177 1000
1 330 272 177 1000
1 330 273 177 1000
1 330 274 177 1000
1 331 251 177 1000
1 331 252 177 1000
1 331 253 177 1000
1 331 254 177 1000
1 331 255 177 1000
1 331 256 177 1000
1 331 257 177 1000
1 331 258 177 1000
1 331 259 177 1000
1 331 260 177 1000
1 331 261 177 1000
1 331 262 177 1000
1 331 263 177 1000
1 331 264 177 1000
1 331 265 177 1000
1 331 266 177 1000
1 331 267 177 1000
1 331 268 177 1000
1 331 269 177 1000
1 331 270 177 1000
1 331 271 177 1000
1 331 272 177 1000
1 331 273 177 1000
1 331 274 177 1000
1 332 251 177 1000
1 332 252 177 1000
1 332 253 177 1000
1 332 254 177 1000
1 332 255 177 1000
1 332 256 177 1000
1 332 257 177 1000
1 332 258 177 1000
1 332 259 177 1000
1 332 260 177 1000
1 332 261 177 1000
1 332 262 177 1000
1 332 263 177 1000
1 332 264 177 1000
1 332 265 177 1000
1 332 266 177 1000
1 332 267 177 1000
1 332 268 177 1000
1 332 269 177 1000
1 332 270 177 1000
1 332 271 177 1000
1 332 272 177 1000
1 332 273 177 1000
1 332 274 177 1000
1 333 252 177 1000
1 333 253 177 1000
1 333 254 177 1000
1 333 255 177 1000
1 333 256 177 1000
1 333 257 177 1000
1 333 258 177 1000
1 333 259 177 1000
1 333 260 177 1000
1 333 261 177 1000
1 333 262 177 1000
1 333 263 177 1000
1 333 264 177 1000
1 333 265 177 1000
1 333 266 177 1000
1 333 267 177 1000
1 333 268 177 1000
1 333 269 177 1000
1 333 270 177 1000
1 333 271 177 1000
1 333 272 177 1000
1 333 273 177 1000
1 333 274 177 1000
1 333 275 177 1000
1 334 252 177 1000
1 334 253 177 1000
1 334 254 177 1000
1 334 255 177 1000
1 334 256 177 1000
1 334 257 177 1000
1 334 258 177 1000
1 334 259 177 1000
1 334 260 177 1000
1 334 261 177 1000
1 334 262 177 1000
1 334 263 177 1000
1 334 264 177 1000
1 334 265 177 1000
1 334 266 177 1000
1 334 267 177 1000
1 334 268 177 1000
1 334 269 177 1000
1 334 270 177 1000
1 334 271 177 1000
1 334 272 177 1000
1 334 273 177 1000
1 334 274 177 1000
1 334 275 177 1000
1 335 252 177 1000
1 335 253 177 1000
1 335 254 177 1000
1 335 255 177 1000
1 335 256 177 1000
1 335 257 177 1000
1 335 258 177 1000
1 335 259 177 1000
1 335 260 177 1000
1 335 261 177 1000
1 335 262 177 1000
1 335 263 177 1000
1 335 264 177 1000
1 335 265 177 1000
1 335 266 177 1000
1 335 267 177 1000
1 335 268 177 1000
1 335 269 177 1000
1 335 270 177 1000
1 335 271 177 1000
1 335 272 177 1000
1 335 273 177 1000
1 335 274 177 1000
1 335 275 177 1000
1 335 276 177 1000
1 336 253 177 1000
1 336 254 177 1000
1 336 255 177 1000
1 336 256 177 1000
1 336 257 177 1000
1 336 258 177 1000
1 336 259 177 1000
1 336 260 177 1000
1 336 261 177 1000
1 336 262 177 1000
1 336 263 177 1000
1 336 264 177 1000
1 336 265 177 1000
1 336 266 177 1000
1 336 267 177 1000
1 336 268 177 1000
1 336 269 177 1000
1 336 270 177 1000
1 336 271 177 1000
1 336 272 177 1000
1 336 273 177 1000
1 336 274 177 1000
1 336 275 177 1000
1 336 276 177 1000
1 337 255 177 1000
1 337 256 177 1000
1 337 257 177 1000
1 337 258 177 1000
1 337 259 177 1000
1 337 260 177 1000
1 337 261 177 1000
1 337 262 177 1000
1 337 263 177 1000
1 337 264 177 1000
1 337 265 177 1000
1 337 266 177 1000
1 337 267 177 1000
1 337 268 177 1000
1 337 269 177 1000
1 337 270 177 1000
1 337 271 177 1000
1 337 272 177 1000
1 337 273 177 1000
1 337 274 177 1000
1 337 275 177 1000
1 337 276 177 1000
1 338 255 177 1000
1 338 256 177 1000
1 338 257 177 1000
1 338 258 177 1000
1 338 259 177 1000
1 338 260 177 1000
1 338 261 177 1000
1 338 262 177 1000
1 338 263 177 1000
1 338 264 177 1000
1 338 265 177 1000
1 338 266 177 1000
1 338 267 177 1000
1 338 268 177 1000
1 338 269 177 1000
1 338 270 177 1000
1 338 271 177 1000
1 338 272 177 1000
1 338 273 177 1000
1 338 274 177 1000
1 338 275 177 1000
1 338 276 177 1000
1 338 277 177 1000
1 339 256 177 1000
1 339 257 177 1000
1 339 258 177 1000
1 339 262 177 1000
1 339 263 177 1000
1 339 264 177 1000
1 339 265 177 1000
1 339 266 177 1000
1 339 267 177 1000
1 339 268 177 1000
1 339 269 177 1000
1 339 270 177 1000
1 339 271 177 1000
1 339 272 177 1000
1 339 273 177 1000
1 339 274 177 1000
1 339 275 177 1000
1 339 276 177 1000
1 339 277 177 1000
1 340 257 177 1000
1 340 258 177 1000
1 340 259 177 1000
1 340 260 177 1000
1 340 261 177 1000
1 340 262 177 1000
1 340 263 177 1000
1 340 264 177 1000
1 340 265 177 1000
1 340 266 177 1000
1 340 267 177 1000
1 340 268 177 1000
1 340 269 177 1000
1 340 270 177 1000
1 340 271 177 1000
1 340 272 177 1000
1 340 273 177 1000
1 340 274 177 1000
1 340 275 177 1000
1 340 276 177 1000
1 340 277 177 1000
1 340 278 177 1000
1 341 259 177 1000
1 341 260 177 1000
1 341 261 177 1000
1 341 262 177 1000
1 341 263 177 1000
1 341 264 177 1000
1 341 265 177 1000
1 341 266 177 1000
1 341 267 177 1000
1 341 268 177 1000
1 341 269 177 1000
1 341 270 177 1000
1 341 271 177 1000
1 341 272 177 1000
1 341 273 177 1000
1 341 274 177 1000
1 341 275 177 1000
1 341 276 177 1000
1 341 277 177 1000
1 341 278 177 1000
1 342 254 177 1000
1 342 255 177 1000
1 342 256 177 1000
1 342 257 177 1000
1 342 258 177 1000
1 342 259 177 1000
1 342 260 177 1000
1 342 261 177 1000
1 342 262 177 1000
1 342 263 177 1000
1 342 264 177 1000
1 342 265 177 1000
1 342 266 177 1000
1 342 267 177 1000
1 342 268 177 1000
1 342 269 177 1000
1 342 270 177 1000
1 342 271 177 1000
1 342 272 177 1000
1 342 273 177 1000
1 342 274 177 1000
1 342 275 177 1000
1 342 276 177 1000
1 342 277 177 1000
1 342 278 177 1000
1 343 257 177 1000
1 343 258 177 1000
1 343 259 177 1000
1 343 260 177 1000
1 343 261 177 1000
1 343 262 177 1000
1 343 263 177 1000
1 343 264 177 1000
1 343 265 177 1000
1 343 266 177 1000
1 343 267 177 1000
1 343 268 177 1000
1 343 269 177 1000
1 343 270 177 1000
1 343 271 177 1000
1 343 272 177 1000
1 343 273 177 1000
1 343 274 177 1000
1 343 275 177 1000
1 343 276 177 1000
1 343 277 177 1000
1 343 278 177 1000
1 343 279 177 1000
1 344 257 177 1000
1 344 258 177 1000
1 344 259 177 1000
1 344 260 177 1000
1 344 261 177 1000
1 344 262 177 1000
1 344 263 177 1000
1 344 264 177 1000
1 344 265 177 1000
1 344 266 177 1000
1 344 267 177 1000
1 344 268 177 1000
1 344 269 177 1000
1 344 270 177 1000
1 344 271 177 1000
1 344 272 177 1000
1 344 273 177 1000
1 344 274 177 1000
1 344 275 177 1000
1 344 276 177 1000
1 344 277 177 1000
1 344 278 177 1000
1 344 279 177 1000
1 345 257 177 1000
1 345 258 177 1000
1 345 259 177 1000
1 345 260 177 1000
1 345 261 177 1000
1 345 262 177 1000
1 345 263 177 1000
1 345 264 177 1000
1 345 265 177 1000
1 345 266 177 1000
1 345 267 177 1000
1 345 268 177 1000
1 345 269 177 1000
1 345 270 177 1000
1 345 271 177 1000
1 345 272 177 1000
1 345 273 177 1000
1 345 274 177 1000
1 345 275 177 1000
1 345 276 177 1000
1 345 277 177 1000
1 345 278 177 1000
1 345 279 177 1000
1 345 280 177 1000
1 346 256 177 1000
1 346 257 177 1000
1 346 258 177 1000
1 346 259 177 1000
1 346 260 177 1000
1 346 261 177 1000
1 346 262 177 1000
1 346 263 177 1000
1 346 264 177 1000
1 346 265 177 1000
1 346 266 177 1000
1 346 267 177 1000
1 346 268 177 1000
1 346 269 177 1000
1 346 270 177 1000
1 346 271 177 1000
1 346 272 177 1000
1 346 273 177 1000
1 346 274 177 1000
1 346 275 177 1000
1 346 276 177 1000
1 346 277 177 1000
1 346 278 177 1000
1 346 279 177 1000
1 346 280 177 1000
1 347 256 177 1000
1 347 257 177 1000
1 347 258 177 1000
1 347 259 177 1000
1 347 260 177 1000
1 347 261 177 1000
1 347 262 177 1000
1 347 263 177 1000
1 347 264 177 1000
1 347 265 177 1000
1 347 266 177 1000
1 347 267 177 1000
1 347 268 177 1000
1 347 269 177 1000
1 347 270 177 1000
1 347 271 177 1000
1 347 272 177 1000
1 347 273 177 1000
1 347 274 177 1000
1 347 275 177 1000
1 347 276 177 1000
1 347 277 177 1000
1 347 278 177 1000
1 347 279 177 1000
1 347 280 177 1000
1 348 257 177 1000
1 348 258 177 1000
1 348 259 177 1000
1 348 260 177 1000
1 348 261 177 1000
1 348 262 177 1000
1 348 263 177 1000
1 348 264 177 1000
1 348 265 177 1000
1 348 266 177 1000
1 348 267 177 1000
1 348 268 177 1000
1 348 269 177 1000
1 348 270 177 1000
1 348 271 177 1000
1 348 272 177 1000
1 348 273 177 1000
1 348 274 177 1000
1 348 275 177 1000
1 348 276 177 1000
1 348 277 177 1000
1 348 278 177 1000
1 348 279 177 1000
1 348 280 177 1000
1 348 281 177 1000
1 349 257 177 1000
1 349 258 177 1000
1 349 259 177 1000
1 349 260 177 1000
1 349 261 177 1000
1 349 262 177 1000
1 349 263 177 1000
1 349 264 177 1000
1 349 265 177 1000
1 349 266 177 1000
1 349 267 177 1000
1 349 268 177 1000
1 349 269 177 1000
1 349 270 177 1000
1 349 271 177 1000
1 349 272 177 1000
1 349 273 177 1000
1 349 274 177 1000
1 349 275 177 1000
1 349 276 177 1000
1 349 277 177 1000
1 349 278 177 1000
1 349 279 177 1000
1 349 280 177 1000
1 349 281 177 1000
1 350 257 177 1000
1 350 258 177 1000
1 350 259 177 1000
1 350 260 177 1000
1 350 261 177 1000
1 350 262 177 1000
1 350 263 177 1000
1 350 264 177 1000
1 350 265 177 1000
1 350 266 177 1000
1 350 267 177 1000
1 350 268 177 1000
1 350 269 177 1000
1 350 270 177 1000
1 350 271 177 1000
1 350 272 177 1000
1 350 273 177 1000
1 350 274 177 1000
1 350 275 177 1000
1 350 276 177 1000
1 350 277 177 1000
1 350 278 177 1000
1 350 279 177 1000
1 350 280 177 1000
1 350 281 177 1000
1 350 282 177 1000
1 351 257 177 1000
1 351 258 177 1000
1 351 259 177 1000
1 351 260 177 1000
1 351 261 177 1000
1 351 262 177 1000
1 351 263 177 1000
1 351 264 177 1000
1 351 265 177 1000
1 351 266 177 1000
1 351 267 177 1000
1 351 268 177 1000
1 351 269 177 1000
1 351 270 177 1000
1 351 271 177 1000
1 351 272 177 1000
1 351 273 177 1000
1 351 274 177 1000
1 351 275 177 1000
1 351 276 177 1000
1 351 277 177 1000
1 351 278 177 1000
1 351 279 177 1000
1 351 280 177 1000
1 351 281 177 1000
1 351 282 177 1000
1 352 257 177 1000
1 352 258 177 1000
1 352 259 177 1000
1 352 260 177 1000
1 352 261 177 1000
1 352 262 177 1000
1 352 263 177 1000
1 352 264 177 1000
1 352 265 177 1000
1 352 266 177 1000
1 352 267 177 1000
1 352 268 177 1000
1 352 269 177 1000
1 352 270 177 1000
1 352 271 177 1000
1 352 272 177 1000
1 352 273 177 1000
1 352 274 177 1000
1 352 275 177 1000
1 352 276 177 1000
1 352 277 177 1000
1 352 278 177 1000
1 352 279 177 1000
1 352 280 177 1000
1 352 281 177 1000
1 352 282 177 1000
1 353 257 177 1000
1 353 258 177 1000
1 353 259 177 1000
1 353 260 177 1000
1 353 261 177 1000
1 353 262 177 1000
1 353 263 177 1000
1 353 264 177 1000
1 353 265 177 1000
1 353 266 177 1000
1 353 267 177 1000
1 353 268 177 1000
1 353 269 177 1000
1 353 270 177 1000
1 353 271 177 1000
1 353 272 177 1000
1 353 273 177 1000
1 353 274 177 1000
1 353 275 177 1000
1 353 276 177 1000
1 353 277 177 1000
1 353 278 177 1000
1 353 279 177 1000
1 353 280 177 1000
1 353 281 177 1000
1 353 282 177 1000
1 353 283 177 1000
1 354 257 177 1000
1 354 258 177 1000
1 354 259 177 1000
1 354 260 177 1000
1 354 261 177 1000
1 354 262 177 1000
1 354 263 177 1000
1 354 264 177 1000
1 354 265 177 1000
1 354 266 177 1000
1 354 267 177 1000
1 354 268 177 1000
1 354 269 177 1000
1 354 270 177 1000
1 354 271 177 1000
1 354 272 177 1000
1 354 273 177 1000
1 354 274 177 1000
1 354 275 177 1000
1 354 276 177 1000
1 354 277 177 1000
1 354 278 177 1000
1 354 279 177 1000
1 354 280 177 1000
1 354 281 177 1000
1 354 282 177 1000
1 354 283 177 1000
1 355 259 177 1000
1 355 260 177 1000
1 355 261 177 1000
1 355 262 177 1000
1 355 263 177 1000
1 355 264 177 1000
1 355 265 177 1000
1 355 266 177 1000
1 355 267 177 1000
1 355 268 177 1000
1 355 269 177 1000
1 355 270 177 1000
1 355 271 177 1000
1 355 272 177 1000
1 355 273 177 1000
1 355 274 177 1000
1 355 275 177 1000
1 355 276 177 1000
1 355 277 177 1000
1 355 278 177 1000
1 355 279 177 1000
1 355 280 177 1000
1 355 281 177 1000
1 355 282 177 1000
1 355 283 177 1000
1 355 284 177 1000
1 356 259 177 1000
1 356 260 177 1000
1 356 261 177 1000
1 356 262 177 1000
1 356 263 177 1000
1 356 264 177 1000
1 356 265 177 1000
1 356 266 177 1000
1 356 267 177 1000
1 356 268 177 1000
1 356 269 177 1000
1 356 270 177 1000
1 356 271 177 1000
1 356 272 177 1000
1 356 273 177 1000
1 356 274 177 1000
1 356 275 177 1000
1 356 276 177 1000
1 356 277 177 1000
1 356 278 177 1000
1 356 279 177 1000
1 356 280 177 1000
1 356 281 177 1000
1 356 282 177 1000
1 356 283 177 1000
1 356 284 177 1000
1 357 259 177 1000
1 357 260 177 1000
1 357 261 177 1000
1 357 262 177 1000
1 357 263 177 1000
1 357 264 177 1000
1 357 265 177 1000
1 357 266 177 1000
1 357 267 177 1000
1 357 268 177 1000
1 357 269 177 1000
1 357 270 177 1000
1 357 271 177 1000
1 357 272 177 1000
1 357 273 177 1000
1 357 274 177 1000
1 357 275 177 1000
1 357 276 177 1000
1 357 277 177 1000
1 357 278 177 1000
1 357 279 177 1000
1 357 280 177 1000
1 357 281 177 1000
1 357 282 177 1000
1 357 283 177 1000
1 357 284 177 1000
1 358 259 177 1000
1 358 260 177 1000
1 358 262 177 1000
1 358 263 177 1000
1 358 264 177 1000
1 358 265 177 1000
1 358 266 177 1000
1 358 267 177 1000
1 358 268 177 1000
1 358 269 177 1000
1 358 270 177 1000
1 358 271 177 1000
1 358 272 177 1000
1 358 273 177 1000
1 358 274 177 1000
1 358 275 177 1000
1 358 276 177 1000
1 358 277 177 1000
1 358 278 177 1000
1 358 279 177 1000
1 358 280 177 1000
1 358 281 177 1000
1 358 282 177 1000
1 358 283 177 1000
1 358 284 177 1000
1 358 285 177 1000
1 359 259 177 1000
1 359 260 177 1000
1 359 261 177 1000
1 359 262 177 1000
1 359 263 177 1000
1 359 264 177 1000
1 359 265 177 1000
1 359 266 177 1000
1 359 267 177 1000
1 359 268 177 1000
1 359 269 177 1000
1 359 270 177 1000
1 359 271 177 1000
1 359 272 177 1000
1 359 273 177 1000
1 359 274 177 1000
1 359 275 177 1000
1 359 276 177 1000
1 359 277 177 1000
1 359 278 177 1000
1 359 279 177 1000
1 359 280 177 1000
1 359 281 177 1000
1 359 282 177 1000
1 359 283 177 1000
1 359 284 177 1000
1 359 285 177 1000
1 360 259 177 1000
1 360 260 177 1000
1 360 261 177 1000
1 360 262 177 1000
1 360 263 177 1000
1 360 264 177 1000
1 360 265 177 1000
1 360 266 177 1000
1 360 267 177 1000
1 360 268 177 1000
1 360 269 177 1000
1 360 270 177 1000
1 360 271 177 1000
1 360 272 177 1000
1 360 273 177 1000
1 360 274 177 1000
1 360 275 177 1000
1 360 276 177 1000
1 360 277 177 1000
1 360 278 177 1000
1 360 279 177 1000
1 360 280 177 1000
1 360 281 177 1000
1 360 282 177 1000
1 360 283 177 1000
1 360 284 177 1000
1 360 285 177 1000
1 360 286 177 1000
1 361 259 177 1000
1 361 260 177 1000
1 361 261 177 1000
1 361 262 177 1000
1 361 263 177 1000
1 361 264 177 1000
1 361 265 177 1000
1 361 266 177 1000
1 361 267 177 1000
1 361 268 177 1000
1 361 269 177 1000
1 361 270 177 1000
1 361 271 177 1000
1 361 272 177 1000
1 361 273 177 1000
1 361 274 177 1000
1 361 275 177 1000
1 361 276 177 1000
1 361 277 177 1000
1 361 278 177 1000
1 361 279 177 1000
1 361 280 177 1000
1 361 281 177 1000
1 361 282 177 1000
1 361 283 177 1000
1 361 284 177 1000
1 361 285 177 1000
1 361 286 177 1000
1 362 260 177 1000
1 362 261 177 1000
1 362 262 177 1000
1 362 263 177 1000
1 362 264 177 1000
1 362 265 177 1000
1 362 266 177 1000
1 362 267 177 1000
1 362 268 177 1000
1 362 269 177 1000
1 362 270 177 1000
1 362 271 177 1000
1 362 272 177 1000
1 362 273 177 1000
1 362 274 177 1000
1 362 275 177 1000
1 362 276 177 1000
1 362 277 177 1000
1 362 278 177 1000
1 362 279 177 1000
1 362 280 177 1000
1 362 281 177 1000
1 362 282 177 1000
1 362 283 177 1000
1 362 284 177 1000
1 362 285 177 1000
1 362 286 177 1000
1 363 260 177 1000
1 363 261 177 1000
1 363 262 177 1000
1 363 263 177 1000
1 363 264 177 1000
1 363 265 177 1000
1 363 266 177 1000
1 363 267 177 1000
1 363 268 177 1000
1 363 269 177 1000
1 363 270 177 1000
1 363 271 177 1000
1 363 272 177 1000
1 363 273 177 1000
1 363 274 177 1000
1 363 275 177 1000
1 363 276 177 1000
1 363 277 177 1000
1 363 278 177 1000
1 363 279 177 1000
1 363 280 177 1000
1 363 281 177 1000
1 363 282 177 1000
1 363 283 177 1000
1 363 284 177 1000
1 363 285 177 1000
1 363 286 177 1000
1 363 287 177 1000
1 364 261 177 1000
1 364 262 177 1000
1 364 263 177 1000
1 364 264 177 1000
1 364 265 177 1000
1 364 266 177 1000
1 364 267 177 1000
1 364 268 177 1000
1 364 269 177 1000
1 364 270 177 1000
1 364 271 177 1000
1 364 272 177 1000
1 364 273 177 1000
1 364 274 177 1000
1 364 275 177 1000
1 364 276 177 1000
1 364 277 177 1000
1 364 278 177 1000
1 364 279 177 1000
1 364 280 177 1000
1 364 281 177 1000
1 364 282 177 1000
1 364 283 177 1000
1 364 284 177 1000
1 364 285 177 1000
1 364 286 177 1000
1 364 287 177 1000
1 365 261 177 1000
1 365 262 177 1000
1 365 263 177 1000
1 365 264 177 1000
1 365 265 177 1000
1 365 266 177 1000
1 365 267 177 1000
1 365 268 177 1000
1 365 269 177 1000
1 365 270 177 1000
1 365 271 177 1000
1 365 272 177 1000
1 365 273 177 1000
1 365 274 177 1000
1 365 275 177 1000
1 365 276 177 1000
1 365 277 177 1000
1 365 278 177 1000
1 365 279 177 1000
1 365 280 177 1000
1 365 281 177 1000
1 365 282 177 1000
1 365 283 177 1000
1 365 284 177 1000
1 365 285 177 1000
1 365 286 177 1000
1 365 287 177 1000
1 365 288 177 1000
1 366 261 177 1000
1 366 262 177 1000
1 366 263 177 1000
1 366 264 177 1000
1 366 265 177 1000
1 366 266 177 1000
1 366 267 177 1000
1 366 268 177 1000
1 366 269 177 1000
1 366 270 177 1000
1 366 271 177 1000
1 366 272 177 1000
1 366 273 177 1000
1 366 274 177 1000
1 366 275 177 1000
1 366 276 177 1000
1 366 277 177 1000
1 366 278 177 1000
1 366 279 177 1000
1 366 280 177 1000
1 366 281 177 1000
1 366 282 177 1000
1 366 283 177 1000
1 366 284 177 1000
1 366 285 177 1000
1 366 286 177 1000
1 366 287 177 1000
1 366 288 177 1000
1 367 261 177 1000
1 367 262 177 1000
1 367 263 177 1000
1 367 264 177 1000
1 367 265 177 1000
1 367 266 177 1000
1 367 267 177 1000
1 367 268 177 1000
1 367 269 177 1000
1 367 270 177 1000
1 367 271 177 1000
1 367 272 177 1000
1 367 273 177 1000
1 367 274 177 1000
1 367 275 177 1000
1 367 276 177 1000
1 367 277 177 1000
1 367 278 177 1000
1 367 279 177 1000
1 367 280 177 1000
1 367 281 177 1000
1 367 282 177 1000
1 367 283 177 1000
1 367 284 177 1000
1 367 285 177 1000
1 367 286 177 1000
1 367 287 177 1000
1 367 288 177 1000
1 368 261 177 1000
1 368 262 177 1000
1 368 263 177 1000
1 368 264 177 1000
1 368 265 177 1000
1 368 266 177 1000
1 368 267 177 1000
1 368 268 177 1000
1 368 269 177 1000
1 368 270 177 1000
1 368 271 177 1000
1 368 272 177 1000
1 368 273 177 1000
1 368 274 177 1000
1 368 275 177 1000
1 368 276 177 1000
1 368 277 177 1000
1 368 278 177 1000
1 368 279 177 1000
1 368 280 177 1000
1 368 281 177 1000
1 368 282 177 1000
1 368 283 177 1000
1 368 284 177 1000
1 368 285 177 1000
1 368 286 177 1000
1 368 287 177 1000
1 368 288 177 1000
1 368 289 177 1000
1 369 262 177 1000
1 369 263 177 1000
1 369 264 177 1000
1 369 265 177 1000
1 369 266 177 1000
1 369 267 177 1000
1 369 268 177 1000
1 369 269 177 1000
1 369 270 177 1000
1 369 271 177 1000
1 369 272 177 1000
1 369 273 177 1000
1 369 274 177 1000
1 369 275 177 1000
1 369 276 177 1000
1 369 277 177 1000
1 369 278 177 1000
1 369 279 177 1000
1 369 280 177 1000
1 369 281 177 1000
1 369 282 177 1000
1 369 283 177 1000
1 369 284 177 1000
1 369 285 177 1000
1 369 286 177 1000
1 369 287 177 1000
1 369 288 177 1000
1 369 289 177 1000
1 370 262 177 1000
1 370 263 177 1000
1 370 264 177 1000
1 370 265 177 1000
1 370 266 177 1000
1 370 267 177 1000
1 370 268 177 1000
1 370 269 177 1000
1 370 270 177 1000
1 370 271 177 1000
1 370 272 177 1000
1 370 273 177 1000
1 370 274 177 1000
1 370 275 177 1000
1 370 276 177 1000
1 370 277 177 1000
1 370 278 177 1000
1 370 279 177 1000
1 370 280 177 1000
1 370 281 177 1000
1 370 282 177 1000
1 370 283 177 1000
1 370 284 177 1000
1 370 285 177 1000
1 370 286 177 1000
1 370 287 177 1000
1 370 288 177 1000
1 370 289 177 1000
1 370 290 177 1000
1 371 263 177 1000
1 371 264 177 1000
1 371 265 177 1000
1 371 266 177 1000
1 371 267 177 1000
1 371 268 177 1000
1 371 269 177 1000
1 371 270 177 1000
1 371 271 177 1000
1 371 272 177 1000
1 371 273 177 1000
1 371 274 177 1000
1 371 275 177 1000
1 371 276 177 1000
1 371 277 177 1000
1 371 278 177 1000
1 371 279 177 1000
1 371 280 177 1000
1 371 281 177 1000
1 371 282 177 1000
1 371 283 177 1000
1 371 284 177 1000
1 371 285 177 1000
1 371 286 177 1000
1 371 287 177 1000
1 371 288 177 1000
1 371 289 177 1000
1 371 290 177 1000
1 372 263 177 1000
1 372 264 177 1000
1 372 265 177 1000
1 372 266 177 1000
1 372 267 177 1000
1 372 268 177 1000
1 372 269 177 1000
1 372 270 177 1000
1 372 271 177 1000
1 372 272 177 1000
1 372 273 177 1000
1 372 274 177 1000
1 372 275 177 1000
1 372 276 177 1000
1 372 277 177 1000
1 372 278 177 1000
1 372 279 177 1000
1 372 280 177 1000
1 372 281 177 1000
1 372 282 177 1000
1 372 283 177 1000
1 372 284 177 1000
1 372 285 177 1000
1 372 286 177 1000
1 372 287 177 1000
1 372 288 177 1000
1 372 289 177 1000
1 372 290 177 1000
1 373 263 177 1000
1 373 264 177 1000
1 373 265 177 1000
1 373 266 177 1000
1 373 267 177 1000
1 373 268 177 1000
1 373 269 177 1000
1 373 270 177 1000
1 373 271 177 1000
1 373 272 177 1000
1 373 273 177 1000
1 373 274 177 1000
1 373 275 177 1000
1 373 276 177 1000
1 373 277 177 1000
1 373 278 177 1000
1 373 279 177 1000
1 373 280 177 1000
1 373 281 177 1000
1 373 282 177 1000
1 373 283 177 1000
1 373 284 177 1000
1 373 285 177 1000
1 373 286 177 1000
1 373 287 177 1000
1 373 288 177 1000
1 373 289 177 1000
1 373 290 177 1000
1 373 291 177 1000
1 374 264 177 1000
1 374 265 177 1000
1 374 266 177 1000
1 374 267 177 1000
1 374 268 177 1000
1 374 269 177 1000
1 374 270 177 1000
1 374 271 177 1000
1 374 272 177 1000
1 374 273 177 1000
1 374 274 177 1000
1 374 275 177 1000
1 374 276 177 1000
1 374 277 177 1000
1 374 278 177 1000
1 374 279 177 1000
1 374 280 177 1000
1 374 281 177 1000
1 374 282 177 1000
1 374 283 177 1000
1 374 284 177 1000
1 374 285 177 1000
1 374 286 177 1000
1 374 287 177 1000
1 374 288 177 1000
1 374 289 177 1000
1 374 290 177 1000
1 374 291 177 1000
1 375 265 177 1000
1 375 266 177 1000
1 375 267 177 1000
1 375 268 177 1000
1 375 269 177 1000
1 375 270 177 1000
1 375 271 177 1000
1 375 272 177 1000
1 375 273 177 1000
1 375 274 177 1000
1 375 275 177 1000
1 375 276 177 1000
1 375 277 177 1000
1 375 278 177 1000
1 375 279 177 1000
1 375 280 177 1000
1 375 281 177 1000
1 375 282 177 1000
1 375 283 177 1000
1 375 284 177 1000
1 375 285 177 1000
1 375 286 177 1000
1 375 287 177 1000
1 375 288 177 1000
1 375 289 177 1000
1 375 290 177 1000
1 375 291 177 1000
1 375 292 177 1000
1 376 265 177 1000
1 376 266 177 1000
1 376 267 177 1000
1 376 268 177 1000
1 376 269 177 1000
1 376 270 177 1000
1 376 271 177 1000
1 376 272 177 1000
1 376 273 177 1000
1 376 274 177 1000
1 376 275 177 1000
1 376 276 177 1000
1 376 277 177 1000
1 376 278 177 1000
1 376 279 177 1000
1 376 280 177 1000
1 376 281 177 1000
1 376 282 177 1000
1 376 283 177 1000
1 376 284 177 1000
1 376 285 177 1000
1 376 286 177 1000
1 376 287 177 1000
1 376 288 177 1000
1 376 289 177 1000
1 376 290 177 1000
1 376 291 177 1000
1 376 292 177 1000
1 377 265 177 1000
1 377 266 177 1000
1 377 267 177 1000
1 377 268 177 1000
1 377 269 177 1000
1 377 270 177 1000
1 377 271 177 1000
1 377 272 177 1000
1 377 273 177 1000
1 377 274 177 1000
1 377 275 177 1000
1 377 276 177 1000
1 377 277 177 1000
1 377 278 177 1000
1 377 279 177 1000
1 377 280 177 1000
1 377 281 177 1000
1 377 282 177 1000
1 377 283 177 1000
1 377 284 177 1000
1 377 285 177 1000
1 377 286 177 1000
1 377 287 177 1000
1 377 288 177 1000
1 377 289 177 1000
1 377 290 177 1000
1 377 291 177 1000
1 377 292 177 1000
1 378 266 177 1000
1 378 267 177 1000
1 378 268 177 1000
1 378 269 177 1000
1 378 270 177 1000
1 378 271 177 1000
1 378 272 177 1000
1 378 273 177 1000
1 378 274 177 1000
1 378 275 177 1000
1 378 276 177 1000
1 378 277 177 1000
1 378 278 177 1000
1 378 279 177 1000
1 378 280 177 1000
1 378 281 177 1000
1 378 282 177 1000
1 378 283 177 1000
1 378 284 177 1000
1 378 285 177 1000
1 378 286 177 1000
1 378 287 177 1000
1 378 288 177 1000
1 378 289 177 1000
1 378 290 177 1000
1 378 291 177 1000
1 378 292 177 1000
1 378 293 177 1000
1 378 568 177 1000
1 378 569 177 1000
1 379 267 177 1000
1 379 268 177 1000
1 379 269 177 1000
1 379 270 177 1000
1 379 271 177 1000
1 379 272 177 1000
1 379 273 177 1000
1 379 274 177 1000
1 379 275 177 1000
1 379 276 177 1000
1 379 277 177 1000
1 379 278 177 1000
1 379 279 177 1000
1 379 280 177 1000
1 379 281 177 1000
1 379 282 177 1000
1 379 283 177 1000
1 379 284 177 1000
1 379 285 177 1000
1 379 286 177 1000
1 379 287 177 1000
1 379 288 177 1000
1 379 289 177 1000
1 379 290 177 1000
1 379 291 177 1000
1 379 292 177 1000
1 379 293 177 1000
1 379 567 177 1000
1 379 568 177 1000
1 379 569 177 1000
1 380 268 177 1000
1 380 269 177 1000
1 380 270 177 1000
1 380 271 177 1000
1 380 272 177 1000
1 380 273 177 1000
1 380 274 177 1000
1 380 275 177 1000
1 380 276 177 1000
1 380 277 177 1000
1 380 278 177 1000
1 380 279 177 1000
1 380 280 177 1000
1 380 281 177 1000
1 380 282 177 1000
1 380 283 177 1000
1 380 284 177 1000
1 380 285 177 1000
1 380 286 177 1000
1 380 287 177 1000
1 380 288 177 1000
1 380 289 177 1000
1 380 290 177 1000
1 380 291 177 1000
1 380 292 177 1000
1 380 293 177 1000
1 380 294 177 1000
1 380 565 177 1000
1 380 566 177 1000
1 380 567 177 1000
1 380 568 177 1000
1 380 569 177 1000
1 381 268 177 1000
1 381 269 177 1000
1 381 270 177 1000
1 381 271 177 1000
1 381 272 177 1000
1 381 273 177 1000
1 381 274 177 1000
1 381 275 177 1000
1 381 276 177 1000
1 381 277 177 1000
1 381 278 177 1000
1 381 279 177 1000
1 381 280 177 1000
1 381 281 177 1000
1 381 282 177 1000
1 381 283 177 1000
1 381 284 177 1000
1 381 285 177 1000
1 381 286 177 1000
1 381 287 177 1000
1 381 288 177 1000
1 381 289 177 1000
1 381 290 177 1000
1 381 291 177 1000
1 381 292 177 1000
1 381 293 177 1000
1 381 294 177 1000
1 381 564 177 1000
1 381 565 177 1000
1 381 566 177 1000
1 381 567 177 1000
1 381 568 177 1000
1 381 569 177 1000
1 382 269 177 1000
1 382 270 177 1000
1 382 271 177 1000
1 382 272 177 1000
1 382 273 177 1000
1 382 274 177 1000
1 382 275 177 1000
1 382 276 177 1000
1 382 277 177 1000
1 382 278 177 1000
1 382 279 177 1000
1 382 280 177 1000
1 382 281 177 1000
1 382 282 177 1000
1 382 283 177 1000
1 382 284 177 1000
1 382 285 177 1000
1 382 286 177 1000
1 382 287 177 1000
1 382 288 177 1000
1 382 289 177 1000
1 382 290 177 1000
1 382 291 177 1000
1 382 292 177 1000
1 382 293 177 1000
1 382 294 177 1000
1 382 563 177 1000
1 382 564 177 1000
1 382 565 177 1000
1 382 566 177 1000
1 382 567 177 1000
1 382 568 177 1000
1 382 569 177 1000
1 383 270 177 1000
1 383 271 177 1000
1 383 272 177 1000
1 383 273 177 1000
1 383 274 177 1000
1 383 275 177 1000
1 383 276 177 1000
1 383 277 177 1000
1 383 278 177 1000
1 383 279 177 1000
1 383 280 177 1000
1 383 281 177 1000
1 383 282 177 1000
1 383 283 177 1000
1 383 284 177 1000
1 383 285 177 1000
1 383 286 177 1000
1 383 287 177 1000
1 383 288 177 1000
1 383 289 177 1000
1 383 290 177 1000
1 383 291 177 1000
1 383 292 177 1000
1 383 293 177 1000
1 383 294 177 1000
1 383 295 177 1000
1 383 561 177 1000
1 383 562 177 1000
1 383 563 177 1000
1 383 564 177 1000
1 383 565 177 1000
1 383 566 177 1000
1 383 567 177 1000
1 383 568 177 1000
1 383 569 177 1000
1 384 270 177 1000
1 384 271 177 1000
1 384 272 177 1000
1 384 273 177 1000
1 384 274 177 1000
1 384 275 177 1000
1 384 276 177 1000
1 384 277 177 1000
1 384 278 177 1000
1 384 279 177 1000
1 384 280 177 1000
1 384 281 177 1000
1 384 282 177 1000
1 384 283 177 1000
1 384 284 177 1000
1 384 285 177 1000
1 384 286 177 1000
1 384 287 177 1000
1 384 288 177 1000
1 384 289 177 1000
1 384 290 177 1000
1 384 291 177 1000
1 384 292 177 1000
1 384 293 177 1000
1 384 294 177 1000
1 384 295 177 1000
1 384 560 177 1000
1 384 561 177 1000
1 384 562 177 1000
1 384 563 177 1000
1 384 564 177 1000
1 384 565 177 1000
1 384 566 177 1000
1 384 567 177 1000
1 384 568 177 1000
1 384 569 177 1000
1 385 271 177 1000
1 385 272 177 1000
1 385 273 177 1000
1 385 274 177 1000
1 385 275 177 1000
1 385 276 177 1000
1 385 277 177 1000
1 385 278 177 1000
1 385 279 177 1000
1 385 280 177 1000
1 385 281 177 1000
1 385 282 177 1000
1 385 283 177 1000
1 385 284 177 1000
1 385 285 177 1000
1 385 286 177 1000
1 385 287 177 1000
1 385 288 177 1000
1 385 289 177 1000
1 385 290 177 1000
1 385 291 177 1000
1 385 292 177 1000
1 385 293 177 1000
1 385 294 177 1000
1 385 295 177 1000
1 385 296 177 1000
1 385 559 177 1000
1 385 560 177 1000
1 385 561 177 1000
1 385 562 177 1000
1 385 563 177 1000
1 385 564 177 1000
1 385 565 177 1000
1 385 566 177 1000
1 385 567 177 1000
1 385 568 177 1000
1 385 569 177 1000
1 386 272 177 1000
1 386 273 177 1000
1 386 274 177 1000
1 386 275 177 1000
1 386 276 177 1000
1 386 277 177 1000
1 386 278 177 1000
1 386 279 177 1000
1 386 280 177 1000
1 386 281 177 1000
1 386 282 177 1000
1 386 283 177 1000
1 386 284 177 1000
1 386 285 177 1000
1 386 286 177 1000
1 386 287 177 1000
1 386 288 177 1000
1 386 289 177 1000
1 386 290 177 1000
1 386 291 177 1000
1 386 292 177 1000
1 386 293 177 1000
1 386 294 177 1000
1 386 295 177 1000
1 386 296 177 1000
1 386 557 177 1000
1 386 558 177 1000
1 386 559 177 1000
1 386 560 177 1000
1 386 561 177 1000
1 386 562 177 1000
1 386 563 177 1000
1 386 564 177 1000
1 386 565 177 1000
1 386 566 177 1000
1 386 567 177 1000
1 386 568 177 1000
1 386 569 177 1000
1 387 273 177 1000
1 387 274 177 1000
1 387 275 177 1000
1 387 276 177 1000
1 387 277 177 1000
1 387 278 177 1000
1 387 279 177 1000
1 387 280 177 1000
1 387 281 177 1000
1 387 282 177 1000
1 387 283 177 1000
1 387 284 177 1000
1 387 285 177 1000
1 387 286 177 1000
1 387 287 177 1000
1 387 288 177 1000
1 387 289 177 1000
1 387 290 177 1000
1 387 291 177 1000
1 387 292 177 1000
1 387 293 177 1000
1 387 294 177 1000
1 387 295 177 1000
1 387 296 177 1000
1 387 556 177 1000
1 387 557 177 1000
1 387 558 177 1000
1 387 559 177 1000
1 387 560 177 1000
1 387 561 177 1000
1 387 562 177 1000
1 387 563 177 1000
1 387 564 177 1000
1 387 565 177 1000
1 387 566 177 1000
1 387 567 177 1000
1 387 568 177 1000
1 387 569 177 1000
1 388 273 177 1000
1 388 274 177 1000
1 388 275 177 1000
1 388 276 177 1000
1 388 277 177 1000
1 388 278 177 1000
1 388 279 177 1000
1 388 280 177 1000
1 388 281 177 1000
1 388 282 177 1000
1 388 283 177 1000
1 388 284 177 1000
1 388 285 177 1000
1 388 286 177 1000
1 388 287 177 1000
1 388 288 177 1000
1 388 289 177 1000
1 388 290 177 1000
1 388 291 177 1000
1 388 292 177 1000
1 388 293 177 1000
1 388 294 177 1000
1 388 295 177 1000
1 388 296 177 1000
1 388 297 177 1000
1 388 554 177 1000
1 388 555 177 1000
1 388 556 177 1000
1 388 557 177 1000
1 388 558 177 1000
1 388 559 177 1000
1 388 560 177 1000
1 388 561 177 1000
1 388 562 177 1000
1 388 563 177 1000
1 388 564 177 1000
1 388 565 177 1000
1 388 566 177 1000
1 388 567 177 1000
1 388 568 177 1000
1 388 569 177 1000
1 389 274 177 1000
1 389 275 177 1000
1 389 276 177 1000
1 389 277 177 1000
1 389 278 177 1000
1 389 279 177 1000
1 389 280 177 1000
1 389 281 177 1000
1 389 282 177 1000
1 389 283 177 1000
1 389 284 177 1000
1 389 285 177 1000
1 389 286 177 1000
1 389 287 177 1000
1 389 288 177 1000
1 389 289 177 1000
1 389 290 177 1000
1 389 291 177 1000
1 389 292 177 1000
1 389 293 177 1000
1 389 294 177 1000
1 389 295 177 1000
1 389 296 177 1000
1 389 297 177 1000
1 389 553 177 1000
1 389 554 177 1000
1 389 555 177 1000
1 389 556 177 1000
1 389 557 177 1000
1 389 558 177 1000
1 389 559 177 1000
1 389 560 177 1000
1 389 561 177 1000
1 389 562 177 1000
1 389 563 177 1000
1 389 564 177 1000
1 389 565 177 1000
1 389 566 177 1000
1 389 567 177 1000
1 389 568 177 1000
1 389 569 177 1000
1 390 275 177 1000
1 390 276 177 1000
1 390 277 177 1000
1 390 278 177 1000
1 390 279 177 1000
1 390 280 177 1000
1 390 281 177 1000
1 390 282 177 1000
1 390 283 177 1000
1 390 284 177 1000
1 390 285 177 1000
1 390 286 177 1000
1 390 287 177 1000
1 390 288 177 1000
1 390 289 177 1000
1 390 290 177 1000
1 390 291 177 1000
1 390 292 177 1000
1 390 293 177 1000
1 390 294 177 1000
1 390 295 177 1000
1 390 296 177 1000
1 390 297 177 1000
1 390 298 177 1000
1 390 551 177 1000
1 390 552 177 1000
1 390 553 177 1000
1 390 554 177 1000
1 390 555 177 1000
1 390 556 177 1000
1 390 557 177 1000
1 390 558 177 1000
1 390 559 177 1000
1 390 560 177 1000
1 390 561 177 1000
1 390 562 177 1000
1 390 563 177 1000
1 390 564 177 1000
1 390 565 177 1000
1 390 566 177 1000
1 390 567 177 1000
1 390 568 177 1000
1 390 569 177 1000
1 391 275 177 1000
1 391 276 177 1000
1 391 277 177 1000
1 391 278 177 1000
1 391 279 177 1000
1 391 280 177 1000
1 391 281 177 1000
1 391 282 177 1000
1 391 283 177 1000
1 391 284 177 1000
1 391 285 177 1000
1 391 286 177 1000
1 391 287 177 1000
1 391 288 177 1000
1 391 289 177 1000
1 391 290 177 1000
1 391 291 177 1000
1 391 292 177 1000
1 391 293 177 1000
1 391 294 177 1000
1 391 295 177 1000
1 391 296 177 1000
1 391 297 177 1000
1 391 298 177 1000
1 391 550 177 1000
1 391 551 177 1000
1 391 552 177 1000
1 391 553 177 1000
1 391 554 177 1000
1 391 555 177 1000
1 391 556 177 1000
1 391 557 177 1000
1 391 558 177 1000
1 391 559 177 1000
1 391 560 177 1000
1 391 561 177 1000
1 391 562 177 1000
1 391 563 177 1000
1 391 564 177 1000
1 391 565 177 1000
1 391 566 177 1000
1 391 567 177 1000
1 391 568 177 1000
1 391 569 177 1000
1 392 275 177 1000
1 392 276 177 1000
1 392 277 177 1000
1 392 278 177 1000
1 392 279 177 1000
1 392 280 177 1000
1 392 281 177 1000
1 392 282 177 1000
1 392 283 177 1000
1 392 284 177 1000
1 392 285 177 1000
1 392 286 177 1000
1 392 287 177 1000
1 392 288 177 1000
1 392 289 177 1000
1 392 290 177 1000
1 392 291 177 1000
1 392 292 177 1000
1 392 293 177 1000
1 392 294 177 1000
1 392 295 177 1000
1 392 296 177 1000
1 392 297 177 1000
1 392 298 177 1000
1 392 548 177 1000
1 392 549 177 1000
1 392 550 177 1000
1 392 551 177 1000
1 392 552 177 1000
1 392 553 177 1000
1 392 554 177 1000
1 392 555 177 1000
1 392 556 177 1000
1 392 557 177 1000
1 392 558 177 1000
1 392 559 177 1000
1 392 560 177 1000
1 392 561 177 1000
1 392 562 177 1000
1 392 563 177 1000
1 392 564 177 1000
1 392 565 177 1000
1 392 566 177 1000
1 392 567 177 1000
1 392 568 177 1000
1 392 569 177 1000
1 393 276 177 1000
1 393 277 177 1000
1 393 278 177 1000
1 393 279 177 1000
1 393 280 177 1000
1 393 281 177 1000
1 393 282 177 1000
1 393 283 177 1000
1 393 284 177 1000
1 393 285 177 1000
1 393 286 177 1000
1 393 287 177 1000
1 393 288 177 1000
1 393 289 177 1000
1 393 290 177 1000
1 393 291 177 1000
1 393 292 177 1000
1 393 293 177 1000
1 393 294 177 1000
1 393 295 177 1000
1 393 296 177 1000
1 393 297 177 1000
1 393 298 177 1000
1 393 299 177 1000
1 393 547 177 1000
1 393 548 177 1000
1 393 549 177 1000
1 393 550 177 1000
1 393 551 177 1000
1 393 552 177 1000
1 393 553 177 1000
1 393 554 177 1000
1 393 555 177 1000
1 393 556 177 1000
1 393 557 177 1000
1 393 558 177 1000
1 393 559 177 1000
1 393 560 177 1000
1 393 561 177 1000
1 393 562 177 1000
1 393 563 177 1000
1 393 564 177 1000
1 393 565 177 1000
1 393 566 177 1000
1 393 567 177 1000
1 393 568 177 1000
1 393 569 177 1000
1 394 276 177 1000
1 394 277 177 1000
1 394 278 177 1000
1 394 279 177 1000
1 394 280 177 1000
1 394 281 177 1000
1 394 282 177 1000
1 394 283 177 1000
1 394 284 177 1000
1 394 285 177 1000
1 394 286 177 1000
1 394 287 177 1000
1 394 288 177 1000
1 394 289 177 1000
1 394 290 177 1000
1 394 291 177 1000
1 394 292 177 1000
1 394 293 177 1000
1 394 294 177 1000
1 394 295 177 1000
1 394 296 177 1000
1 394 297 177 1000
1 394 298 177 1000
1 394 299 177 1000
1 394 545 177 1000
1 394 546 177 1000
1 394 547 177 1000
1 394 548 177 1000
1 394 549 177 1000
1 394 550 177 1000
1 394 551 177 1000
1 394 552 177 1000
1 394 553 177 1000
1 394 554 177 1000
1 394 555 177 1000
1 394 556 177 1000
1 394 557 177 1000
1 394 558 177 1000
1 394 559 177 1000
1 394 560 177 1000
1 394 561 177 1000
1 394 562 177 1000
1 394 563 177 1000
1 394 564 177 1000
1 394 565 177 1000
1 394 566 177 1000
1 394 567 177 1000
1 394 568 177 1000
1 394 569 177 1000
1 395 276 177 1000
1 395 277 177 1000
1 395 278 177 1000
1 395 279 177 1000
1 395 280 177 1000
1 395 281 177 1000
1 395 282 177 1000
1 395 283 177 1000
1 395 284 177 1000
1 395 285 177 1000
1 395 286 177 1000
1 395 287 177 1000
1 395 288 177 1000
1 395 289 177 1000
1 395 290 177 1000
1 395 291 177 1000
1 395 292 177 1000
1 395 293 177 1000
1 395 294 177 1000
1 395 295 177 1000
1 395 296 177 1000
1 395 297 177 1000
1 395 298 177 1000
1 395 299 177 1000
1 395 300 177 1000
1 395 544 177 1000
1 395 545 177 1000
1 395 546 177 1000
1 395 547 177 1000
1 395 548 177 1000
1 395 549 177 1000
1 395 550 177 1000
1 395 551 177 1000
1 395 552 177 1000
1 395 553 177 1000
1 395 554 177 1000
1 395 555 177 1000
1 395 556 177 1000
1 395 557 177 1000
1 395 558 177 1000
1 395 559 177 1000
1 395 560 177 1000
1 395 561 177 1000
1 395 562 177 1000
1 395 563 177 1000
1 395 564 177 1000
1 395 565 177 1000
1 395 566 177 1000
1 395 567 177 1000
1 395 568 177 1000
1 395 569 177 1000
1 396 276 177 1000
1 396 277 177 1000
1 396 278 177 1000
1 396 279 177 1000
1 396 280 177 1000
1 396 281 177 1000
1 396 282 177 1000
1 396 283 177 1000
1 396 284 177 1000
1 396 285 177 1000
1 396 286 177 1000
1 396 287 177 1000
1 396 288 177 1000
1 396 289 177 1000
1 396 290 177 1000
1 396 291 177 1000
1 396 292 177 1000
1 396 293 177 1000
1 396 294 177 1000
1 396 295 177 1000
1 396 296 177 1000
1 396 297 177 1000
1 396 298 177 1000
1 396 299 177 1000
1 396 300 177 1000
1 396 542 177 1000
1 396 543 177 1000
1 396 544 177 1000
1 396 545 177 1000
1 396 546 177 1000
1 396 547 177 1000
1 396 548 177 1000
1 396 549 177 1000
1 396 550 177 1000
1 396 551 177 1000
1 396 552 177 1000
1 396 553 177 1000
1 396 554 177 1000
1 396 555 177 1000
1 396 556 177 1000
1 396 557 177 1000
1 396 558 177 1000
1 396 559 177 1000
1 396 560 177 1000
1 396 561 177 1000
1 396 562 177 1000
1 396 563 177 1000
1 396 564 177 1000
1 396 565 177 1000
1 396 566 177 1000
1 396 567 177 1000
1 396 568 177 1000
1 396 569 177 1000
1 397 274 177 1000
1 397 275 177 1000
1 397 276 177 1000
1 397 277 177 1000
1 397 278 177 1000
1 397 279 177 1000
1 397 280 177 1000
1 397 281 177 1000
1 397 282 177 1000
1 397 283 177 1000
1 397 284 177 1000
1 397 285 177 1000
1 397 286 177 1000
1 397 287 177 1000
1 397 288 177 1000
1 397 289 177 1000
1 397 290 177 1000
1 397 291 177 1000
1 397 292 177 1000
1 397 293 177 1000
1 397 294 177 1000
1 397 295 177 1000
1 397 296 177 1000
1 397 297 177 1000
1 397 298 177 1000
1 397 299 177 1000
1 397 300 177 1000
1 397 301 177 1000
1 397 541 177 1000
1 397 542 177 1000
1 397 543 177 1000
1 397 544 177 1000
1 397 545 177 1000
1 397 546 177 1000
1 397 547 177 1000
1 397 548 177 1000
1 397 549 177 1000
1 397 550 177 1000
1 397 551 177 1000
1 397 552 177 1000
1 397 553 177 1000
1 397 554 177 1000
1 397 555 177 1000
1 397 556 177 1000
1 397 557 177 1000
1 397 558 177 1000
1 397 559 177 1000
1 397 560 177 1000
1 397 561 177 1000
1 397 562 177 1000
1 397 563 177 1000
1 397 564 177 1000
1 397 565 177 1000
1 397 566 177 1000
1 397 567 177 1000
1 397 568 177 1000
1 397 569 177 1000
1 398 274 177 1000
1 398 275 177 1000
1 398 276 177 1000
1 398 277 177 1000
1 398 278 177 1000
1 398 279 177 1000
1 398 280 177 1000
1 398 281 177 1000
1 398 282 177 1000
1 398 283 177 1000
1 398 284 177 1000
1 398 285 177 1000
1 398 286 177 1000
1 398 287 177 1000
1 398 288 177 1000
1 398 289 177 1000
1 398 290 177 1000
1 398 291 177 1000
1 398 292 177 1000
1 398 293 177 1000
1 398 294 177 1000
1 398 295 177 1000
1 398 296 177 1000
1 398 297 177 1000
1 398 298 177 1000
1 398 299 177 1000
1 398 300 177 1000
1 398 301 177 1000
1 398 302 177 1000
1 398 539 177 1000
1 398 540 177 1000
1 398 541 177 1000
1 398 542 177 1000
1 398 543 177 1000
1 398 544 177 1000
1 398 545 177 1000
1 398 546 177 1000
1 398 547 177 1000
1 398 548 177 1000
1 398 549 177 1000
1 398 550 177 1000
1 398 551 177 1000
1 398 552 177 1000
1 398 553 177 1000
1 398 554 177 1000
1 398 555 177 1000
1 398 556 177 1000
1 398 557 177 1000
1 398 558 177 1000
1 398 559 177 1000
1 398 560 177 1000
1 398 561 177 1000
1 398 562 177 1000
1 398 563 177 1000
1 398 564 177 1000
1 398 565 177 1000
1 398 566 177 1000
1 398 567 177 1000
1 398 568 177 1000
1 398 569 177 1000
1 399 274 177 1000
1 399 275 177 1000
1 399 276 177 1000
1 399 277 177 1000
1 399 278 177 1000
1 399 279 177 1000
1 399 280 177 1000
1 399 281 177 1000
1 399 282 177 1000
1 399 283 177 1000
1 399 284 177 1000
1 399 285 177 1000
1 399 286 177 1000
1 399 287 177 1000
1 399 288 177 1000
1 399 289 177 1000
1 399 290 177 1000
1 399 291 177 1000
1 399 292 177 1000
1 399 293 177 1000
1 399 294 177 1000
1 399 295 177 1000
1 399 296 177 1000
1 399 297 177 1000
1 399 298 177 1000
1 399 299 177 1000
1 399 300 177 1000
1 399 301 177 1000
1 399 302 177 1000
1 399 303 177 1000
1 399 304 177 1000
1 399 538 177 1000
1 399 539 177 1000
1 399 540 177 1000
1 399 541 177 1000
1 399 542 177 1000
1 399 543 177 1000
1 399 544 177 1000
1 399 545 177 1000
1 399 546 177 1000
1 399 547 177 1000
1 399 548 177 1000
1 399 549 177 1000
1 399 550 177 1000
1 399 551 177 1000
1 399 552 177 1000
1 399 553 177 1000
1 399 554 177 1000
1 399 555 177 1000
1 399 556 177 1000
1 399 557 177 1000
1 399 558 177 1000
1 399 559 177 1000
1 399 560 177 1000
1 399 561 177 1000
1 399 562 177 1000
1 399 563 177 1000
1 399 564 177 1000
1 399 565 177 1000
1 399 566 177 1000
1 399 567 177 1000
1 399 568 177 1000
1 399 569 177 1000
1 400 274 177 1000
1 400 275 177 1000
1 400 276 177 1000
1 400 277 177 1000
1 400 278 177 1000
1 400 279 177 1000
1 400 280 177 1000
1 400 281 177 1000
1 400 282 177 1000
1 400 283 177 1000
1 400 284 177 1000
1 400 285 177 1000
1 400 286 177 1000
1 400 287 177 1000
1 400 288 177 1000
1 400 289 177 1000
1 400 290 177 1000
1 400 291 177 1000
1 400 292 177 1000
1 400 293 177 1000
1 400 294 177 1000
1 400 295 177 1000
1 400 296 177 1000
1 400 297 177 1000
1 400 298 177 1000
1 400 299 177 1000
1 400 300 177 1000
1 400 301 177 1000
1 400 302 177 1000
1 400 303 177 1000
1 400 304 177 1000
1 400 305 177 1000
1 400 536 177 1000
1 400 537 177 1000
1 400 538 177 1000
1 400 539 177 1000
1 400 540 177 1000
1 400 541 177 1000
1 400 542 177 1000
1 400 543 177 1000
1 400 544 177 1000
1 400 545 177 1000
1 400 546 177 1000
1 400 547 177 1000
1 400 548 177 1000
1 400 549 177 1000
1 400 550 177 1000
1 400 551 177 1000
1 400 552 177 1000
1 400 553 177 1000
1 400 554 177 1000
1 400 555 177 1000
1 400 556 177 1000
1 400 557 177 1000
1 400 558 177 1000
1 400 559 177 1000
1 400 560 177 1000
1 400 561 177 1000
1 400 562 177 1000
1 400 563 177 1000
1 400 564 177 1000
1 400 565 177 1000
1 400 566 177 1000
1 400 567 177 1000
1 401 275 177 1000
1 401 276 177 1000
1 401 279 177 1000
1 401 280 177 1000
1 401 281 177 1000
1 401 282 177 1000
1 401 283 177 1000
1 401 284 177 1000
1 401 285 177 1000
1 401 286 177 1000
1 401 287 177 1000
1 401 288 177 1000
1 401 289 177 1000
1 401 290 177 1000
1 401 291 177 1000
1 401 292 177 1000
1 401 293 177 1000
1 401 294 177 1000
1 401 295 177 1000
1 401 296 177 1000
1 401 297 177 1000
1 401 298 177 1000
1 401 299 177 1000
1 401 300 177 1000
1 401 301 177 1000
1 401 302 177 1000
1 401 303 177 1000
1 401 304 177 1000
1 401 305 177 1000
1 401 306 177 1000
1 401 535 177 1000
1 401 536 177 1000
1 401 537 177 1000
1 401 538 177 1000
1 401 539 177 1000
1 401 540 177 1000
1 401 541 177 1000
1 401 542 177 1000
1 401 543 177 1000
1 401 544 177 1000
1 401 545 177 1000
1 401 546 177 1000
1 401 547 177 1000
1 401 548 177 1000
1 401 549 177 1000
1 401 550 177 1000
1 401 551 177 1000
1 401 552 177 1000
1 401 553 177 1000
1 401 554 177 1000
1 401 555 177 1000
1 401 556 177 1000
1 401 557 177 1000
1 401 558 177 1000
1 401 559 177 1000
1 401 560 177 1000
1 401 561 177 1000
1 401 562 177 1000
1 401 563 177 1000
1 401 564 177 1000
1 401 565 177 1000
1 401 566 177 1000
1 402 275 177 1000
1 402 277 177 1000
1 402 278 177 1000
1 402 279 177 1000
1 402 280 177 1000
1 402 281 177 1000
1 402 282 177 1000
1 402 283 177 1000
1 402 284 177 1000
1 402 285 177 1000
1 402 286 177 1000
1 402 287 177 1000
1 402 288 177 1000
1 402 289 177 1000
1 402 290 177 1000
1 402 291 177 1000
1 402 292 177 1000
1 402 293 177 1000
1 402 294 177 1000
1 402 295 177 1000
1 402 296 177 1000
1 402 297 177 1000
1 402 298 177 1000
1 402 299 177 1000
1 402 300 177 1000
1 402 301 177 1000
1 402 302 177 1000
1 402 303 177 1000
1 402 304 177 1000
1 402 305 177 1000
1 402 306 177 1000
1 402 307 177 1000
1 402 533 177 1000
1 402 534 177 1000
1 402 535 177 1000
1 402 536 177 1000
1 402 537 177 1000
1 402 538 177 1000
1 402 539 177 1000
1 402 540 177 1000
1 402 541 177 1000
1 402 542 177 1000
1 402 543 177 1000
1 402 544 177 1000
1 402 545 177 1000
1 402 546 177 1000
1 402 547 177 1000
1 402 548 177 1000
1 402 549 177 1000
1 402 550 177 1000
1 402 551 177 1000
1 402 552 177 1000
1 402 553 177 1000
1 402 554 177 1000
1 402 555 177 1000
1 402 556 177 1000
1 402 557 177 1000
1 402 558 177 1000
1 402 559 177 1000
1 402 560 177 1000
1 402 561 177 1000
1 402 562 177 1000
1 402 563 177 1000
1 402 564 177 1000
1 403 277 177 1000
1 403 278 177 1000
1 403 279 177 1000
1 403 280 177 1000
1 403 281 177 1000
1 403 282 177 1000
1 403 283 177 1000
1 403 284 177 1000
1 403 285 177 1000
1 403 286 177 1000
1 403 287 177 1000
1 403 288 177 1000
1 403 289 177 1000
1 403 290 177 1000
1 403 291 177 1000
1 403 292 177 1000
1 403 293 177 1000
1 403 294 177 1000
1 403 295 177 1000
1 403 296 177 1000
1 403 297 177 1000
1 403 298 177 1000
1 403 299 177 1000
1 403 300 177 1000
1 403 301 177 1000
1 403 302 177 1000
1 403 303 177 1000
1 403 304 177 1000
1 403 305 177 1000
1 403 306 177 1000
1 403 307 177 1000
1 403 308 177 1000
1 403 309 177 1000
1 403 532 177 1000
1 403 533 177 1000
1 403 534 177 1000
1 403 535 177 1000
1 403 536 177 1000
1 403 537 177 1000
1 403 538 177 1000
1 403 539 177 1000
1 403 540 177 1000
1 403 541 177 1000
1 403 542 177 1000
1 403 543 177 1000
1 403 544 177 1000
1 403 545 177 1000
1 403 546 177 1000
1 403 547 177 1000
1 403 548 177 1000
1 403 549 177 1000
1 403 550 177 1000
1 403 551 177 1000
1 403 552 177 1000
1 403 553 177 1000
1 403 554 177 1000
1 403 555 177 1000
1 403 556 177 1000
1 403 557 177 1000
1 403 558 177 1000
1 403 559 177 1000
1 403 560 177 1000
1 403 561 177 1000
1 403 562 177 1000
1 403 563 177 1000
1 404 277 177 1000
1 404 278 177 1000
1 404 279 177 1000
1 404 280 177 1000
1 404 281 177 1000
1 404 282 177 1000
1 404 283 177 1000
1 404 284 177 1000
1 404 285 177 1000
1 404 286 177 1000
1 404 287 177 1000
1 404 288 177 1000
1 404 289 177 1000
1 404 290 177 1000
1 404 291 177 1000
1 404 292 177 1000
1 404 293 177 1000
1 404 294 177 1000
1 404 295 177 1000
1 404 296 177 1000
1 404 297 177 1000
1 404 298 177 1000
1 404 299 177 1000
1 404 300 177 1000
1 404 301 177 1000
1 404 302 177 1000
1 404 303 177 1000
1 404 304 177 1000
1 404 305 177 1000
1 404 306 177 1000
1 404 307 177 1000
1 404 308 177 1000
1 404 309 177 1000
1 404 310 177 1000
1 404 530 177 1000
1 404 531 177 1000
1 404 532 177 1000
1 404 533 177 1000
1 404 534 177 1000
1 404 535 177 1000
1 404 536 177 1000
1 404 537 177 1000
1 404 538 177 1000
1 404 539 177 1000
1 404 540 177 1000
1 404 541 177 1000
1 404 542 177 1000
1 404 543 177 1000
1 404 544 177 1000
1 404 545 177 1000
1 404 546 177 1000
1 404 547 177 1000
1 404 548 177 1000
1 404 549 177 1000
1 404 550 177 1000
1 404 551 177 1000
1 404 552 177 1000
1 404 553 177 1000
1 404 554 177 1000
1 404 555 177 1000
1 404 556 177 1000
1 404 557 177 1000
1 404 558 177 1000
1 404 559 177 1000
1 404 560 177 1000
1 404 561 177 1000
1 405 282 177 1000
1 405 283 177 1000
1 405 284 177 1000
1 405 285 177 1000
1 405 286 177 1000
1 405 287 177 1000
1 405 288 177 1000
1 405 289 177 1000
1 405 290 177 1000
1 405 291 177 1000
1 405 292 177 1000
1 405 293 177 1000
1 405 294 177 1000
1 405 295 177 1000
1 405 296 177 1000
1 405 297 177 1000
1 405 298 177 1000
1 405 299 177 1000
1 405 300 177 1000
1 405 301 177 1000
1 405 302 177 1000
1 405 303 177 1000
1 405 304 177 1000
1 405 305 177 1000
1 405 306 177 1000
1 405 307 177 1000
1 405 308 177 1000
1 405 309 177 1000
1 405 310 177 1000
1 405 311 177 1000
1 405 529 177 1000
1 405 530 177 1000
1 405 531 177 1000
1 405 532 177 1000
1 405 533 177 1000
1 405 534 177 1000
1 405 535 177 1000
1 405 536 177 1000
1 405 537 177 1000
1 405 538 177 1000
1 405 539 177 1000
1 405 540 177 1000
1 405 541 177 1000
1 405 542 177 1000
1 405 543 177 1000
1 405 544 177 1000
1 405 545 177 1000
1 405 546 177 1000
1 405 547 177 1000
1 405 548 177 1000
1 405 549 177 1000
1 405 550 177 1000
1 405 551 177 1000
1 405 552 177 1000
1 405 553 177 1000
1 405 554 177 1000
1 405 555 177 1000
1 405 556 177 1000
1 405 557 177 1000
1 405 558 177 1000
1 405 559 177 1000
1 406 283 177 1000
1 406 284 177 1000
1 406 285 177 1000
1 406 286 177 1000
1 406 287 177 1000
1 406 288 177 1000
1 406 289 177 1000
1 406 290 177 1000
1 406 291 177 1000
1 406 292 177 1000
1 406 293 177 1000
1 406 294 177 1000
1 406 295 177 1000
1 406 296 177 1000
1 406 297 177 1000
1 406 298 177 1000
1 406 299 177 1000
1 406 300 177 1000
1 406 301 177 1000
1 406 302 177 1000
1 406 303 177 1000
1 406 304 177 1000
1 406 305 177 1000
1 406 306 177 1000
1 406 307 177 1000
1 406 308 177 1000
1 406 309 177 1000
1 406 310 177 1000
1 406 311 177 1000
1 406 312 177 1000
1 406 527 177 1000
1 406 528 177 1000
1 406 529 177 1000
1 406 530 177 1000
1 406 531 177 1000
1 406 532 177 1000
1 406 533 177 1000
1 406 534 177 1000
1 406 535 177 1000
1 406 536 177 1000
1 406 537 177 1000
1 406 538 177 1000
1 406 539 177 1000
1 406 540 177 1000
1 406 541 177 1000
1 406 542 177 1000
1 406 543 177 1000
1 406 544 177 1000
1 406 545 177 1000
1 406 546 177 1000
1 406 547 177 1000
1 406 548 177 1000
1 406 549 177 1000
1 406 550 177 1000
1 406 551 177 1000
1 406 552 177 1000
1 406 553 177 1000
1 406 554 177 1000
1 406 555 177 1000
1 406 556 177 1000
1 406 557 177 1000
1 407 284 177 1000
1 407 285 177 1000
1 407 286 177 1000
1 407 287 177 1000
1 407 288 177 1000
1 407 289 177 1000
1 407 290 177 1000
1 407 291 177 1000
1 407 292 177 1000
1 407 293 177 1000
1 407 294 177 1000
1 407 295 177 1000
1 407 296 177 1000
1 407 297 177 1000
1 407 298 177 1000
1 407 299 177 1000
1 407 300 177 1000
1 407 301 177 1000
1 407 302 177 1000
1 407 303 177 1000
1 407 304 177 1000
1 407 305 177 1000
1 407 306 177 1000
1 407 307 177 1000
1 407 308 177 1000
1 407 309 177 1000
1 407 310 177 1000
1 407 311 177 1000
1 407 312 177 1000
1 407 313 177 1000
1 407 314 177 1000
1 407 526 177 1000
1 407 527 177 1000
1 407 528 177 1000
1 407 529 177 1000
1 407 530 177 1000
1 407 531 177 1000
1 407 532 177 1000
1 407 533 177 1000
1 407 534 177 1000
1 407 535 177 1000
1 407 536 177 1000
1 407 537 177 1000
1 407 538 177 1000
1 407 539 177 1000
1 407 540 177 1000
1 407 541 177 1000
1 407 542 177 1000
1 407 543 177 1000
1 407 544 177 1000
1 407 545 177 1000
1 407 546 177 1000
1 407 547 177 1000
1 407 548 177 1000
1 407 549 177 1000
1 407 550 177 1000
1 407 551 177 1000
1 407 552 177 1000
1 407 553 177 1000
1 407 554 177 1000
1 407 555 177 1000
1 407 556 177 1000
1 407 557 177 1000
1 408 284 177 1000
1 408 285 177 1000
1 408 286 177 1000
1 408 287 177 1000
1 408 288 177 1000
1 408 289 177 1000
1 408 290 177 1000
1 408 291 177 1000
1 408 292 177 1000
1 408 293 177 1000
1 408 294 177 1000
1 408 295 177 1000
1 408 296 177 1000
1 408 297 177 1000
1 408 298 177 1000
1 408 299 177 1000
1 408 300 177 1000
1 408 301 177 1000
1 408 302 177 1000
1 408 303 177 1000
1 408 304 177 1000
1 408 305 177 1000
1 408 306 177 1000
1 408 307 177 1000
1 408 308 177 1000
1 408 309 177 1000
1 408 310 177 1000
1 408 311 177 1000
1 408 312 177 1000
1 408 313 177 1000
1 408 314 177 1000
1 408 315 177 1000
1 408 524 177 1000
1 408 525 177 1000
1 408 526 177 1000
1 408 527 177 1000
1 408 528 177 1000
1 408 529 177 1000
1 408 530 177 1000
1 408 531 177 1000
1 408 532 177 1000
1 408 533 177 1000
1 408 534 177 1000
1 408 535 177 1000
1 408 536 177 1000
1 408 537 177 1000
1 408 538 177 1000
1 408 539 177 1000
1 408 540 177 1000
1 408 541 177 1000
1 408 542 177 1000
1 408 543 177 1000
1 408 544 177 1000
1 408 545 177 1000
1 408 546 177 1000
1 408 547 177 1000
1 408 548 177 1000
1 408 549 177 1000
1 408 550 177 1000
1 408 551 177 1000
1 408 552 177 1000
1 408 553 177 1000
1 408 554 177 1000
1 408 555 177 1000
1 408 556 177 1000
1 408 557 177 1000
1 408 558 177 1000
1 408 559 177 1000
1 409 285 177 1000
1 409 286 177 1000
1 409 287 177 1000
1 409 288 177 1000
1 409 289 177 1000
1 409 290 177 1000
1 409 291 177 1000
1 409 292 177 1000
1 409 293 177 1000
1 409 294 177 1000
1 409 295 177 1000
1 409 296 177 1000
1 409 297 177 1000
1 409 298 177 1000
1 409 299 177 1000
1 409 300 177 1000
1 409 301 177 1000
1 409 302 177 1000
1 409 303 177 1000
1 409 304 177 1000
1 409 305 177 1000
1 409 306 177 1000
1 409 307 177 1000
1 409 308 177 1000
1 409 309 177 1000
1 409 310 177 1000
1 409 311 177 1000
1 409 312 177 1000
1 409 313 177 1000
1 409 314 177 1000
1 409 315 177 1000
1 409 316 177 1000
1 409 523 177 1000
1 409 524 177 1000
1 409 525 177 1000
1 409 526 177 1000
1 409 527 177 1000
1 409 528 177 1000
1 409 529 177 1000
1 409 530 177 1000
1 409 531 177 1000
1 409 532 177 1000
1 409 533 177 1000
1 409 534 177 1000
1 409 535 177 1000
1 409 536 177 1000
1 409 537 177 1000
1 409 538 177 1000
1 409 539 177 1000
1 409 540 177 1000
1 409 541 177 1000
1 409 542 177 1000
1 409 543 177 1000
1 409 544 177 1000
1 409 545 177 1000
1 409 546 177 1000
1 409 547 177 1000
1 409 548 177 1000
1 409 549 177 1000
1 409 550 177 1000
1 409 551 177 1000
1 409 552 177 1000
1 409 553 177 1000
1 409 554 177 1000
1 409 555 177 1000
1 409 556 177 1000
1 409 557 177 1000
1 410 285 177 1000
1 410 286 177 1000
1 410 287 177 1000
1 410 288 177 1000
1 410 289 177 1000
1 410 290 177 1000
1 410 291 177 1000
1 410 292 177 1000
1 410 293 177 1000
1 410 294 177 1000
1 410 295 177 1000
1 410 296 177 1000
1 410 297 177 1000
1 410 298 177 1000
1 410 299 177 1000
1 410 300 177 1000
1 410 301 177 1000
1 410 302 177 1000
1 410 303 177 1000
1 410 304 177 1000
1 410 305 177 1000
1 410 306 177 1000
1 410 307 177 1000
1 410 308 177 1000
1 410 309 177 1000
1 410 310 177 1000
1 410 311 177 1000
1 410 312 177 1000
1 410 313 177 1000
1 410 314 177 1000
1 410 315 177 1000
1 410 316 177 1000
1 410 317 177 1000
1 410 521 177 1000
1 410 522 177 1000
1 410 523 177 1000
1 410 524 177 1000
1 410 525 177 1000
1 410 526 177 1000
1 410 527 177 1000
1 410 528 177 1000
1 410 529 177 1000
1 410 530 177 1000
1 410 531 177 1000
1 410 532 177 1000
1 410 533 177 1000
1 410 534 177 1000
1 410 535 177 1000
1 410 536 177 1000
1 410 537 177 1000
1 410 538 177 1000
1 410 539 177 1000
1 410 540 177 1000
1 410 541 177 1000
1 410 542 177 1000
1 410 543 177 1000
1 410 544 177 1000
1 410 545 177 1000
1 410 546 177 1000
1 410 547 177 1000
1 410 548 177 1000
1 410 549 177 1000
1 410 550 177 1000
1 410 551 177 1000
1 410 552 177 1000
1 410 553 177 1000
1 411 286 177 1000
1 411 287 177 1000
1 411 288 177 1000
1 411 289 177 1000
1 411 290 177 1000
1 411 291 177 1000
1 411 292 177 1000
1 411 293 177 1000
1 411 294 177 1000
1 411 295 177 1000
1 411 296 177 1000
1 411 297 177 1000
1 411 298 177 1000
1 411 299 177 1000
1 411 300 177 1000
1 411 301 177 1000
1 411 302 177 1000
1 411 303 177 1000
1 411 304 177 1000
1 411 305 177 1000
1 411 306 177 1000
1 411 307 177 1000
1 411 308 177 1000
1 411 309 177 1000
1 411 310 177 1000
1 411 311 177 1000
1 411 312 177 1000
1 411 313 177 1000
1 411 314 177 1000
1 411 315 177 1000
1 411 316 177 1000
1 411 317 177 1000
1 411 318 177 1000
1 411 319 177 1000
1 411 520 177 1000
1 411 521 177 1000
1 411 522 177 1000
1 411 523 177 1000
1 411 524 177 1000
1 411 525 177 1000
1 411 526 177 1000
1 411 527 177 1000
1 411 528 177 1000
1 411 529 177 1000
1 411 530 177 1000
1 411 531 177 1000
1 411 532 177 1000
1 411 533 177 1000
1 411 534 177 1000
1 411 535 177 1000
1 411 536 177 1000
1 411 537 177 1000
1 411 538 177 1000
1 411 539 177 1000
1 411 540 177 1000
1 411 541 177 1000
1 411 542 177 1000
1 411 543 177 1000
1 411 544 177 1000
1 411 545 177 1000
1 411 546 177 1000
1 411 547 177 1000
1 411 548 177 1000
1 411 549 177 1000
1 411 550 177 1000
1 411 551 177 1000
1 411 552 177 1000
1 411 553 177 1000
1 412 287 177 1000
1 412 288 177 1000
1 412 289 177 1000
1 412 290 177 1000
1 412 291 177 1000
1 412 292 177 1000
1 412 293 177 1000
1 412 294 177 1000
1 412 295 177 1000
1 412 296 177 1000
1 412 297 177 1000
1 412 298 177 1000
1 412 299 177 1000
1 412 300 177 1000
1 412 301 177 1000
1 412 302 177 1000
1 412 303 177 1000
1 412 304 177 1000
1 412 305 177 1000
1 412 306 177 1000
1 412 307 177 1000
1 412 308 177 1000
1 412 309 177 1000
1 412 310 177 1000
1 412 311 177 1000
1 412 312 177 1000
1 412 313 177 1000
1 412 314 177 1000
1 412 315 177 1000
1 412 316 177 1000
1 412 317 177 1000
1 412 318 177 1000
1 412 319 177 1000
1 412 320 177 1000
1 412 518 177 1000
1 412 519 177 1000
1 412 520 177 1000
1 412 521 177 1000
1 412 522 177 1000
1 412 523 177 1000
1 412 524 177 1000
1 412 525 177 1000
1 412 526 177 1000
1 412 527 177 1000
1 412 528 177 1000
1 412 529 177 1000
1 412 530 177 1000
1 412 531 177 1000
1 412 532 177 1000
1 412 533 177 1000
1 412 534 177 1000
1 412 535 177 1000
1 412 536 177 1000
1 412 537 177 1000
1 412 538 177 1000
1 412 539 177 1000
1 412 540 177 1000
1 412 541 177 1000
1 412 542 177 1000
1 412 543 177 1000
1 412 544 177 1000
1 412 545 177 1000
1 412 546 177 1000
1 412 547 177 1000
1 412 548 177 1000
1 412 549 177 1000
1 412 550 177 1000
1 412 551 177 1000
1 412 552 177 1000
1 412 553 177 1000
1 413 289 177 1000
1 413 290 177 1000
1 413 291 177 1000
1 413 292 177 1000
1 413 293 177 1000
1 413 294 177 1000
1 413 295 177 1000
1 413 296 177 1000
1 413 297 177 1000
1 413 298 177 1000
1 413 299 177 1000
1 413 300 177 1000
1 413 301 177 1000
1 413 302 177 1000
1 413 303 177 1000
1 413 304 177 1000
1 413 305 177 1000
1 413 306 177 1000
1 413 307 177 1000
1 413 308 177 1000
1 413 309 177 1000
1 413 310 177 1000
1 413 311 177 1000
1 413 312 177 1000
1 413 313 177 1000
1 413 314 177 1000
1 413 315 177 1000
1 413 316 177 1000
1 413 317 177 1000
1 413 318 177 1000
1 413 319 177 1000
1 413 320 177 1000
1 413 321 177 1000
1 413 517 177 1000
1 413 518 177 1000
1 413 519 177 1000
1 413 520 177 1000
1 413 521 177 1000
1 413 522 177 1000
1 413 523 177 1000
1 413 524 177 1000
1 413 525 177 1000
1 413 526 177 1000
1 413 527 177 1000
1 413 528 177 1000
1 413 529 177 1000
1 413 530 177 1000
1 413 531 177 1000
1 413 532 177 1000
1 413 533 177 1000
1 413 534 177 1000
1 413 535 177 1000
1 413 536 177 1000
1 413 537 177 1000
1 413 538 177 1000
1 413 539 177 1000
1 413 540 177 1000
1 413 541 177 1000
1 413 542 177 1000
1 413 543 177 1000
1 413 544 177 1000
1 413 545 177 1000
1 413 546 177 1000
1 413 547 177 1000
1 413 548 177 1000
1 413 549 177 1000
1 413 550 177 1000
1 413 551 177 1000
1 413 552 177 1000
1 414 293 177 1000
1 414 294 177 1000
1 414 295 177 1000
1 414 296 177 1000
1 414 297 177 1000
1 414 298 177 1000
1 414 299 177 1000
1 414 300 177 1000
1 414 301 177 1000
1 414 302 177 1000
1 414 303 177 1000
1 414 304 177 1000
1 414 305 177 1000
1 414 306 177 1000
1 414 307 177 1000
1 414 308 177 1000
1 414 309 177 1000
1 414 310 177 1000
1 414 311 177 1000
1 414 312 177 1000
1 414 313 177 1000
1 414 314 177 1000
1 414 315 177 1000
1 414 316 177 1000
1 414 317 177 1000
1 414 318 177 1000
1 414 319 177 1000
1 414 320 177 1000
1 414 321 177 1000
1 414 322 177 1000
1 414 515 177 1000
1 414 516 177 1000
1 414 517 177 1000
1 414 518 177 1000
1 414 519 177 1000
1 414 520 177 1000
1 414 521 177 1000
1 414 522 177 1000
1 414 523 177 1000
1 414 524 177 1000
1 414 525 177 1000
1 414 526 177 1000
1 414 527 177 1000
1 414 528 177 1000
1 414 529 177 1000
1 414 530 177 1000
1 414 531 177 1000
1 414 532 177 1000
1 414 533 177 1000
1 414 534 177 1000
1 414 535 177 1000
1 414 536 177 1000
1 414 537 177 1000
1 414 538 177 1000
1 414 539 177 1000
1 414 540 177 1000
1 414 541 177 1000
1 414 542 177 1000
1 414 543 177 1000
1 414 544 177 1000
1 414 545 177 1000
1 414 546 177 1000
1 414 547 177 1000
1 414 548 177 1000
1 414 549 177 1000
1 414 550 177 1000
1 415 292 177 1000
1 415 293 177 1000
1 415 294 177 1000
1 415 295 177 1000
1 415 296 177 1000
1 415 297 177 1000
1 415 298 177 1000
1 415 299 177 1000
1 415 300 177 1000
1 415 301 177 1000
1 415 302 177 1000
1 415 303 177 1000
1 415 304 177 1000
1 415 305 177 1000
1 415 306 177 1000
1 415 307 177 1000
1 415 308 177 1000
1 415 309 177 1000
1 415 310 177 1000
1 415 311 177 1000
1 415 312 177 1000
1 415 313 177 1000
1 415 314 177 1000
1 415 315 177 1000
1 415 316 177 1000
1 415 317 177 1000
1 415 318 177 1000
1 415 319 177 1000
1 415 320 177 1000
1 415 321 177 1000
1 415 322 177 1000
1 415 323 177 1000
1 415 324 177 1000
1 415 514 177 1000
1 415 515 177 1000
1 415 516 177 1000
1 415 517 177 1000
1 415 518 177 1000
1 415 519 177 1000
1 415 520 177 1000
1 415 521 177 1000
1 415 522 177 1000
1 415 523 177 1000
1 415 524 177 1000
1 415 525 177 1000
1 415 526 177 1000
1 415 527 177 1000
1 415 528 177 1000
1 415 529 177 1000
1 415 530 177 1000
1 415 531 177 1000
1 415 532 177 1000
1 415 533 177 1000
1 415 534 177 1000
1 415 535 177 1000
1 415 536 177 1000
1 415 537 177 1000
1 415 538 177 1000
1 415 539 177 1000
1 415 540 177 1000
1 415 541 177 1000
1 415 542 177 1000
1 415 543 177 1000
1 415 544 177 1000
1 415 545 177 1000
1 415 546 177 1000
1 415 547 177 1000
1 415 548 177 1000
1 415 549 177 1000
1 415 550 177 1000
1 416 292 177 1000
1 416 293 177 1000
1 416 294 177 1000
1 416 295 177 1000
1 416 296 177 1000
1 416 297 177 1000
1 416 298 177 1000
1 416 299 177 1000
1 416 300 177 1000
1 416 301 177 1000
1 416 302 177 1000
1 416 303 177 1000
1 416 304 177 1000
1 416 305 177 1000
1 416 306 177 1000
1 416 307 177 1000
1 416 308 177 1000
1 416 309 177 1000
1 416 310 177 1000
1 416 311 177 1000
1 416 312 177 1000
1 416 313 177 1000
1 416 314 177 1000
1 416 315 177 1000
1 416 316 177 1000
1 416 317 177 1000
1 416 318 177 1000
1 416 319 177 1000
1 416 320 177 1000
1 416 321 177 1000
1 416 322 177 1000
1 416 323 177 1000
1 416 324 177 1000
1 416 325 177 1000
1 416 512 177 1000
1 416 513 177 1000
1 416 514 177 1000
1 416 515 177 1000
1 416 516 177 1000
1 416 517 177 1000
1 416 518 177 1000
1 416 519 177 1000
1 416 520 177 1000
1 416 521 177 1000
1 416 522 177 1000
1 416 523 177 1000
1 416 524 177 1000
1 416 525 177 1000
1 416 526 177 1000
1 416 527 177 1000
1 416 528 177 1000
1 416 529 177 1000
1 416 530 177 1000
1 416 531 177 1000
1 416 532 177 1000
1 416 533 177 1000
1 416 534 177 1000
1 416 535 177 1000
1 416 536 177 1000
1 416 537 177 1000
1 416 538 177 1000
1 416 539 177 1000
1 416 540 177 1000
1 416 541 177 1000
1 416 542 177 1000
1 416 543 177 1000
1 416 544 177 1000
1 416 545 177 1000
1 416 546 177 1000
1 416 547 177 1000
1 416 548 177 1000
1 417 295 177 1000
1 417 296 177 1000
1 417 297 177 1000
1 417 298 177 1000
1 417 299 177 1000
1 417 300 177 1000
1 417 301 177 1000
1 417 302 177 1000
1 417 303 177 1000
1 417 304 177 1000
1 417 305 177 1000
1 417 306 177 1000
1 417 307 177 1000
1 417 308 177 1000
1 417 309 177 1000
1 417 310 177 1000
1 417 311 177 1000
1 417 312 177 1000
1 417 313 177 1000
1 417 314 177 1000
1 417 315 177 1000
1 417 316 177 1000
1 417 317 177 1000
1 417 318 177 1000
1 417 319 177 1000
1 417 320 177 1000
1 417 321 177 1000
1 417 322 177 1000
1 417 323 177 1000
1 417 324 177 1000
1 417 325 177 1000
1 417 326 177 1000
1 417 511 177 1000
1 417 512 177 1000
1 417 513 177 1000
1 417 514 177 1000
1 417 515 177 1000
1 417 516 177 1000
1 417 517 177 1000
1 417 518 177 1000
1 417 519 177 1000
1 417 520 177 1000
1 417 521 177 1000
1 417 522 177 1000
1 417 523 177 1000
1 417 524 177 1000
1 417 525 177 1000
1 417 526 177 1000
1 417 527 177 1000
1 417 528 177 1000
1 417 529 177 1000
1 417 530 177 1000
1 417 531 177 1000
1 417 532 177 1000
1 417 533 177 1000
1 417 534 177 1000
1 417 535 177 1000
1 417 536 177 1000
1 417 537 177 1000
1 417 538 177 1000
1 417 539 177 1000
1 417 540 177 1000
1 417 541 177 1000
1 417 542 177 1000
1 417 543 177 1000
1 417 544 177 1000
1 417 545 177 1000
1 417 546 177 1000
1 418 297 177 1000
1 418 298 177 1000
1 418 299 177 1000
1 418 300 177 1000
1 418 301 177 1000
1 418 302 177 1000
1 418 303 177 1000
1 418 304 177 1000
1 418 305 177 1000
1 418 306 177 1000
1 418 307 177 1000
1 418 308 177 1000
1 418 309 177 1000
1 418 310 177 1000
1 418 311 177 1000
1 418 312 177 1000
1 418 313 177 1000
1 418 314 177 1000
1 418 315 177 1000
1 418 316 177 1000
1 418 317 177 1000
1 418 318 177 1000
1 418 319 177 1000
1 418 320 177 1000
1 418 321 177 1000
1 418 322 177 1000
1 418 323 177 1000
1 418 324 177 1000
1 418 325 177 1000
1 418 326 177 1000
1 418 327 177 1000
1 418 509 177 1000
1 418 510 177 1000
1 418 511 177 1000
1 418 512 177 1000
1 418 513 177 1000
1 418 514 177 1000
1 418 515 177 1000
1 418 516 177 1000
1 418 517 177 1000
1 418 518 177 1000
1 418 519 177 1000
1 418 520 177 1000
1 418 521 177 1000
1 418 522 177 1000
1 418 523 177 1000
1 418 524 177 1000
1 418 525 177 1000
1 418 526 177 1000
1 418 527 177 1000
1 418 528 177 1000
1 418 529 177 1000
1 418 530 177 1000
1 418 531 177 1000
1 418 532 177 1000
1 418 533 177 1000
1 418 534 177 1000
1 418 535 177 1000
1 418 536 177 1000
1 418 537 177 1000
1 418 538 177 1000
1 418 539 177 1000
1 418 540 177 1000
1 418 541 177 1000
1 418 542 177 1000
1 418 543 177 1000
1 418 544 177 1000
1 418 545 177 1000
1 419 298 177 1000
1 419 299 177 1000
1 419 300 177 1000
1 419 301 177 1000
1 419 302 177 1000
1 419 303 177 1000
1 419 304 177 1000
1 419 305 177 1000
1 419 306 177 1000
1 419 307 177 1000
1 419 308 177 1000
1 419 309 177 1000
1 419 310 177 1000
1 419 311 177 1000
1 419 312 177 1000
1 419 313 177 1000
1 419 314 177 1000
1 419 315 177 1000
1 419 316 177 1000
1 419 317 177 1000
1 419 318 177 1000
1 419 319 177 1000
1 419 320 177 1000
1 419 321 177 1000
1 419 322 177 1000
1 419 323 177 1000
1 419 324 177 1000
1 419 325 177 1000
1 419 326 177 1000
1 419 327 177 1000
1 419 328 177 1000
1 419 329 177 1000
1 419 508 177 1000
1 419 509 177 1000
1 419 510 177 1000
1 419 511 177 1000
1 419 512 177 1000
1 419 513 177 1000
1 419 514 177 1000
1 419 515 177 1000
1 419 516 177 1000
1 419 517 177 1000
1 419 518 177 1000
1 419 519 177 1000
1 419 520 177 1000
1 419 521 177 1000
1 419 522 177 1000
1 419 523 177 1000
1 419 524 177 1000
1 419 525 177 1000
1 419 526 177 1000
1 419 527 177 1000
1 419 528 177 1000
1 419 529 177 1000
1 419 530 177 1000
1 419 531 177 1000
1 419 532 177 1000
1 419 533 177 1000
1 419 534 177 1000
1 419 535 177 1000
1 419 536 177 1000
1 419 537 177 1000
1 419 538 177 1000
1 419 539 177 1000
1 419 540 177 1000
1 419 541 177 1000
1 419 542 177 1000
1 419 543 177 1000
1 420 299 177 1000
1 420 300 177 1000
1 420 301 177 1000
1 420 302 177 1000
1 420 303 177 1000
1 420 304 177 1000
1 420 305 177 1000
1 420 306 177 1000
1 420 307 177 1000
1 420 308 177 1000
1 420 309 177 1000
1 420 310 177 1000
1 420 311 177 1000
1 420 312 177 1000
1 420 313 177 1000
1 420 314 177 1000
1 420 315 177 1000
1 420 316 177 1000
1 420 317 177 1000
1 420 318 177 1000
1 420 319 177 1000
1 420 320 177 1000
1 420 321 177 1000
1 420 322 177 1000
1 420 323 177 1000
1 420 324 177 1000
1 420 325 177 1000
1 420 326 177 1000
1 420 327 177 1000
1 420 328 177 1000
1 420 329 177 1000
1 420 330 177 1000
1 420 506 177 1000
1 420 507 177 1000
1 420 508 177 1000
1 420 509 177 1000
1 420 510 177 1000
1 420 511 177 1000
1 420 512 177 1000
1 420 513 177 1000
1 420 514 177 1000
1 420 515 177 1000
1 420 516 177 1000
1 420 517 177 1000
1 420 518 177 1000
1 420 519 177 1000
1 420 520 177 1000
1 420 521 177 1000
1 420 522 177 1000
1 420 523 177 1000
1 420 524 177 1000
1 420 525 177 1000
1 420 526 177 1000
1 420 527 177 1000
1 420 528 177 1000
1 420 529 177 1000
1 420 530 177 1000
1 420 531 177 1000
1 420 532 177 1000
1 420 533 177 1000
1 420 534 177 1000
1 420 535 177 1000
1 420 536 177 1000
1 420 537 177 1000
1 420 538 177 1000
1 420 539 177 1000
1 420 540 177 1000
1 420 541 177 1000
1 421 299 177 1000
1 421 300 177 1000
1 421 301 177 1000
1 421 302 177 1000
1 421 303 177 1000
1 421 304 177 1000
1 421 305 177 1000
1 421 306 177 1000
1 421 307 177 1000
1 421 308 177 1000
1 421 309 177 1000
1 421 310 177 1000
1 421 311 177 1000
1 421 312 177 1000
1 421 313 177 1000
1 421 314 177 1000
1 421 315 177 1000
1 421 316 177 1000
1 421 317 177 1000
1 421 318 177 1000
1 421 319 177 1000
1 421 320 177 1000
1 421 321 177 1000
1 421 322 177 1000
1 421 323 177 1000
1 421 324 177 1000
1 421 325 177 1000
1 421 326 177 1000
1 421 327 177 1000
1 421 328 177 1000
1 421 329 177 1000
1 421 330 177 1000
1 421 331 177 1000
1 421 505 177 1000
1 421 506 177 1000
1 421 507 177 1000
1 421 508 177 1000
1 421 509 177 1000
1 421 510 177 1000
1 421 511 177 1000
1 421 512 177 1000
1 421 513 177 1000
1 421 514 177 1000
1 421 515 177 1000
1 421 516 177 1000
1 421 517 177 1000
1 421 518 177 1000
1 421 519 177 1000
1 421 520 177 1000
1 421 521 177 1000
1 421 522 177 1000
1 421 523 177 1000
1 421 524 177 1000
1 421 525 177 1000
1 421 526 177 1000
1 421 527 177 1000
1 421 528 177 1000
1 421 529 177 1000
1 421 530 177 1000
1 421 531 177 1000
1 421 532 177 1000
1 421 533 177 1000
1 421 534 177 1000
1 421 535 177 1000
1 421 536 177 1000
1 421 537 177 1000
1 421 538 177 1000
1 421 539 177 1000
1 422 295 177 1000
1 422 296 177 1000
1 422 297 177 1000
1 422 298 177 1000
1 422 299 177 1000
1 422 300 177 1000
1 422 301 177 1000
1 422 302 177 1000
1 422 303 177 1000
1 422 304 177 1000
1 422 305 177 1000
1 422 306 177 1000
1 422 307 177 1000
1 422 308 177 1000
1 422 309 177 1000
1 422 310 177 1000
1 422 311 177 1000
1 422 312 177 1000
1 422 313 177 1000
1 422 314 177 1000
1 422 315 177 1000
1 422 316 177 1000
1 422 317 177 1000
1 422 318 177 1000
1 422 319 177 1000
1 422 320 177 1000
1 422 321 177 1000
1 422 322 177 1000
1 422 323 177 1000
1 422 324 177 1000
1 422 325 177 1000
1 422 326 177 1000
1 422 327 177 1000
1 422 328 177 1000
1 422 329 177 1000
1 422 330 177 1000
1 422 331 177 1000
1 422 332 177 1000
1 422 503 177 1000
1 422 504 177 1000
1 422 505 177 1000
1 422 506 177 1000
1 422 507 177 1000
1 422 508 177 1000
1 422 509 177 1000
1 422 510 177 1000
1 422 511 177 1000
1 422 512 177 1000
1 422 513 177 1000
1 422 514 177 1000
1 422 515 177 1000
1 422 516 177 1000
1 422 517 177 1000
1 422 518 177 1000
1 422 519 177 1000
1 422 520 177 1000
1 422 521 177 1000
1 422 522 177 1000
1 422 523 177 1000
1 422 524 177 1000
1 422 525 177 1000
1 422 526 177 1000
1 422 527 177 1000
1 422 528 177 1000
1 422 529 177 1000
1 422 530 177 1000
1 422 531 177 1000
1 422 532 177 1000
1 422 533 177 1000
1 422 534 177 1000
1 422 535 177 1000
1 422 536 177 1000
1 422 537 177 1000
1 423 295 177 1000
1 423 296 177 1000
1 423 297 177 1000
1 423 299 177 1000
1 423 300 177 1000
1 423 301 177 1000
1 423 302 177 1000
1 423 303 177 1000
1 423 304 177 1000
1 423 305 177 1000
1 423 306 177 1000
1 423 307 177 1000
1 423 308 177 1000
1 423 309 177 1000
1 423 310 177 1000
1 423 311 177 1000
1 423 312 177 1000
1 423 313 177 1000
1 423 314 177 1000
1 423 315 177 1000
1 423 316 177 1000
1 423 317 177 1000
1 423 318 177 1000
1 423 319 177 1000
1 423 320 177 1000
1 423 321 177 1000
1 423 322 177 1000
1 423 323 177 1000
1 423 324 177 1000
1 423 325 177 1000
1 423 326 177 1000
1 423 327 177 1000
1 423 328 177 1000
1 423 329 177 1000
1 423 330 177 1000
1 423 331 177 1000
1 423 332 177 1000
1 423 333 177 1000
1 423 334 177 1000
1 423 502 177 1000
1 423 503 177 1000
1 423 504 177 1000
1 423 505 177 1000
1 423 506 177 1000
1 423 507 177 1000
1 423 508 177 1000
1 423 509 177 1000
1 423 510 177 1000
1 423 511 177 1000
1 423 512 177 1000
1 423 513 177 1000
1 423 514 177 1000
1 423 515 177 1000
1 423 516 177 1000
1 423 517 177 1000
1 423 518 177 1000
1 423 519 177 1000
1 423 520 177 1000
1 423 521 177 1000
1 423 522 177 1000
1 423 523 177 1000
1 423 524 177 1000
1 423 525 177 1000
1 423 526 177 1000
1 423 527 177 1000
1 423 528 177 1000
1 423 529 177 1000
1 423 530 177 1000
1 423 531 177 1000
1 423 532 177 1000
1 423 533 177 1000
1 423 534 177 1000
1 423 535 177 1000
1 423 536 177 1000
1 424 299 177 1000
1 424 300 177 1000
1 424 301 177 1000
1 424 302 177 1000
1 424 303 177 1000
1 424 304 177 1000
1 424 305 177 1000
1 424 306 177 1000
1 424 307 177 1000
1 424 308 177 1000
1 424 309 177 1000
1 424 310 177 1000
1 424 311 177 1000
1 424 312 177 1000
1 424 313 177 1000
1 424 314 177 1000
1 424 315 177 1000
1 424 316 177 1000
1 424 317 177 1000
1 424 318 177 1000
1 424 319 177 1000
1 424 320 177 1000
1 424 321 177 1000
1 424 322 177 1000
1 424 323 177 1000
1 424 324 177 1000
1 424 325 177 1000
1 424 326 177 1000
1 424 327 177 1000
1 424 328 177 1000
1 424 329 177 1000
1 424 330 177 1000
1 424 331 177 1000
1 424 332 177 1000
1 424 333 177 1000
1 424 334 177 1000
1 424 335 177 1000
1 424 500 177 1000
1 424 501 177 1000
1 424 502 177 1000
1 424 503 177 1000
1 424 504 177 1000
1 424 505 177 1000
1 424 506 177 1000
1 424 507 177 1000
1 424 508 177 1000
1 424 509 177 1000
1 424 510 177 1000
1 424 511 177 1000
1 424 512 177 1000
1 424 513 177 1000
1 424 514 177 1000
1 424 515 177 1000
1 424 516 177 1000
1 424 517 177 1000
1 424 518 177 1000
1 424 519 177 1000
1 424 520 177 1000
1 424 521 177 1000
1 424 522 177 1000
1 424 523 177 1000
1 424 524 177 1000
1 424 525 177 1000
1 424 526 177 1000
1 424 527 177 1000
1 424 528 177 1000
1 424 529 177 1000
1 424 530 177 1000
1 424 531 177 1000
1 424 532 177 1000
1 424 533 177 1000
1 424 534 177 1000
1 425 300 177 1000
1 425 301 177 1000
1 425 302 177 1000
1 425 303 177 1000
1 425 304 177 1000
1 425 305 177 1000
1 425 306 177 1000
1 425 307 177 1000
1 425 308 177 1000
1 425 309 177 1000
1 425 310 177 1000
1 425 311 177 1000
1 425 312 177 1000
1 425 313 177 1000
1 425 314 177 1000
1 425 315 177 1000
1 425 316 177 1000
1 425 317 177 1000
1 425 318 177 1000
1 425 319 177 1000
1 425 320 177 1000
1 425 321 177 1000
1 425 322 177 1000
1 425 323 177 1000
1 425 324 177 1000
1 425 325 177 1000
1 425 326 177 1000
1 425 327 177 1000
1 425 328 177 1000
1 425 329 177 1000
1 425 330 177 1000
1 425 331 177 1000
1 425 332 177 1000
1 425 333 177 1000
1 425 334 177 1000
1 425 335 177 1000
1 425 336 177 1000
1 425 499 177 1000
1 425 500 177 1000
1 425 501 177 1000
1 425 502 177 1000
1 425 503 177 1000
1 425 504 177 1000
1 425 505 177 1000
1 425 506 177 1000
1 425 507 177 1000
1 425 508 177 1000
1 425 509 177 1000
1 425 510 177 1000
1 425 511 177 1000
1 425 512 177 1000
1 425 513 177 1000
1 425 514 177 1000
1 425 515 177 1000
1 425 516 177 1000
1 425 517 177 1000
1 425 518 177 1000
1 425 519 177 1000
1 425 520 177 1000
1 425 521 177 1000
1 425 522 177 1000
1 425 523 177 1000
1 425 524 177 1000
1 425 525 177 1000
1 425 526 177 1000
1 425 527 177 1000
1 425 528 177 1000
1 425 529 177 1000
1 425 530 177 1000
1 425 531 177 1000
1 425 532 177 1000
1 425 533 177 1000
1 426 300 177 1000
1 426 301 177 1000
1 426 302 177 1000
1 426 303 177 1000
1 426 304 177 1000
1 426 305 177 1000
1 426 306 177 1000
1 426 307 177 1000
1 426 308 177 1000
1 426 309 177 1000
1 426 310 177 1000
1 426 311 177 1000
1 426 312 177 1000
1 426 313 177 1000
1 426 314 177 1000
1 426 315 177 1000
1 426 316 177 1000
1 426 317 177 1000
1 426 318 177 1000
1 426 319 177 1000
1 426 320 177 1000
1 426 321 177 1000
1 426 322 177 1000
1 426 323 177 1000
1 426 324 177 1000
1 426 325 177 1000
1 426 326 177 1000
1 426 327 177 1000
1 426 328 177 1000
1 426 329 177 1000
1 426 330 177 1000
1 426 331 177 1000
1 426 332 177 1000
1 426 333 177 1000
1 426 334 177 1000
1 426 335 177 1000
1 426 336 177 1000
1 426 337 177 1000
1 426 497 177 1000
1 426 498 177 1000
1 426 499 177 1000
1 426 500 177 1000
1 426 501 177 1000
1 426 502 177 1000
1 426 503 177 1000
1 426 504 177 1000
1 426 505 177 1000
1 426 506 177 1000
1 426 507 177 1000
1 426 508 177 1000
1 426 509 177 1000
1 426 510 177 1000
1 426 511 177 1000
1 426 512 177 1000
1 426 513 177 1000
1 426 514 177 1000
1 426 515 177 1000
1 426 516 177 1000
1 426 517 177 1000
1 426 518 177 1000
1 426 519 177 1000
1 426 520 177 1000
1 426 521 177 1000
1 426 522 177 1000
1 426 523 177 1000
1 426 524 177 1000
1 426 525 177 1000
1 426 526 177 1000
1 426 527 177 1000
1 426 528 177 1000
1 426 529 177 1000
1 426 530 177 1000
1 426 531 177 1000
1 427 299 177 1000
1 427 300 177 1000
1 427 301 177 1000
1 427 302 177 1000
1 427 303 177 1000
1 427 304 177 1000
1 427 305 177 1000
1 427 306 177 1000
1 427 307 177 1000
1 427 308 177 1000
1 427 309 177 1000
1 427 310 177 1000
1 427 311 177 1000
1 427 312 177 1000
1 427 313 177 1000
1 427 314 177 1000
1 427 315 177 1000
1 427 316 177 1000
1 427 317 177 1000
1 427 318 177 1000
1 427 319 177 1000
1 427 320 177 1000
1 427 321 177 1000
1 427 322 177 1000
1 427 323 177 1000
1 427 324 177 1000
1 427 325 177 1000
1 427 326 177 1000
1 427 327 177 1000
1 427 328 177 1000
1 427 329 177 1000
1 427 330 177 1000
1 427 331 177 1000
1 427 332 177 1000
1 427 333 177 1000
1 427 334 177 1000
1 427 335 177 1000
1 427 336 177 1000
1 427 337 177 1000
1 427 338 177 1000
1 427 495 177 1000
1 427 496 177 1000
1 427 497 177 1000
1 427 498 177 1000
1 427 499 177 1000
1 427 500 177 1000
1 427 501 177 1000
1 427 502 177 1000
1 427 503 177 1000
1 427 504 177 1000
1 427 505 177 1000
1 427 506 177 1000
1 427 507 177 1000
1 427 508 177 1000
1 427 509 177 1000
1 427 510 177 1000
1 427 511 177 1000
1 427 512 177 1000
1 427 513 177 1000
1 427 514 177 1000
1 427 515 177 1000
1 427 516 177 1000
1 427 517 177 1000
1 427 518 177 1000
1 427 519 177 1000
1 427 520 177 1000
1 427 521 177 1000
1 427 522 177 1000
1 427 523 177 1000
1 427 524 177 1000
1 427 525 177 1000
1 427 526 177 1000
1 427 527 177 1000
1 427 528 177 1000
1 427 529 177 1000
1 427 530 177 1000
1 428 300 177 1000
1 428 301 177 1000
1 428 302 177 1000
1 428 303 177 1000
1 428 304 177 1000
1 428 305 177 1000
1 428 306 177 1000
1 428 307 177 1000
1 428 308 177 1000
1 428 309 177 1000
1 428 310 177 1000
1 428 311 177 1000
1 428 312 177 1000
1 428 313 177 1000
1 428 314 177 1000
1 428 315 177 1000
1 428 316 177 1000
1 428 317 177 1000
1 428 318 177 1000
1 428 319 177 1000
1 428 320 177 1000
1 428 321 177 1000
1 428 322 177 1000
1 428 323 177 1000
1 428 324 177 1000
1 428 325 177 1000
1 428 326 177 1000
1 428 327 177 1000
1 428 328 177 1000
1 428 329 177 1000
1 428 330 177 1000
1 428 331 177 1000
1 428 332 177 1000
1 428 333 177 1000
1 428 334 177 1000
1 428 335 177 1000
1 428 336 177 1000
1 428 337 177 1000
1 428 338 177 1000
1 428 339 177 1000
1 428 340 177 1000
1 428 492 177 1000
1 428 493 177 1000
1 428 494 177 1000
1 428 495 177 1000
1 428 496 177 1000
1 428 497 177 1000
1 428 498 177 1000
1 428 499 177 1000
1 428 500 177 1000
1 428 501 177 1000
1 428 502 177 1000
1 428 503 177 1000
1 428 504 177 1000
1 428 505 177 1000
1 428 506 177 1000
1 428 507 177 1000
1 428 508 177 1000
1 428 509 177 1000
1 428 510 177 1000
1 428 511 177 1000
1 428 512 177 1000
1 428 513 177 1000
1 428 514 177 1000
1 428 515 177 1000
1 428 516 177 1000
1 428 517 177 1000
1 428 518 177 1000
1 428 519 177 1000
1 428 520 177 1000
1 428 521 177 1000
1 428 522 177 1000
1 428 523 177 1000
1 428 524 177 1000
1 428 525 177 1000
1 428 526 177 1000
1 428 527 177 1000
1 428 528 177 1000
1 429 300 177 1000
1 429 301 177 1000
1 429 302 177 1000
1 429 303 177 1000
1 429 304 177 1000
1 429 305 177 1000
1 429 306 177 1000
1 429 307 177 1000
1 429 308 177 1000
1 429 309 177 1000
1 429 310 177 1000
1 429 311 177 1000
1 429 312 177 1000
1 429 313 177 1000
1 429 314 177 1000
1 429 315 177 1000
1 429 316 177 1000
1 429 317 177 1000
1 429 318 177 1000
1 429 319 177 1000
1 429 320 177 1000
1 429 321 177 1000
1 429 322 177 1000
1 429 323 177 1000
1 429 324 177 1000
1 429 325 177 1000
1 429 326 177 1000
1 429 327 177 1000
1 429 328 177 1000
1 429 329 177 1000
1 429 330 177 1000
1 429 331 177 1000
1 429 332 177 1000
1 429 333 177 1000
1 429 334 177 1000
1 429 335 177 1000
1 429 336 177 1000
1 429 337 177 1000
1 429 338 177 1000
1 429 339 177 1000
1 429 340 177 1000
1 429 341 177 1000
1 429 490 177 1000
1 429 491 177 1000
1 429 492 177 1000
1 429 493 177 1000
1 429 494 177 1000
1 429 495 177 1000
1 429 496 177 1000
1 429 497 177 1000
1 429 498 177 1000
1 429 499 177 1000
1 429 500 177 1000
1 429 501 177 1000
1 429 502 177 1000
1 429 503 177 1000
1 429 504 177 1000
1 429 505 177 1000
1 429 506 177 1000
1 429 507 177 1000
1 429 508 177 1000
1 429 509 177 1000
1 429 510 177 1000
1 429 511 177 1000
1 429 512 177 1000
1 429 513 177 1000
1 429 514 177 1000
1 429 515 177 1000
1 429 516 177 1000
1 429 517 177 1000
1 429 518 177 1000
1 429 519 177 1000
1 429 520 177 1000
1 429 521 177 1000
1 429 522 177 1000
1 429 523 177 1000
1 429 524 177 1000
1 429 525 177 1000
1 429 526 177 1000
1 429 527 177 1000
1 430 301 177 1000
1 430 302 177 1000
1 430 303 177 1000
1 430 304 177 1000
1 430 305 177 1000
1 430 306 177 1000
1 430 307 177 1000
1 430 308 177 1000
1 430 309 177 1000
1 430 310 177 1000
1 430 311 177 1000
1 430 312 177 1000
1 430 313 177 1000
1 430 314 177 1000
1 430 315 177 1000
1 430 316 177 1000
1 430 317 177 1000
1 430 318 177 1000
1 430 319 177 1000
1 430 320 177 1000
1 430 321 177 1000
1 430 322 177 1000
1 430 323 177 1000
1 430 324 177 1000
1 430 325 177 1000
1 430 326 177 1000
1 430 327 177 1000
1 430 328 177 1000
1 430 329 177 1000
1 430 330 177 1000
1 430 331 177 1000
1 430 332 177 1000
1 430 333 177 1000
1 430 334 177 1000
1 430 335 177 1000
1 430 336 177 1000
1 430 337 177 1000
1 430 338 177 1000
1 430 339 177 1000
1 430 340 177 1000
1 430 341 177 1000
1 430 342 177 1000
1 430 487 177 1000
1 430 488 177 1000
1 430 489 177 1000
1 430 490 177 1000
1 430 491 177 1000
1 430 492 177 1000
1 430 493 177 1000
1 430 494 177 1000
1 430 495 177 1000
1 430 496 177 1000
1 430 497 177 1000
1 430 498 177 1000
1 430 499 177 1000
1 430 500 177 1000
1 430 501 177 1000
1 430 502 177 1000
1 430 503 177 1000
1 430 504 177 1000
1 430 505 177 1000
1 430 506 177 1000
1 430 507 177 1000
1 430 508 177 1000
1 430 509 177 1000
1 430 510 177 1000
1 430 511 177 1000
1 430 512 177 1000
1 430 513 177 1000
1 430 514 177 1000
1 430 515 177 1000
1 430 516 177 1000
1 430 517 177 1000
1 430 518 177 1000
1 430 519 177 1000
1 430 520 177 1000
1 430 521 177 1000
1 430 522 177 1000
1 430 523 177 1000
1 430 524 177 1000
1 430 525 177 1000
1 431 302 177 1000
1 431 303 177 1000
1 431 304 177 1000
1 431 305 177 1000
1 431 306 177 1000
1 431 307 177 1000
1 431 308 177 1000
1 431 309 177 1000
1 431 310 177 1000
1 431 311 177 1000
1 431 312 177 1000
1 431 313 177 1000
1 431 314 177 1000
1 431 315 177 1000
1 431 316 177 1000
1 431 317 177 1000
1 431 318 177 1000
1 431 319 177 1000
1 431 320 177 1000
1 431 321 177 1000
1 431 322 177 1000
1 431 323 177 1000
1 431 324 177 1000
1 431 325 177 1000
1 431 326 177 1000
1 431 327 177 1000
1 431 328 177 1000
1 431 329 177 1000
1 431 330 177 1000
1 431 331 177 1000
1 431 332 177 1000
1 431 333 177 1000
1 431 334 177 1000
1 431 335 177 1000
1 431 336 177 1000
1 431 337 177 1000
1 431 338 177 1000
1 431 339 177 1000
1 431 340 177 1000
1 431 341 177 1000
1 431 342 177 1000
1 431 343 177 1000
1 431 485 177 1000
1 431 486 177 1000
1 431 487 177 1000
1 431 488 177 1000
1 431 489 177 1000
1 431 490 177 1000
1 431 491 177 1000
1 431 492 177 1000
1 431 493 177 1000
1 431 494 177 1000
1 431 495 177 1000
1 431 496 177 1000
1 431 497 177 1000
1 431 498 177 1000
1 431 499 177 1000
1 431 500 177 1000
1 431 501 177 1000
1 431 502 177 1000
1 431 503 177 1000
1 431 504 177 1000
1 431 505 177 1000
1 431 506 177 1000
1 431 507 177 1000
1 431 508 177 1000
1 431 509 177 1000
1 431 510 177 1000
1 431 511 177 1000
1 431 512 177 1000
1 431 513 177 1000
1 431 514 177 1000
1 431 515 177 1000
1 431 516 177 1000
1 431 517 177 1000
1 431 518 177 1000
1 431 519 177 1000
1 431 520 177 1000
1 431 521 177 1000
1 431 522 177 1000
1 431 523 177 1000
1 431 524 177 1000
1 432 302 177 1000
1 432 303 177 1000
1 432 304 177 1000
1 432 305 177 1000
1 432 306 177 1000
1 432 307 177 1000
1 432 308 177 1000
1 432 309 177 1000
1 432 310 177 1000
1 432 311 177 1000
1 432 312 177 1000
1 432 313 177 1000
1 432 314 177 1000
1 432 315 177 1000
1 432 316 177 1000
1 432 317 177 1000
1 432 318 177 1000
1 432 319 177 1000
1 432 320 177 1000
1 432 321 177 1000
1 432 322 177 1000
1 432 323 177 1000
1 432 324 177 1000
1 432 325 177 1000
1 432 326 177 1000
1 432 327 177 1000
1 432 328 177 1000
1 432 329 177 1000
1 432 330 177 1000
1 432 331 177 1000
1 432 332 177 1000
1 432 333 177 1000
1 432 334 177 1000
1 432 335 177 1000
1 432 336 177 1000
1 432 337 177 1000
1 432 338 177 1000
1 432 339 177 1000
1 432 340 177 1000
1 432 341 177 1000
1 432 342 177 1000
1 432 343 177 1000
1 432 344 177 1000
1 432 345 177 1000
1 432 482 177 1000
1 432 483 177 1000
1 432 484 177 1000
1 432 485 177 1000
1 432 486 177 1000
1 432 487 177 1000
1 432 488 177 1000
1 432 489 177 1000
1 432 490 177 1000
1 432 491 177 1000
1 432 492 177 1000
1 432 493 177 1000
1 432 494 177 1000
1 432 495 177 1000
1 432 496 177 1000
1 432 497 177 1000
1 432 498 177 1000
1 432 499 177 1000
1 432 500 177 1000
1 432 501 177 1000
1 432 502 177 1000
1 432 503 177 1000
1 432 504 177 1000
1 432 505 177 1000
1 432 506 177 1000
1 432 507 177 1000
1 432 508 177 1000
1 432 509 177 1000
1 432 510 177 1000
1 432 511 177 1000
1 432 512 177 1000
1 432 513 177 1000
1 432 514 177 1000
1 432 515 177 1000
1 432 516 177 1000
1 432 517 177 1000
1 432 518 177 1000
1 432 519 177 1000
1 432 520 177 1000
1 432 521 177 1000
1 432 522 177 1000
1 433 302 177 1000
1 433 303 177 1000
1 433 304 177 1000
1 433 305 177 1000
1 433 306 177 1000
1 433 307 177 1000
1 433 308 177 1000
1 433 309 177 1000
1 433 310 177 1000
1 433 311 177 1000
1 433 312 177 1000
1 433 313 177 1000
1 433 314 177 1000
1 433 315 177 1000
1 433 316 177 1000
1 433 317 177 1000
1 433 318 177 1000
1 433 319 177 1000
1 433 320 177 1000
1 433 321 177 1000
1 433 322 177 1000
1 433 323 177 1000
1 433 324 177 1000
1 433 325 177 1000
1 433 326 177 1000
1 433 327 177 1000
1 433 328 177 1000
1 433 329 177 1000
1 433 330 177 1000
1 433 331 177 1000
1 433 332 177 1000
1 433 333 177 1000
1 433 334 177 1000
1 433 335 177 1000
1 433 336 177 1000
1 433 337 177 1000
1 433 338 177 1000
1 433 339 177 1000
1 433 340 177 1000
1 433 341 177 1000
1 433 342 177 1000
1 433 343 177 1000
1 433 344 177 1000
1 433 345 177 1000
1 433 346 177 1000
1 433 480 177 1000
1 433 481 177 1000
1 433 482 177 1000
1 433 483 177 1000
1 433 484 177 1000
1 433 485 177 1000
1 433 486 177 1000
1 433 487 177 1000
1 433 488 177 1000
1 433 489 177 1000
1 433 490 177 1000
1 433 491 177 1000
1 433 492 177 1000
1 433 493 177 1000
1 433 494 177 1000
1 433 495 177 1000
1 433 496 177 1000
1 433 497 177 1000
1 433 498 177 1000
1 433 499 177 1000
1 433 500 177 1000
1 433 501 177 1000
1 433 502 177 1000
1 433 503 177 1000
1 433 504 177 1000
1 433 505 177 1000
1 433 506 177 1000
1 433 507 177 1000
1 433 508 177 1000
1 433 509 177 1000
1 433 510 177 1000
1 433 511 177 1000
1 433 512 177 1000
1 433 513 177 1000
1 433 514 177 1000
1 433 515 177 1000
1 433 516 177 1000
1 433 517 177 1000
1 433 518 177 1000
1 433 519 177 1000
1 433 520 177 1000
1 433 521 177 1000
1 434 302 177 1000
1 434 303 177 1000
1 434 304 177 1000
1 434 305 177 1000
1 434 306 177 1000
1 434 307 177 1000
1 434 308 177 1000
1 434 309 177 1000
1 434 310 177 1000
1 434 311 177 1000
1 434 312 177 1000
1 434 313 177 1000
1 434 314 177 1000
1 434 315 177 1000
1 434 316 177 1000
1 434 317 177 1000
1 434 318 177 1000
1 434 319 177 1000
1 434 320 177 1000
1 434 321 177 1000
1 434 322 177 1000
1 434 323 177 1000
1 434 324 177 1000
1 434 325 177 1000
1 434 326 177 1000
1 434 327 177 1000
1 434 328 177 1000
1 434 329 177 1000
1 434 330 177 1000
1 434 331 177 1000
1 434 332 177 1000
1 434 333 177 1000
1 434 334 177 1000
1 434 335 177 1000
1 434 336 177 1000
1 434 337 177 1000
1 434 338 177 1000
1 434 339 177 1000
1 434 340 177 1000
1 434 341 177 1000
1 434 342 177 1000
1 434 343 177 1000
1 434 344 177 1000
1 434 345 177 1000
1 434 346 177 1000
1 434 347 177 1000
1 434 477 177 1000
1 434 478 177 1000
1 434 479 177 1000
1 434 480 177 1000
1 434 481 177 1000
1 434 482 177 1000
1 434 483 177 1000
1 434 484 177 1000
1 434 485 177 1000
1 434 486 177 1000
1 434 487 177 1000
1 434 488 177 1000
1 434 489 177 1000
1 434 490 177 1000
1 434 491 177 1000
1 434 492 177 1000
1 434 493 177 1000
1 434 494 177 1000
1 434 495 177 1000
1 434 496 177 1000
1 434 497 177 1000
1 434 498 177 1000
1 434 499 177 1000
1 434 500 177 1000
1 434 501 177 1000
1 434 502 177 1000
1 434 503 177 1000
1 434 504 177 1000
1 434 505 177 1000
1 434 506 177 1000
1 434 507 177 1000
1 434 508 177 1000
1 434 509 177 1000
1 434 510 177 1000
1 434 511 177 1000
1 434 512 177 1000
1 434 513 177 1000
1 434 514 177 1000
1 434 515 177 1000
1 434 516 177 1000
1 434 517 177 1000
1 434 518 177 1000
1 434 519 177 1000
1 435 301 177 1000
1 435 302 177 1000
1 435 303 177 1000
1 435 304 177 1000
1 435 305 177 1000
1 435 306 177 1000
1 435 307 177 1000
1 435 308 177 1000
1 435 309 177 1000
1 435 310 177 1000
1 435 311 177 1000
1 435 312 177 1000
1 435 313 177 1000
1 435 314 177 1000
1 435 315 177 1000
1 435 316 177 1000
1 435 317 177 1000
1 435 318 177 1000
1 435 319 177 1000
1 435 320 177 1000
1 435 321 177 1000
1 435 322 177 1000
1 435 323 177 1000
1 435 324 177 1000
1 435 325 177 1000
1 435 326 177 1000
1 435 327 177 1000
1 435 328 177 1000
1 435 329 177 1000
1 435 330 177 1000
1 435 331 177 1000
1 435 332 177 1000
1 435 333 177 1000
1 435 334 177 1000
1 435 335 177 1000
1 435 336 177 1000
1 435 337 177 1000
1 435 338 177 1000
1 435 339 177 1000
1 435 340 177 1000
1 435 341 177 1000
1 435 342 177 1000
1 435 343 177 1000
1 435 344 177 1000
1 435 345 177 1000
1 435 346 177 1000
1 435 347 177 1000
1 435 348 177 1000
1 435 475 177 1000
1 435 476 177 1000
1 435 477 177 1000
1 435 478 177 1000
1 435 479 177 1000
1 435 480 177 1000
1 435 481 177 1000
1 435 482 177 1000
1 435 483 177 1000
1 435 484 177 1000
1 435 485 177 1000
1 435 486 177 1000
1 435 487 177 1000
1 435 488 177 1000
1 435 489 177 1000
1 435 490 177 1000
1 435 491 177 1000
1 435 492 177 1000
1 435 493 177 1000
1 435 494 177 1000
1 435 495 177 1000
1 435 496 177 1000
1 435 497 177 1000
1 435 498 177 1000
1 435 499 177 1000
1 435 500 177 1000
1 435 501 177 1000
1 435 502 177 1000
1 435 503 177 1000
1 435 504 177 1000
1 435 505 177 1000
1 435 506 177 1000
1 435 507 177 1000
1 435 508 177 1000
1 435 509 177 1000
1 435 510 177 1000
1 435 511 177 1000
1 435 512 177 1000
1 435 513 177 1000
1 435 514 177 1000
1 435 515 177 1000
1 435 516 177 1000
1 435 517 177 1000
1 435 518 177 1000
1 436 301 177 1000
1 436 302 177 1000
1 436 303 177 1000
1 436 304 177 1000
1 436 305 177 1000
1 436 306 177 1000
1 436 307 177 1000
1 436 308 177 1000
1 436 309 177 1000
1 436 310 177 1000
1 436 311 177 1000
1 436 312 177 1000
1 436 313 177 1000
1 436 314 177 1000
1 436 315 177 1000
1 436 316 177 1000
1 436 317 177 1000
1 436 318 177 1000
1 436 319 177 1000
1 436 320 177 1000
1 436 321 177 1000
1 436 322 177 1000
1 436 323 177 1000
1 436 324 177 1000
1 436 325 177 1000
1 436 326 177 1000
1 436 327 177 1000
1 436 328 177 1000
1 436 329 177 1000
1 436 330 177 1000
1 436 331 177 1000
1 436 332 177 1000
1 436 333 177 1000
1 436 334 177 1000
1 436 335 177 1000
1 436 336 177 1000
1 436 337 177 1000
1 436 338 177 1000
1 436 339 177 1000
1 436 340 177 1000
1 436 341 177 1000
1 436 342 177 1000
1 436 343 177 1000
1 436 344 177 1000
1 436 345 177 1000
1 436 346 177 1000
1 436 347 177 1000
1 436 348 177 1000
1 436 349 177 1000
1 436 350 177 1000
1 436 472 177 1000
1 436 473 177 1000
1 436 474 177 1000
1 436 475 177 1000
1 436 476 177 1000
1 436 477 177 1000
1 436 478 177 1000
1 436 479 177 1000
1 436 480 177 1000
1 436 481 177 1000
1 436 482 177 1000
1 436 483 177 1000
1 436 484 177 1000
1 436 485 177 1000
1 436 486 177 1000
1 436 487 177 1000
1 436 488 177 1000
1 436 489 177 1000
1 436 490 177 1000
1 436 491 177 1000
1 436 492 177 1000
1 436 493 177 1000
1 436 494 177 1000
1 436 495 177 1000
1 436 496 177 1000
1 436 497 177 1000
1 436 498 177 1000
1 436 499 177 1000
1 436 500 177 1000
1 436 501 177 1000
1 436 502 177 1000
1 436 503 177 1000
1 436 504 177 1000
1 436 505 177 1000
1 436 506 177 1000
1 436 507 177 1000
1 436 508 177 1000
1 436 509 177 1000
1 436 510 177 1000
1 436 511 177 1000
1 436 512 177 1000
1 436 513 177 1000
1 436 514 177 1000
1 436 515 177 1000
1 436 516 177 1000
1 437 301 177 1000
1 437 302 177 1000
1 437 303 177 1000
1 437 304 177 1000
1 437 305 177 1000
1 437 306 177 1000
1 437 307 177 1000
1 437 308 177 1000
1 437 309 177 1000
1 437 310 177 1000
1 437 311 177 1000
1 437 312 177 1000
1 437 313 177 1000
1 437 314 177 1000
1 437 315 177 1000
1 437 316 177 1000
1 437 317 177 1000
1 437 318 177 1000
1 437 319 177 1000
1 437 320 177 1000
1 437 321 177 1000
1 437 322 177 1000
1 437 323 177 1000
1 437 324 177 1000
1 437 325 177 1000
1 437 326 177 1000
1 437 327 177 1000
1 437 328 177 1000
1 437 329 177 1000
1 437 330 177 1000
1 437 331 177 1000
1 437 332 177 1000
1 437 333 177 1000
1 437 334 177 1000
1 437 335 177 1000
1 437 336 177 1000
1 437 337 177 1000
1 437 338 177 1000
1 437 339 177 1000
1 437 340 177 1000
1 437 341 177 1000
1 437 342 177 1000
1 437 343 177 1000
1 437 344 177 1000
1 437 345 177 1000
1 437 346 177 1000
1 437 347 177 1000
1 437 348 177 1000
1 437 349 177 1000
1 437 350 177 1000
1 437 351 177 1000
1 437 469 177 1000
1 437 470 177 1000
1 437 471 177 1000
1 437 472 177 1000
1 437 473 177 1000
1 437 474 177 1000
1 437 475 177 1000
1 437 476 177 1000
1 437 477 177 1000
1 437 478 177 1000
1 437 479 177 1000
1 437 480 177 1000
1 437 481 177 1000
1 437 482 177 1000
1 437 483 177 1000
1 437 484 177 1000
1 437 485 177 1000
1 437 486 177 1000
1 437 487 177 1000
1 437 488 177 1000
1 437 489 177 1000
1 437 490 177 1000
1 437 491 177 1000
1 437 492 177 1000
1 437 493 177 1000
1 437 494 177 1000
1 437 495 177 1000
1 437 496 177 1000
1 437 497 177 1000
1 437 498 177 1000
1 437 499 177 1000
1 437 500 177 1000
1 437 501 177 1000
1 437 502 177 1000
1 437 503 177 1000
1 437 504 177 1000
1 437 505 177 1000
1 437 506 177 1000
1 437 507 177 1000
1 437 508 177 1000
1 437 509 177 1000
1 437 510 177 1000
1 437 511 177 1000
1 437 512 177 1000
1 437 513 177 1000
1 437 514 177 1000
1 438 301 177 1000
1 438 302 177 1000
1 438 303 177 1000
1 438 304 177 1000
1 438 305 177 1000
1 438 306 177 1000
1 438 307 177 1000
1 438 308 177 1000
1 438 309 177 1000
1 438 310 177 1000
1 438 311 177 1000
1 438 312 177 1000
1 438 313 177 1000
1 438 314 177 1000
1 438 315 177 1000
1 438 316 177 1000
1 438 317 177 1000
1 438 318 177 1000
1 438 319 177 1000
1 438 320 177 1000
1 438 321 177 1000
1 438 322 177 1000
1 438 323 177 1000
1 438 324 177 1000
1 438 325 177 1000
1 438 326 177 1000
1 438 327 177 1000
1 438 328 177 1000
1 438 329 177 1000
1 438 330 177 1000
1 438 331 177 1000
1 438 332 177 1000
1 438 333 177 1000
1 438 334 177 1000
1 438 335 177 1000
1 438 336 177 1000
1 438 337 177 1000
1 438 338 177 1000
1 438 339 177 1000
1 438 340 177 1000
1 438 341 177 1000
1 438 342 177 1000
1 438 343 177 1000
1 438 344 177 1000
1 438 345 177 1000
1 438 346 177 1000
1 438 347 177 1000
1 438 348 177 1000
1 438 349 177 1000
1 438 350 177 1000
1 438 351 177 1000
1 438 352 177 1000
1 438 467 177 1000
1 438 468 177 1000
1 438 469 177 1000
1 438 470 177 1000
1 438 471 177 1000
1 438 472 177 1000
1 438 473 177 1000
1 438 474 177 1000
1 438 475 177 1000
1 438 476 177 1000
1 438 477 177 1000
1 438 478 177 1000
1 438 479 177 1000
1 438 480 177 1000
1 438 481 177 1000
1 438 482 177 1000
1 438 483 177 1000
1 438 484 177 1000
1 438 485 177 1000
1 438 486 177 1000
1 438 487 177 1000
1 438 488 177 1000
1 438 489 177 1000
1 438 490 177 1000
1 438 491 177 1000
1 438 492 177 1000
1 438 493 177 1000
1 438 494 177 1000
1 438 495 177 1000
1 438 496 177 1000
1 438 497 177 1000
1 438 498 177 1000
1 438 499 177 1000
1 438 500 177 1000
1 438 501 177 1000
1 438 502 177 1000
1 438 503 177 1000
1 438 504 177 1000
1 438 505 177 1000
1 438 506 177 1000
1 438 507 177 1000
1 438 508 177 1000
1 438 509 177 1000
1 438 510 177 1000
1 438 511 177 1000
1 438 512 177 1000
1 438 513 177 1000
1 439 301 177 1000
1 439 302 177 1000
1 439 303 177 1000
1 439 304 177 1000
1 439 305 177 1000
1 439 306 177 1000
1 439 307 177 1000
1 439 308 177 1000
1 439 309 177 1000
1 439 310 177 1000
1 439 311 177 1000
1 439 312 177 1000
1 439 313 177 1000
1 439 314 177 1000
1 439 315 177 1000
1 439 316 177 1000
1 439 317 177 1000
1 439 318 177 1000
1 439 319 177 1000
1 439 320 177 1000
1 439 321 177 1000
1 439 322 177 1000
1 439 323 177 1000
1 439 324 177 1000
1 439 325 177 1000
1 439 326 177 1000
1 439 327 177 1000
1 439 328 177 1000
1 439 329 177 1000
1 439 330 177 1000
1 439 331 177 1000
1 439 332 177 1000
1 439 333 177 1000
1 439 334 177 1000
1 439 335 177 1000
1 439 336 177 1000
1 439 337 177 1000
1 439 338 177 1000
1 439 339 177 1000
1 439 340 177 1000
1 439 341 177 1000
1 439 342 177 1000
1 439 343 177 1000
1 439 344 177 1000
1 439 345 177 1000
1 439 346 177 1000
1 439 347 177 1000
1 439 348 177 1000
1 439 349 177 1000
1 439 350 177 1000
1 439 351 177 1000
1 439 352 177 1000
1 439 353 177 1000
1 439 464 177 1000
1 439 465 177 1000
1 439 466 177 1000
1 439 467 177 1000
1 439 468 177 1000
1 439 469 177 1000
1 439 470 177 1000
1 439 471 177 1000
1 439 472 177 1000
1 439 473 177 1000
1 439 474 177 1000
1 439 475 177 1000
1 439 476 177 1000
1 439 477 177 1000
1 439 478 177 1000
1 439 479 177 1000
1 439 480 177 1000
1 439 481 177 1000
1 439 482 177 1000
1 439 483 177 1000
1 439 484 177 1000
1 439 485 177 1000
1 439 486 177 1000
1 439 487 177 1000
1 439 488 177 1000
1 439 489 177 1000
1 439 490 177 1000
1 439 491 177 1000
1 439 492 177 1000
1 439 493 177 1000
1 439 494 177 1000
1 439 495 177 1000
1 439 496 177 1000
1 439 497 177 1000
1 439 498 177 1000
1 439 499 177 1000
1 439 500 177 1000
1 439 501 177 1000
1 439 502 177 1000
1 439 503 177 1000
1 439 504 177 1000
1 439 505 177 1000
1 439 506 177 1000
1 439 507 177 1000
1 439 508 177 1000
1 439 509 177 1000
1 439 510 177 1000
1 439 511 177 1000
1 440 302 177 1000
1 440 303 177 1000
1 440 304 177 1000
1 440 305 177 1000
1 440 306 177 1000
1 440 307 177 1000
1 440 308 177 1000
1 440 309 177 1000
1 440 310 177 1000
1 440 311 177 1000
1 440 312 177 1000
1 440 313 177 1000
1 440 314 177 1000
1 440 315 177 1000
1 440 316 177 1000
1 440 317 177 1000
1 440 318 177 1000
1 440 319 177 1000
1 440 320 177 1000
1 440 321 177 1000
1 440 322 177 1000
1 440 323 177 1000
1 440 324 177 1000
1 440 325 177 1000
1 440 326 177 1000
1 440 327 177 1000
1 440 328 177 1000
1 440 329 177 1000
1 440 330 177 1000
1 440 331 177 1000
1 440 332 177 1000
1 440 333 177 1000
1 440 334 177 1000
1 440 335 177 1000
1 440 336 177 1000
1 440 337 177 1000
1 440 338 177 1000
1 440 339 177 1000
1 440 340 177 1000
1 440 341 177 1000
1 440 342 177 1000
1 440 343 177 1000
1 440 344 177 1000
1 440 345 177 1000
1 440 346 177 1000
1 440 347 177 1000
1 440 348 177 1000
1 440 349 177 1000
1 440 350 177 1000
1 440 351 177 1000
1 440 352 177 1000
1 440 353 177 1000
1 440 354 177 1000
1 440 355 177 1000
1 440 462 177 1000
1 440 463 177 1000
1 440 464 177 1000
1 440 465 177 1000
1 440 466 177 1000
1 440 467 177 1000
1 440 468 177 1000
1 440 469 177 1000
1 440 470 177 1000
1 440 471 177 1000
1 440 472 177 1000
1 440 473 177 1000
1 440 474 177 1000
1 440 475 177 1000
1 440 476 177 1000
1 440 477 177 1000
1 440 478 177 1000
1 440 479 177 1000
1 440 480 177 1000
1 440 481 177 1000
1 440 482 177 1000
1 440 483 177 1000
1 440 484 177 1000
1 440 485 177 1000
1 440 486 177 1000
1 440 487 177 1000
1 440 488 177 1000
1 440 489 177 1000
1 440 490 177 1000
1 440 491 177 1000
1 440 492 177 1000
1 440 493 177 1000
1 440 494 177 1000
1 440 495 177 1000
1 440 496 177 1000
1 440 497 177 1000
1 440 498 177 1000
1 440 499 177 1000
1 440 500 177 1000
1 440 501 177 1000
1 440 502 177 1000
1 440 503 177 1000
1 440 504 177 1000
1 440 505 177 1000
1 440 506 177 1000
1 440 507 177 1000
1 440 508 177 1000
1 440 509 177 1000
1 440 510 177 1000
1 441 306 177 1000
1 441 307 177 1000
1 441 308 177 1000
1 441 309 177 1000
1 441 310 177 1000
1 441 311 177 1000
1 441 312 177 1000
1 441 313 177 1000
1 441 314 177 1000
1 441 315 177 1000
1 441 316 177 1000
1 441 317 177 1000
1 441 318 177 1000
1 441 319 177 1000
1 441 320 177 1000
1 441 321 177 1000
1 441 322 177 1000
1 441 323 177 1000
1 441 324 177 1000
1 441 325 177 1000
1 441 326 177 1000
1 441 327 177 1000
1 441 328 177 1000
1 441 329 177 1000
1 441 330 177 1000
1 441 331 177 1000
1 441 332 177 1000
1 441 333 177 1000
1 441 334 177 1000
1 441 335 177 1000
1 441 336 177 1000
1 441 337 177 1000
1 441 338 177 1000
1 441 339 177 1000
1 441 340 177 1000
1 441 341 177 1000
1 441 342 177 1000
1 441 343 177 1000
1 441 344 177 1000
1 441 345 177 1000
1 441 346 177 1000
1 441 347 177 1000
1 441 348 177 1000
1 441 349 177 1000
1 441 350 177 1000
1 441 351 177 1000
1 441 352 177 1000
1 441 353 177 1000
1 441 354 177 1000
1 441 355 177 1000
1 441 356 177 1000
1 441 459 177 1000
1 441 460 177 1000
1 441 461 177 1000
1 441 462 177 1000
1 441 463 177 1000
1 441 464 177 1000
1 441 465 177 1000
1 441 466 177 1000
1 441 467 177 1000
1 441 468 177 1000
1 441 469 177 1000
1 441 470 177 1000
1 441 471 177 1000
1 441 472 177 1000
1 441 473 177 1000
1 441 474 177 1000
1 441 475 177 1000
1 441 476 177 1000
1 441 477 177 1000
1 441 478 177 1000
1 441 479 177 1000
1 441 480 177 1000
1 441 481 177 1000
1 441 482 177 1000
1 441 483 177 1000
1 441 484 177 1000
1 441 485 177 1000
1 441 486 177 1000
1 441 487 177 1000
1 441 488 177 1000
1 441 489 177 1000
1 441 490 177 1000
1 441 491 177 1000
1 441 492 177 1000
1 441 493 177 1000
1 441 494 177 1000
1 441 495 177 1000
1 441 496 177 1000
1 441 497 177 1000
1 441 498 177 1000
1 441 499 177 1000
1 441 500 177 1000
1 441 501 177 1000
1 441 502 177 1000
1 441 503 177 1000
1 441 504 177 1000
1 441 505 177 1000
1 441 506 177 1000
1 441 507 177 1000
1 441 508 177 1000
1 442 307 177 1000
1 442 308 177 1000
1 442 309 177 1000
1 442 310 177 1000
1 442 311 177 1000
1 442 312 177 1000
1 442 313 177 1000
1 442 314 177 1000
1 442 315 177 1000
1 442 316 177 1000
1 442 317 177 1000
1 442 318 177 1000
1 442 319 177 1000
1 442 320 177 1000
1 442 321 177 1000
1 442 322 177 1000
1 442 323 177 1000
1 442 324 177 1000
1 442 325 177 1000
1 442 326 177 1000
1 442 327 177 1000
1 442 328 177 1000
1 442 329 177 1000
1 442 330 177 1000
1 442 331 177 1000
1 442 332 177 1000
1 442 333 177 1000
1 442 334 177 1000
1 442 335 177 1000
1 442 336 177 1000
1 442 337 177 1000
1 442 338 177 1000
1 442 339 177 1000
1 442 340 177 1000
1 442 341 177 1000
1 442 342 177 1000
1 442 343 177 1000
1 442 344 177 1000
1 442 345 177 1000
1 442 346 177 1000
1 442 347 177 1000
1 442 348 177 1000
1 442 349 177 1000
1 442 350 177 1000
1 442 351 177 1000
1 442 352 177 1000
1 442 353 177 1000
1 442 354 177 1000
1 442 355 177 1000
1 442 356 177 1000
1 442 357 177 1000
1 442 457 177 1000
1 442 458 177 1000
1 442 459 177 1000
1 442 460 177 1000
1 442 461 177 1000
1 442 462 177 1000
1 442 463 177 1000
1 442 464 177 1000
1 442 465 177 1000
1 442 466 177 1000
1 442 467 177 1000
1 442 468 177 1000
1 442 469 177 1000
1 442 470 177 1000
1 442 471 177 1000
1 442 472 177 1000
1 442 473 177 1000
1 442 474 177 1000
1 442 475 177 1000
1 442 476 177 1000
1 442 477 177 1000
1 442 478 177 1000
1 442 479 177 1000
1 442 480 177 1000
1 442 481 177 1000
1 442 482 177 1000
1 442 483 177 1000
1 442 484 177 1000
1 442 485 177 1000
1 442 486 177 1000
1 442 487 177 1000
1 442 488 177 1000
1 442 489 177 1000
1 442 490 177 1000
1 442 491 177 1000
1 442 492 177 1000
1 442 493 177 1000
1 442 494 177 1000
1 442 495 177 1000
1 442 496 177 1000
1 442 497 177 1000
1 442 498 177 1000
1 442 499 177 1000
1 442 500 177 1000
1 442 501 177 1000
1 442 502 177 1000
1 442 503 177 1000
1 442 504 177 1000
1 442 505 177 1000
1 442 506 177 1000
1 443 306 177 1000
1 443 307 177 1000
1 443 308 177 1000
1 443 309 177 1000
1 443 310 177 1000
1 443 311 177 1000
1 443 312 177 1000
1 443 313 177 1000
1 443 314 177 1000
1 443 315 177 1000
1 443 316 177 1000
1 443 317 177 1000
1 443 318 177 1000
1 443 319 177 1000
1 443 320 177 1000
1 443 321 177 1000
1 443 322 177 1000
1 443 323 177 1000
1 443 324 177 1000
1 443 325 177 1000
1 443 326 177 1000
1 443 327 177 1000
1 443 328 177 1000
1 443 329 177 1000
1 443 330 177 1000
1 443 331 177 1000
1 443 332 177 1000
1 443 333 177 1000
1 443 334 177 1000
1 443 335 177 1000
1 443 336 177 1000
1 443 337 177 1000
1 443 338 177 1000
1 443 339 177 1000
1 443 340 177 1000
1 443 341 177 1000
1 443 342 177 1000
1 443 343 177 1000
1 443 344 177 1000
1 443 345 177 1000
1 443 346 177 1000
1 443 347 177 1000
1 443 348 177 1000
1 443 349 177 1000
1 443 350 177 1000
1 443 351 177 1000
1 443 352 177 1000
1 443 353 177 1000
1 443 354 177 1000
1 443 355 177 1000
1 443 356 177 1000
1 443 357 177 1000
1 443 358 177 1000
1 443 454 177 1000
1 443 455 177 1000
1 443 456 177 1000
1 443 457 177 1000
1 443 458 177 1000
1 443 459 177 1000
1 443 460 177 1000
1 443 461 177 1000
1 443 462 177 1000
1 443 463 177 1000
1 443 464 177 1000
1 443 465 177 1000
1 443 466 177 1000
1 443 467 177 1000
1 443 468 177 1000
1 443 469 177 1000
1 443 470 177 1000
1 443 471 177 1000
1 443 472 177 1000
1 443 473 177 1000
1 443 474 177 1000
1 443 475 177 1000
1 443 476 177 1000
1 443 477 177 1000
1 443 478 177 1000
1 443 479 177 1000
1 443 480 177 1000
1 443 481 177 1000
1 443 482 177 1000
1 443 483 177 1000
1 443 484 177 1000
1 443 485 177 1000
1 443 486 177 1000
1 443 487 177 1000
1 443 488 177 1000
1 443 489 177 1000
1 443 490 177 1000
1 443 491 177 1000
1 443 492 177 1000
1 443 493 177 1000
1 443 494 177 1000
1 443 495 177 1000
1 443 496 177 1000
1 443 497 177 1000
1 443 498 177 1000
1 443 499 177 1000
1 443 500 177 1000
1 443 501 177 1000
1 443 502 177 1000
1 443 503 177 1000
1 443 504 177 1000
1 444 307 177 1000
1 444 308 177 1000
1 444 309 177 1000
1 444 310 177 1000
1 444 311 177 1000
1 444 312 177 1000
1 444 313 177 1000
1 444 314 177 1000
1 444 315 177 1000
1 444 316 177 1000
1 444 317 177 1000
1 444 318 177 1000
1 444 319 177 1000
1 444 320 177 1000
1 444 321 177 1000
1 444 322 177 1000
1 444 323 177 1000
1 444 324 177 1000
1 444 325 177 1000
1 444 326 177 1000
1 444 327 177 1000
1 444 328 177 1000
1 444 329 177 1000
1 444 330 177 1000
1 444 331 177 1000
1 444 332 177 1000
1 444 333 177 1000
1 444 334 177 1000
1 444 335 177 1000
1 444 336 177 1000
1 444 337 177 1000
1 444 338 177 1000
1 444 339 177 1000
1 444 340 177 1000
1 444 341 177 1000
1 444 342 177 1000
1 444 343 177 1000
1 444 344 177 1000
1 444 345 177 1000
1 444 346 177 1000
1 444 347 177 1000
1 444 348 177 1000
1 444 349 177 1000
1 444 350 177 1000
1 444 351 177 1000
1 444 352 177 1000
1 444 353 177 1000
1 444 354 177 1000
1 444 355 177 1000
1 444 356 177 1000
1 444 357 177 1000
1 444 358 177 1000
1 444 359 177 1000
1 444 360 177 1000
1 444 452 177 1000
1 444 453 177 1000
1 444 454 177 1000
1 444 455 177 1000
1 444 456 177 1000
1 444 457 177 1000
1 444 458 177 1000
1 444 459 177 1000
1 444 460 177 1000
1 444 461 177 1000
1 444 462 177 1000
1 444 463 177 1000
1 444 464 177 1000
1 444 465 177 1000
1 444 466 177 1000
1 444 467 177 1000
1 444 468 177 1000
1 444 469 177 1000
1 444 470 177 1000
1 444 471 177 1000
1 444 472 177 1000
1 444 473 177 1000
1 444 474 177 1000
1 444 475 177 1000
1 444 476 177 1000
1 444 477 177 1000
1 444 478 177 1000
1 444 479 177 1000
1 444 480 177 1000
1 444 481 177 1000
1 444 482 177 1000
1 444 483 177 1000
1 444 484 177 1000
1 444 485 177 1000
1 444 486 177 1000
1 444 487 177 1000
1 444 488 177 1000
1 444 489 177 1000
1 444 490 177 1000
1 444 491 177 1000
1 444 492 177 1000
1 444 493 177 1000
1 444 494 177 1000
1 444 495 177 1000
1 444 496 177 1000
1 444 497 177 1000
1 444 498 177 1000
1 444 499 177 1000
1 444 500 177 1000
1 444 501 177 1000
1 444 502 177 1000
1 444 503 177 1000
1 445 307 177 1000
1 445 308 177 1000
1 445 309 177 1000
1 445 310 177 1000
1 445 311 177 1000
1 445 312 177 1000
1 445 313 177 1000
1 445 314 177 1000
1 445 315 177 1000
1 445 316 177 1000
1 445 317 177 1000
1 445 318 177 1000
1 445 319 177 1000
1 445 320 177 1000
1 445 321 177 1000
1 445 322 177 1000
1 445 323 177 1000
1 445 324 177 1000
1 445 325 177 1000
1 445 326 177 1000
1 445 327 177 1000
1 445 328 177 1000
1 445 329 177 1000
1 445 330 177 1000
1 445 331 177 1000
1 445 332 177 1000
1 445 333 177 1000
1 445 334 177 1000
1 445 335 177 1000
1 445 336 177 1000
1 445 337 177 1000
1 445 338 177 1000
1 445 339 177 1000
1 445 340 177 1000
1 445 341 177 1000
1 445 342 177 1000
1 445 343 177 1000
1 445 344 177 1000
1 445 345 177 1000
1 445 346 177 1000
1 445 347 177 1000
1 445 348 177 1000
1 445 349 177 1000
1 445 350 177 1000
1 445 351 177 1000
1 445 352 177 1000
1 445 353 177 1000
1 445 354 177 1000
1 445 355 177 1000
1 445 356 177 1000
1 445 357 177 1000
1 445 358 177 1000
1 445 359 177 1000
1 445 360 177 1000
1 445 361 177 1000
1 445 449 177 1000
1 445 450 177 1000
1 445 451 177 1000
1 445 452 177 1000
1 445 453 177 1000
1 445 454 177 1000
1 445 455 177 1000
1 445 456 177 1000
1 445 457 177 1000
1 445 458 177 1000
1 445 459 177 1000
1 445 460 177 1000
1 445 461 177 1000
1 445 462 177 1000
1 445 463 177 1000
1 445 464 177 1000
1 445 465 177 1000
1 445 466 177 1000
1 445 467 177 1000
1 445 468 177 1000
1 445 469 177 1000
1 445 470 177 1000
1 445 471 177 1000
1 445 472 177 1000
1 445 473 177 1000
1 445 474 177 1000
1 445 475 177 1000
1 445 476 177 1000
1 445 477 177 1000
1 445 478 177 1000
1 445 479 177 1000
1 445 480 177 1000
1 445 481 177 1000
1 445 482 177 1000
1 445 483 177 1000
1 445 484 177 1000
1 445 485 177 1000
1 445 486 177 1000
1 445 487 177 1000
1 445 488 177 1000
1 445 489 177 1000
1 445 490 177 1000
1 445 491 177 1000
1 445 492 177 1000
1 445 493 177 1000
1 445 494 177 1000
1 445 495 177 1000
1 445 496 177 1000
1 445 497 177 1000
1 445 498 177 1000
1 445 499 177 1000
1 445 500 177 1000
1 445 501 177 1000
1 446 309 177 1000
1 446 310 177 1000
1 446 311 177 1000
1 446 312 177 1000
1 446 313 177 1000
1 446 314 177 1000
1 446 315 177 1000
1 446 316 177 1000
1 446 317 177 1000
1 446 318 177 1000
1 446 319 177 1000
1 446 320 177 1000
1 446 321 177 1000
1 446 322 177 1000
1 446 323 177 1000
1 446 324 177 1000
1 446 325 177 1000
1 446 326 177 1000
1 446 327 177 1000
1 446 328 177 1000
1 446 329 177 1000
1 446 330 177 1000
1 446 331 177 1000
1 446 332 177 1000
1 446 333 177 1000
1 446 334 177 1000
1 446 335 177 1000
1 446 336 177 1000
1 446 337 177 1000
1 446 338 177 1000
1 446 339 177 1000
1 446 340 177 1000
1 446 341 177 1000
1 446 342 177 1000
1 446 343 177 1000
1 446 344 177 1000
1 446 345 177 1000
1 446 346 177 1000
1 446 347 177 1000
1 446 348 177 1000
1 446 349 177 1000
1 446 350 177 1000
1 446 351 177 1000
1 446 352 177 1000
1 446 353 177 1000
1 446 354 177 1000
1 446 355 177 1000
1 446 356 177 1000
1 446 357 177 1000
1 446 358 177 1000
1 446 359 177 1000
1 446 360 177 1000
1 446 361 177 1000
1 446 362 177 1000
1 446 447 177 1000
1 446 448 177 1000
1 446 449 177 1000
1 446 450 177 1000
1 446 451 177 1000
1 446 452 177 1000
1 446 453 177 1000
1 446 454 177 1000
1 446 455 177 1000
1 446 456 177 1000
1 446 457 177 1000
1 446 458 177 1000
1 446 459 177 1000
1 446 460 177 1000
1 446 461 177 1000
1 446 462 177 1000
1 446 463 177 1000
1 446 464 177 1000
1 446 465 177 1000
1 446 466 177 1000
1 446 467 177 1000
1 446 468 177 1000
1 446 469 177 1000
1 446 470 177 1000
1 446 471 177 1000
1 446 472 177 1000
1 446 473 177 1000
1 446 474 177 1000
1 446 475 177 1000
1 446 476 177 1000
1 446 477 177 1000
1 446 478 177 1000
1 446 479 177 1000
1 446 480 177 1000
1 446 481 177 1000
1 446 482 177 1000
1 446 483 177 1000
1 446 484 177 1000
1 446 485 177 1000
1 446 486 177 1000
1 446 487 177 1000
1 446 488 177 1000
1 446 489 177 1000
1 446 490 177 1000
1 446 491 177 1000
1 446 492 177 1000
1 446 493 177 1000
1 446 494 177 1000
1 446 495 177 1000
1 446 496 177 1000
1 446 497 177 1000
1 446 498 177 1000
1 446 499 177 1000
1 447 309 177 1000
1 447 310 177 1000
1 447 311 177 1000
1 447 312 177 1000
1 447 313 177 1000
1 447 314 177 1000
1 447 315 177 1000
1 447 316 177 1000
1 447 317 177 1000
1 447 318 177 1000
1 447 319 177 1000
1 447 320 177 1000
1 447 321 177 1000
1 447 322 177 1000
1 447 323 177 1000
1 447 324 177 1000
1 447 325 177 1000
1 447 326 177 1000
1 447 327 177 1000
1 447 328 177 1000
1 447 329 177 1000
1 447 330 177 1000
1 447 331 177 1000
1 447 332 177 1000
1 447 333 177 1000
1 447 334 177 1000
1 447 335 177 1000
1 447 336 177 1000
1 447 337 177 1000
1 447 338 177 1000
1 447 339 177 1000
1 447 340 177 1000
1 447 341 177 1000
1 447 342 177 1000
1 447 343 177 1000
1 447 344 177 1000
1 447 345 177 1000
1 447 346 177 1000
1 447 347 177 1000
1 447 348 177 1000
1 447 349 177 1000
1 447 350 177 1000
1 447 351 177 1000
1 447 352 177 1000
1 447 353 177 1000
1 447 354 177 1000
1 447 355 177 1000
1 447 356 177 1000
1 447 357 177 1000
1 447 358 177 1000
1 447 359 177 1000
1 447 360 177 1000
1 447 361 177 1000
1 447 362 177 1000
1 447 363 177 1000
1 447 444 177 1000
1 447 445 177 1000
1 447 446 177 1000
1 447 447 177 1000
1 447 448 177 1000
1 447 449 177 1000
1 447 450 177 1000
1 447 451 177 1000
1 447 452 177 1000
1 447 453 177 1000
1 447 454 177 1000
1 447 455 177 1000
1 447 456 177 1000
1 447 457 177 1000
1 447 458 177 1000
1 447 459 177 1000
1 447 460 177 1000
1 447 461 177 1000
1 447 462 177 1000
1 447 463 177 1000
1 447 464 177 1000
1 447 465 177 1000
1 447 466 177 1000
1 447 467 177 1000
1 447 468 177 1000
1 447 469 177 1000
1 447 470 177 1000
1 447 471 177 1000
1 447 472 177 1000
1 447 473 177 1000
1 447 474 177 1000
1 447 475 177 1000
1 447 476 177 1000
1 447 477 177 1000
1 447 478 177 1000
1 447 479 177 1000
1 447 480 177 1000
1 447 481 177 1000
1 447 482 177 1000
1 447 483 177 1000
1 447 484 177 1000
1 447 485 177 1000
1 447 486 177 1000
1 447 487 177 1000
1 447 488 177 1000
1 447 489 177 1000
1 447 490 177 1000
1 447 491 177 1000
1 447 492 177 1000
1 447 493 177 1000
1 447 494 177 1000
1 447 495 177 1000
1 447 496 177 1000
1 447 497 177 1000
1 448 310 177 1000
1 448 311 177 1000
1 448 312 177 1000
1 448 313 177 1000
1 448 314 177 1000
1 448 315 177 1000
1 448 316 177 1000
1 448 317 177 1000
1 448 318 177 1000
1 448 319 177 1000
1 448 320 177 1000
1 448 321 177 1000
1 448 322 177 1000
1 448 323 177 1000
1 448 324 177 1000
1 448 325 177 1000
1 448 326 177 1000
1 448 327 177 1000
1 448 328 177 1000
1 448 329 177 1000
1 448 330 177 1000
1 448 331 177 1000
1 448 332 177 1000
1 448 333 177 1000
1 448 334 177 1000
1 448 335 177 1000
1 448 336 177 1000
1 448 337 177 1000
1 448 338 177 1000
1 448 339 177 1000
1 448 340 177 1000
1 448 341 177 1000
1 448 342 177 1000
1 448 343 177 1000
1 448 344 177 1000
1 448 345 177 1000
1 448 346 177 1000
1 448 347 177 1000
1 448 348 177 1000
1 448 349 177 1000
1 448 350 177 1000
1 448 351 177 1000
1 448 352 177 1000
1 448 353 177 1000
1 448 354 177 1000
1 448 355 177 1000
1 448 356 177 1000
1 448 357 177 1000
1 448 358 177 1000
1 448 359 177 1000
1 448 360 177 1000
1 448 361 177 1000
1 448 362 177 1000
1 448 363 177 1000
1 448 364 177 1000
1 448 365 177 1000
1 448 442 177 1000
1 448 443 177 1000
1 448 444 177 1000
1 448 445 177 1000
1 448 446 177 1000
1 448 447 177 1000
1 448 448 177 1000
1 448 449 177 1000
1 448 450 177 1000
1 448 451 177 1000
1 448 452 177 1000
1 448 453 177 1000
1 448 454 177 1000
1 448 455 177 1000
1 448 456 177 1000
1 448 457 177 1000
1 448 458 177 1000
1 448 459 177 1000
1 448 460 177 1000
1 448 461 177 1000
1 448 462 177 1000
1 448 463 177 1000
1 448 464 177 1000
1 448 465 177 1000
1 448 466 177 1000
1 448 467 177 1000
1 448 468 177 1000
1 448 469 177 1000
1 448 470 177 1000
1 448 471 177 1000
1 448 472 177 1000
1 448 473 177 1000
1 448 474 177 1000
1 448 475 177 1000
1 448 476 177 1000
1 448 477 177 1000
1 448 478 177 1000
1 448 479 177 1000
1 448 480 177 1000
1 448 481 177 1000
1 448 482 177 1000
1 448 483 177 1000
1 448 484 177 1000
1 448 485 177 1000
1 448 486 177 1000
1 448 487 177 1000
1 448 488 177 1000
1 448 489 177 1000
1 448 490 177 1000
1 448 491 177 1000
1 448 492 177 1000
1 448 493 177 1000
1 448 494 177 1000
1 448 495 177 1000
1 449 312 177 1000
1 449 313 177 1000
1 449 314 177 1000
1 449 315 177 1000
1 449 316 177 1000
1 449 317 177 1000
1 449 318 177 1000
1 449 319 177 1000
1 449 320 177 1000
1 449 321 177 1000
1 449 322 177 1000
1 449 323 177 1000
1 449 324 177 1000
1 449 325 177 1000
1 449 326 177 1000
1 449 327 177 1000
1 449 328 177 1000
1 449 329 177 1000
1 449 330 177 1000
1 449 331 177 1000
1 449 332 177 1000
1 449 333 177 1000
1 449 334 177 1000
1 449 335 177 1000
1 449 336 177 1000
1 449 337 177 1000
1 449 338 177 1000
1 449 339 177 1000
1 449 340 177 1000
1 449 341 177 1000
1 449 342 177 1000
1 449 343 177 1000
1 449 344 177 1000
1 449 345 177 1000
1 449 346 177 1000
1 449 347 177 1000
1 449 348 177 1000
1 449 349 177 1000
1 449 350 177 1000
1 449 351 177 1000
1 449 352 177 1000
1 449 353 177 1000
1 449 354 177 1000
1 449 355 177 1000
1 449 356 177 1000
1 449 357 177 1000
1 449 358 177 1000
1 449 359 177 1000
1 449 360 177 1000
1 449 361 177 1000
1 449 362 177 1000
1 449 363 177 1000
1 449 364 177 1000
1 449 365 177 1000
1 449 366 177 1000
1 449 439 177 1000
1 449 440 177 1000
1 449 441 177 1000
1 449 442 177 1000
1 449 443 177 1000
1 449 444 177 1000
1 449 445 177 1000
1 449 446 177 1000
1 449 447 177 1000
1 449 448 177 1000
1 449 449 177 1000
1 449 450 177 1000
1 449 451 177 1000
1 449 452 177 1000
1 449 453 177 1000
1 449 454 177 1000
1 449 455 177 1000
1 449 456 177 1000
1 449 457 177 1000
1 449 458 177 1000
1 449 459 177 1000
1 449 460 177 1000
1 449 461 177 1000
1 449 462 177 1000
1 449 463 177 1000
1 449 464 177 1000
1 449 465 177 1000
1 449 466 177 1000
1 449 467 177 1000
1 449 468 177 1000
1 449 469 177 1000
1 449 470 177 1000
1 449 471 177 1000
1 449 472 177 1000
1 449 473 177 1000
1 449 474 177 1000
1 449 475 177 1000
1 449 476 177 1000
1 449 477 177 1000
1 449 478 177 1000
1 449 479 177 1000
1 449 480 177 1000
1 449 481 177 1000
1 449 482 177 1000
1 449 483 177 1000
1 449 484 177 1000
1 449 485 177 1000
1 449 486 177 1000
1 449 487 177 1000
1 449 488 177 1000
1 449 489 177 1000
1 449 490 177 1000
1 449 491 177 1000
1 449 492 177 1000
1 449 493 177 1000
1 449 494 177 1000
1 450 313 177 1000
1 450 314 177 1000
1 450 315 177 1000
1 450 316 177 1000
1 450 317 177 1000
1 450 318 177 1000
1 450 319 177 1000
1 450 320 177 1000
1 450 321 177 1000
1 450 322 177 1000
1 450 323 177 1000
1 450 324 177 1000
1 450 325 177 1000
1 450 326 177 1000
1 450 327 177 1000
1 450 328 177 1000
1 450 329 177 1000
1 450 330 177 1000
1 450 331 177 1000
1 450 332 177 1000
1 450 333 177 1000
1 450 334 177 1000
1 450 335 177 1000
1 450 336 177 1000
1 450 337 177 1000
1 450 338 177 1000
1 450 339 177 1000
1 450 340 177 1000
1 450 341 177 1000
1 450 342 177 1000
1 450 345 177 1000
1 450 346 177 1000
1 450 347 177 1000
1 450 348 177 1000
1 450 349 177 1000
1 450 350 177 1000
1 450 351 177 1000
1 450 352 177 1000
1 450 353 177 1000
1 450 354 177 1000
1 450 355 177 1000
1 450 356 177 1000
1 450 357 177 1000
1 450 358 177 1000
1 450 359 177 1000
1 450 360 177 1000
1 450 361 177 1000
1 450 362 177 1000
1 450 363 177 1000
1 450 364 177 1000
1 450 365 177 1000
1 450 366 177 1000
1 450 367 177 1000
1 450 437 177 1000
1 450 438 177 1000
1 450 439 177 1000
1 450 440 177 1000
1 450 441 177 1000
1 450 442 177 1000
1 450 443 177 1000
1 450 444 177 1000
1 450 445 177 1000
1 450 446 177 1000
1 450 447 177 1000
1 450 448 177 1000
1 450 449 177 1000
1 450 450 177 1000
1 450 451 177 1000
1 450 452 177 1000
1 450 453 177 1000
1 450 454 177 1000
1 450 455 177 1000
1 450 456 177 1000
1 450 457 177 1000
1 450 458 177 1000
1 450 459 177 1000
1 450 460 177 1000
1 450 461 177 1000
1 450 462 177 1000
1 450 463 177 1000
1 450 464 177 1000
1 450 465 177 1000
1 450 466 177 1000
1 450 467 177 1000
1 450 468 177 1000
1 450 469 177 1000
1 450 470 177 1000
1 450 471 177 1000
1 450 472 177 1000
1 450 473 177 1000
1 450 474 177 1000
1 450 475 177 1000
1 450 476 177 1000
1 450 477 177 1000
1 450 478 177 1000
1 450 479 177 1000
1 450 480 177 1000
1 450 481 177 1000
1 450 482 177 1000
1 450 483 177 1000
1 450 484 177 1000
1 450 485 177 1000
1 450 486 177 1000
1 450 487 177 1000
1 450 488 177 1000
1 450 489 177 1000
1 450 490 177 1000
1 450 491 177 1000
1 450 492 177 1000
1 451 315 177 1000
1 451 316 177 1000
1 451 317 177 1000
1 451 318 177 1000
1 451 319 177 1000
1 451 320 177 1000
1 451 321 177 1000
1 451 322 177 1000
1 451 323 177 1000
1 451 324 177 1000
1 451 325 177 1000
1 451 326 177 1000
1 451 327 177 1000
1 451 328 177 1000
1 451 329 177 1000
1 451 330 177 1000
1 451 331 177 1000
1 451 332 177 1000
1 451 333 177 1000
1 451 334 177 1000
1 451 335 177 1000
1 451 336 177 1000
1 451 337 177 1000
1 451 338 177 1000
1 451 339 177 1000
1 451 340 177 1000
1 451 341 177 1000
1 451 347 177 1000
1 451 348 177 1000
1 451 349 177 1000
1 451 350 177 1000
1 451 351 177 1000
1 451 352 177 1000
1 451 353 177 1000
1 451 354 177 1000
1 451 355 177 1000
1 451 356 177 1000
1 451 357 177 1000
1 451 358 177 1000
1 451 359 177 1000
1 451 360 177 1000
1 451 361 177 1000
1 451 362 177 1000
1 451 363 177 1000
1 451 364 177 1000
1 451 365 177 1000
1 451 366 177 1000
1 451 367 177 1000
1 451 368 177 1000
1 451 434 177 1000
1 451 435 177 1000
1 451 436 177 1000
1 451 437 177 1000
1 451 438 177 1000
1 451 439 177 1000
1 451 440 177 1000
1 451 441 177 1000
1 451 442 177 1000
1 451 443 177 1000
1 451 444 177 1000
1 451 445 177 1000
1 451 446 177 1000
1 451 447 177 1000
1 451 448 177 1000
1 451 449 177 1000
1 451 450 177 1000
1 451 451 177 1000
1 451 452 177 1000
1 451 453 177 1000
1 451 454 177 1000
1 451 455 177 1000
1 451 456 177 1000
1 451 457 177 1000
1 451 458 177 1000
1 451 459 177 1000
1 451 460 177 1000
1 451 461 177 1000
1 451 462 177 1000
1 451 463 177 1000
1 451 464 177 1000
1 451 465 177 1000
1 451 466 177 1000
1 451 467 177 1000
1 451 468 177 1000
1 451 469 177 1000
1 451 470 177 1000
1 451 471 177 1000
1 451 472 177 1000
1 451 473 177 1000
1 451 474 177 1000
1 451 475 177 1000
1 451 476 177 1000
1 451 477 177 1000
1 451 478 177 1000
1 451 479 177 1000
1 451 480 177 1000
1 451 481 177 1000
1 451 482 177 1000
1 451 483 177 1000
1 451 484 177 1000
1 451 485 177 1000
1 451 486 177 1000
1 451 487 177 1000
1 451 488 177 1000
1 451 489 177 1000
1 451 490 177 1000
1 452 317 177 1000
1 452 318 177 1000
1 452 319 177 1000
1 452 320 177 1000
1 452 321 177 1000
1 452 322 177 1000
1 452 323 177 1000
1 452 324 177 1000
1 452 325 177 1000
1 452 326 177 1000
1 452 327 177 1000
1 452 328 177 1000
1 452 329 177 1000
1 452 330 177 1000
1 452 331 177 1000
1 452 332 177 1000
1 452 333 177 1000
1 452 334 177 1000
1 452 336 177 1000
1 452 337 177 1000
1 452 338 177 1000
1 452 339 177 1000
1 452 340 177 1000
1 452 347 177 1000
1 452 348 177 1000
1 452 349 177 1000
1 452 350 177 1000
1 452 351 177 1000
1 452 352 177 1000
1 452 353 177 1000
1 452 354 177 1000
1 452 355 177 1000
1 452 356 177 1000
1 452 357 177 1000
1 452 358 177 1000
1 452 359 177 1000
1 452 360 177 1000
1 452 361 177 1000
1 452 362 177 1000
1 452 363 177 1000
1 452 364 177 1000
1 452 365 177 1000
1 452 366 177 1000
1 452 367 177 1000
1 452 368 177 1000
1 452 369 177 1000
1 452 370 177 1000
1 452 432 177 1000
1 452 433 177 1000
1 452 434 177 1000
1 452 435 177 1000
1 452 436 177 1000
1 452 437 177 1000
1 452 438 177 1000
1 452 439 177 1000
1 452 440 177 1000
1 452 441 177 1000
1 452 442 177 1000
1 452 443 177 1000
1 452 444 177 1000
1 452 445 177 1000
1 452 446 177 1000
1 452 447 177 1000
1 452 448 177 1000
1 452 449 177 1000
1 452 450 177 1000
1 452 451 177 1000
1 452 452 177 1000
1 452 453 177 1000
1 452 454 177 1000
1 452 455 177 1000
1 452 456 177 1000
1 452 457 177 1000
1 452 458 177 1000
1 452 459 177 1000
1 452 460 177 1000
1 452 461 177 1000
1 452 462 177 1000
1 452 463 177 1000
1 452 464 177 1000
1 452 465 177 1000
1 452 466 177 1000
1 452 467 177 1000
1 452 468 177 1000
1 452 469 177 1000
1 452 470 177 1000
1 452 471 177 1000
1 452 472 177 1000
1 452 473 177 1000
1 452 474 177 1000
1 452 475 177 1000
1 452 476 177 1000
1 452 477 177 1000
1 452 478 177 1000
1 452 479 177 1000
1 452 480 177 1000
1 452 481 177 1000
1 452 482 177 1000
1 452 483 177 1000
1 452 484 177 1000
1 452 485 177 1000
1 452 486 177 1000
1 452 487 177 1000
1 452 488 177 1000
1 453 319 177 1000
1 453 320 177 1000
1 453 321 177 1000
1 453 322 177 1000
1 453 323 177 1000
1 453 324 177 1000
1 453 325 177 1000
1 453 326 177 1000
1 453 327 177 1000
1 453 328 177 1000
1 453 329 177 1000
1 453 330 177 1000
1 453 331 177 1000
1 453 332 177 1000
1 453 333 177 1000
1 453 336 177 1000
1 453 337 177 1000
1 453 338 177 1000
1 453 339 177 1000
1 453 340 177 1000
1 453 347 177 1000
1 453 348 177 1000
1 453 349 177 1000
1 453 350 177 1000
1 453 351 177 1000
1 453 352 177 1000
1 453 353 177 1000
1 453 354 177 1000
1 453 355 177 1000
1 453 356 177 1000
1 453 357 177 1000
1 453 358 177 1000
1 453 359 177 1000
1 453 360 177 1000
1 453 361 177 1000
1 453 362 177 1000
1 453 363 177 1000
1 453 364 177 1000
1 453 365 177 1000
1 453 366 177 1000
1 453 367 177 1000
1 453 368 177 1000
1 453 369 177 1000
1 453 370 177 1000
1 453 371 177 1000
1 453 429 177 1000
1 453 430 177 1000
1 453 431 177 1000
1 453 432 177 1000
1 453 433 177 1000
1 453 434 177 1000
1 453 435 177 1000
1 453 436 177 1000
1 453 437 177 1000
1 453 438 177 1000
1 453 439 177 1000
1 453 440 177 1000
1 453 441 177 1000
1 453 442 177 1000
1 453 443 177 1000
1 453 444 177 1000
1 453 445 177 1000
1 453 446 177 1000
1 453 447 177 1000
1 453 448 177 1000
1 453 449 177 1000
1 453 450 177 1000
1 453 451 177 1000
1 453 452 177 1000
1 453 453 177 1000
1 453 454 177 1000
1 453 455 177 1000
1 453 456 177 1000
1 453 457 177 1000
1 453 458 177 1000
1 453 459 177 1000
1 453 460 177 1000
1 453 461 177 1000
1 453 462 177 1000
1 453 463 177 1000
1 453 464 177 1000
1 453 465 177 1000
1 453 466 177 1000
1 453 467 177 1000
1 453 468 177 1000
1 453 469 177 1000
1 453 470 177 1000
1 453 471 177 1000
1 453 472 177 1000
1 453 473 177 1000
1 453 474 177 1000
1 453 475 177 1000
1 453 476 177 1000
1 453 477 177 1000
1 453 478 177 1000
1 453 479 177 1000
1 453 480 177 1000
1 453 481 177 1000
1 453 482 177 1000
1 453 483 177 1000
1 453 484 177 1000
1 453 485 177 1000
1 453 486 177 1000
1 453 487 177 1000
1 454 320 177 1000
1 454 321 177 1000
1 454 322 177 1000
1 454 323 177 1000
1 454 324 177 1000
1 454 325 177 1000
1 454 326 177 1000
1 454 327 177 1000
1 454 328 177 1000
1 454 329 177 1000
1 454 330 177 1000
1 454 331 177 1000
1 454 337 177 1000
1 454 338 177 1000
1 454 339 177 1000
1 454 340 177 1000
1 454 347 177 1000
1 454 348 177 1000
1 454 349 177 1000
1 454 350 177 1000
1 454 351 177 1000
1 454 352 177 1000
1 454 353 177 1000
1 454 354 177 1000
1 454 355 177 1000
1 454 356 177 1000
1 454 357 177 1000
1 454 358 177 1000
1 454 359 177 1000
1 454 360 177 1000
1 454 361 177 1000
1 454 362 177 1000
1 454 363 177 1000
1 454 364 177 1000
1 454 365 177 1000
1 454 366 177 1000
1 454 367 177 1000
1 454 368 177 1000
1 454 369 177 1000
1 454 370 177 1000
1 454 371 177 1000
1 454 372 177 1000
1 454 426 177 1000
1 454 427 177 1000
1 454 428 177 1000
1 454 429 177 1000
1 454 430 177 1000
1 454 431 177 1000
1 454 432 177 1000
1 454 433 177 1000
1 454 434 177 1000
1 454 435 177 1000
1 454 436 177 1000
1 454 437 177 1000
1 454 438 177 1000
1 454 439 177 1000
1 454 440 177 1000
1 454 441 177 1000
1 454 442 177 1000
1 454 443 177 1000
1 454 444 177 1000
1 454 445 177 1000
1 454 446 177 1000
1 454 447 177 1000
1 454 448 177 1000
1 454 449 177 1000
1 454 450 177 1000
1 454 451 177 1000
1 454 452 177 1000
1 454 453 177 1000
1 454 454 177 1000
1 454 455 177 1000
1 454 456 177 1000
1 454 457 177 1000
1 454 458 177 1000
1 454 459 177 1000
1 454 460 177 1000
1 454 461 177 1000
1 454 462 177 1000
1 454 463 177 1000
1 454 464 177 1000
1 454 465 177 1000
1 454 466 177 1000
1 454 467 177 1000
1 454 468 177 1000
1 454 469 177 1000
1 454 470 177 1000
1 454 471 177 1000
1 454 472 177 1000
1 454 473 177 1000
1 454 474 177 1000
1 454 475 177 1000
1 454 476 177 1000
1 454 477 177 1000
1 454 478 177 1000
1 454 479 177 1000
1 454 480 177 1000
1 454 481 177 1000
1 454 482 177 1000
1 454 483 177 1000
1 454 484 177 1000
1 454 485 177 1000
1 455 321 177 1000
1 455 322 177 1000
1 455 323 177 1000
1 455 324 177 1000
1 455 325 177 1000
1 455 326 177 1000
1 455 327 177 1000
1 455 328 177 1000
1 455 329 177 1000
1 455 330 177 1000
1 455 335 177 1000
1 455 336 177 1000
1 455 337 177 1000
1 455 338 177 1000
1 455 339 177 1000
1 455 340 177 1000
1 455 350 177 1000
1 455 351 177 1000
1 455 352 177 1000
1 455 353 177 1000
1 455 354 177 1000
1 455 355 177 1000
1 455 356 177 1000
1 455 357 177 1000
1 455 358 177 1000
1 455 359 177 1000
1 455 360 177 1000
1 455 361 177 1000
1 455 362 177 1000
1 455 363 177 1000
1 455 364 177 1000
1 455 365 177 1000
1 455 366 177 1000
1 455 367 177 1000
1 455 368 177 1000
1 455 369 177 1000
1 455 370 177 1000
1 455 371 177 1000
1 455 372 177 1000
1 455 373 177 1000
1 455 424 177 1000
1 455 425 177 1000
1 455 426 177 1000
1 455 427 177 1000
1 455 428 177 1000
1 455 429 177 1000
1 455 430 177 1000
1 455 431 177 1000
1 455 432 177 1000
1 455 433 177 1000
1 455 434 177 1000
1 455 435 177 1000
1 455 436 177 1000
1 455 437 177 1000
1 455 438 177 1000
1 455 439 177 1000
1 455 440 177 1000
1 455 441 177 1000
1 455 442 177 1000
1 455 443 177 1000
1 455 444 177 1000
1 455 445 177 1000
1 455 446 177 1000
1 455 447 177 1000
1 455 448 177 1000
1 455 449 177 1000
1 455 450 177 1000
1 455 451 177 1000
1 455 452 177 1000
1 455 453 177 1000
1 455 454 177 1000
1 455 455 177 1000
1 455 456 177 1000
1 455 457 177 1000
1 455 458 177 1000
1 455 459 177 1000
1 455 460 177 1000
1 455 461 177 1000
1 455 462 177 1000
1 455 463 177 1000
1 455 464 177 1000
1 455 465 177 1000
1 455 466 177 1000
1 455 467 177 1000
1 455 468 177 1000
1 455 469 177 1000
1 455 470 177 1000
1 455 471 177 1000
1 455 472 177 1000
1 455 473 177 1000
1 455 474 177 1000
1 455 475 177 1000
1 455 476 177 1000
1 455 477 177 1000
1 455 478 177 1000
1 455 479 177 1000
1 455 480 177 1000
1 455 481 177 1000
1 455 482 177 1000
1 455 483 177 1000
1 456 324 177 1000
1 456 325 177 1000
1 456 326 177 1000
1 456 327 177 1000
1 456 328 177 1000
1 456 329 177 1000
1 456 333 177 1000
1 456 334 177 1000
1 456 335 177 1000
1 456 336 177 1000
1 456 338 177 1000
1 456 339 177 1000
1 456 340 177 1000
1 456 341 177 1000
1 456 350 177 1000
1 456 351 177 1000
1 456 352 177 1000
1 456 353 177 1000
1 456 354 177 1000
1 456 355 177 1000
1 456 356 177 1000
1 456 357 177 1000
1 456 358 177 1000
1 456 359 177 1000
1 456 360 177 1000
1 456 361 177 1000
1 456 362 177 1000
1 456 363 177 1000
1 456 364 177 1000
1 456 365 177 1000
1 456 366 177 1000
1 456 367 177 1000
1 456 368 177 1000
1 456 369 177 1000
1 456 370 177 1000
1 456 371 177 1000
1 456 372 177 1000
1 456 373 177 1000
1 456 374 177 1000
1 456 421 177 1000
1 456 422 177 1000
1 456 423 177 1000
1 456 424 177 1000
1 456 425 177 1000
1 456 426 177 1000
1 456 427 177 1000
1 456 428 177 1000
1 456 429 177 1000
1 456 430 177 1000
1 456 431 177 1000
1 456 432 177 1000
1 456 433 177 1000
1 456 434 177 1000
1 456 435 177 1000
1 456 436 177 1000
1 456 437 177 1000
1 456 438 177 1000
1 456 439 177 1000
1 456 440 177 1000
1 456 441 177 1000
1 456 442 177 1000
1 456 443 177 1000
1 456 444 177 1000
1 456 445 177 1000
1 456 446 177 1000
1 456 447 177 1000
1 456 448 177 1000
1 456 449 177 1000
1 456 450 177 1000
1 456 451 177 1000
1 456 452 177 1000
1 456 453 177 1000
1 456 454 177 1000
1 456 455 177 1000
1 456 456 177 1000
1 456 457 177 1000
1 456 458 177 1000
1 456 459 177 1000
1 456 460 177 1000
1 456 461 177 1000
1 456 462 177 1000
1 456 463 177 1000
1 456 464 177 1000
1 456 465 177 1000
1 456 466 177 1000
1 456 467 177 1000
1 456 468 177 1000
1 456 469 177 1000
1 456 470 177 1000
1 456 471 177 1000
1 456 472 177 1000
1 456 473 177 1000
1 456 474 177 1000
1 456 475 177 1000
1 456 476 177 1000
1 456 477 177 1000
1 456 478 177 1000
1 456 479 177 1000
1 456 480 177 1000
1 456 481 177 1000
1 457 324 177 1000
1 457 325 177 1000
1 457 326 177 1000
1 457 327 177 1000
1 457 328 177 1000
1 457 329 177 1000
1 457 333 177 1000
1 457 334 177 1000
1 457 335 177 1000
1 457 338 177 1000
1 457 339 177 1000
1 457 340 177 1000
1 457 341 177 1000
1 457 351 177 1000
1 457 352 177 1000
1 457 353 177 1000
1 457 354 177 1000
1 457 355 177 1000
1 457 356 177 1000
1 457 357 177 1000
1 457 358 177 1000
1 457 359 177 1000
1 457 360 177 1000
1 457 361 177 1000
1 457 362 177 1000
1 457 363 177 1000
1 457 364 177 1000
1 457 365 177 1000
1 457 366 177 1000
1 457 367 177 1000
1 457 368 177 1000
1 457 369 177 1000
1 457 370 177 1000
1 457 371 177 1000
1 457 372 177 1000
1 457 373 177 1000
1 457 374 177 1000
1 457 375 177 1000
1 457 376 177 1000
1 457 419 177 1000
1 457 420 177 1000
1 457 421 177 1000
1 457 422 177 1000
1 457 423 177 1000
1 457 424 177 1000
1 457 425 177 1000
1 457 426 177 1000
1 457 427 177 1000
1 457 428 177 1000
1 457 429 177 1000
1 457 430 177 1000
1 457 431 177 1000
1 457 432 177 1000
1 457 433 177 1000
1 457 434 177 1000
1 457 435 177 1000
1 457 436 177 1000
1 457 437 177 1000
1 457 438 177 1000
1 457 439 177 1000
1 457 440 177 1000
1 457 441 177 1000
1 457 442 177 1000
1 457 443 177 1000
1 457 444 177 1000
1 457 445 177 1000
1 457 446 177 1000
1 457 447 177 1000
1 457 448 177 1000
1 457 449 177 1000
1 457 450 177 1000
1 457 451 177 1000
1 457 452 177 1000
1 457 453 177 1000
1 457 454 177 1000
1 457 455 177 1000
1 457 456 177 1000
1 457 457 177 1000
1 457 458 177 1000
1 457 459 177 1000
1 457 460 177 1000
1 457 461 177 1000
1 457 462 177 1000
1 457 463 177 1000
1 457 464 177 1000
1 457 465 177 1000
1 457 466 177 1000
1 457 467 177 1000
1 457 468 177 1000
1 457 469 177 1000
1 457 470 177 1000
1 457 471 177 1000
1 457 472 177 1000
1 457 473 177 1000
1 457 474 177 1000
1 457 475 177 1000
1 457 476 177 1000
1 457 477 177 1000
1 457 478 177 1000
1 457 479 177 1000
1 458 326 177 1000
1 458 327 177 1000
1 458 328 177 1000
1 458 338 177 1000
1 458 339 177 1000
1 458 340 177 1000
1 458 341 177 1000
1 458 342 177 1000
1 458 351 177 1000
1 458 352 177 1000
1 458 353 177 1000
1 458 354 177 1000
1 458 355 177 1000
1 458 356 177 1000
1 458 357 177 1000
1 458 358 177 1000
1 458 359 177 1000
1 458 360 177 1000
1 458 361 177 1000
1 458 362 177 1000
1 458 363 177 1000
1 458 364 177 1000
1 458 365 177 1000
1 458 366 177 1000
1 458 367 177 1000
1 458 368 177 1000
1 458 369 177 1000
1 458 370 177 1000
1 458 371 177 1000
1 458 372 177 1000
1 458 373 177 1000
1 458 374 177 1000
1 458 375 177 1000
1 458 376 177 1000
1 458 377 177 1000
1 458 416 177 1000
1 458 417 177 1000
1 458 418 177 1000
1 458 419 177 1000
1 458 420 177 1000
1 458 421 177 1000
1 458 422 177 1000
1 458 423 177 1000
1 458 424 177 1000
1 458 425 177 1000
1 458 426 177 1000
1 458 427 177 1000
1 458 428 177 1000
1 458 429 177 1000
1 458 430 177 1000
1 458 431 177 1000
1 458 432 177 1000
1 458 433 177 1000
1 458 434 177 1000
1 458 435 177 1000
1 458 436 177 1000
1 458 437 177 1000
1 458 438 177 1000
1 458 439 177 1000
1 458 440 177 1000
1 458 441 177 1000
1 458 442 177 1000
1 458 443 177 1000
1 458 444 177 1000
1 458 445 177 1000
1 458 446 177 1000
1 458 447 177 1000
1 458 448 177 1000
1 458 449 177 1000
1 458 450 177 1000
1 458 451 177 1000
1 458 452 177 1000
1 458 453 177 1000
1 458 454 177 1000
1 458 455 177 1000
1 458 456 177 1000
1 458 457 177 1000
1 458 458 177 1000
1 458 459 177 1000
1 458 460 177 1000
1 458 461 177 1000
1 458 462 177 1000
1 458 463 177 1000
1 458 464 177 1000
1 458 465 177 1000
1 458 466 177 1000
1 458 467 177 1000
1 458 468 177 1000
1 458 469 177 1000
1 458 470 177 1000
1 458 471 177 1000
1 458 472 177 1000
1 458 473 177 1000
1 458 474 177 1000
1 458 475 177 1000
1 458 476 177 1000
1 458 477 177 1000
1 459 338 177 1000
1 459 339 177 1000
1 459 340 177 1000
1 459 341 177 1000
1 459 342 177 1000
1 459 351 177 1000
1 459 352 177 1000
1 459 353 177 1000
1 459 354 177 1000
1 459 355 177 1000
1 459 356 177 1000
1 459 357 177 1000
1 459 358 177 1000
1 459 359 177 1000
1 459 360 177 1000
1 459 361 177 1000
1 459 362 177 1000
1 459 363 177 1000
1 459 364 177 1000
1 459 365 177 1000
1 459 366 177 1000
1 459 367 177 1000
1 459 368 177 1000
1 459 369 177 1000
1 459 370 177 1000
1 459 371 177 1000
1 459 372 177 1000
1 459 373 177 1000
1 459 374 177 1000
1 459 375 177 1000
1 459 376 177 1000
1 459 377 177 1000
1 459 378 177 1000
1 459 414 177 1000
1 459 415 177 1000
1 459 416 177 1000
1 459 417 177 1000
1 459 418 177 1000
1 459 419 177 1000
1 459 420 177 1000
1 459 421 177 1000
1 459 422 177 1000
1 459 423 177 1000
1 459 424 177 1000
1 459 425 177 1000
1 459 426 177 1000
1 459 427 177 1000
1 459 428 177 1000
1 459 429 177 1000
1 459 430 177 1000
1 459 431 177 1000
1 459 432 177 1000
1 459 433 177 1000
1 459 434 177 1000
1 459 435 177 1000
1 459 436 177 1000
1 459 437 177 1000
1 459 438 177 1000
1 459 439 177 1000
1 459 440 177 1000
1 459 441 177 1000
1 459 442 177 1000
1 459 443 177 1000
1 459 444 177 1000
1 459 445 177 1000
1 459 446 177 1000
1 459 447 177 1000
1 459 448 177 1000
1 459 449 177 1000
1 459 450 177 1000
1 459 451 177 1000
1 459 452 177 1000
1 459 453 177 1000
1 459 454 177 1000
1 459 455 177 1000
1 459 456 177 1000
1 459 457 177 1000
1 459 458 177 1000
1 459 459 177 1000
1 459 460 177 1000
1 459 461 177 1000
1 459 462 177 1000
1 459 463 177 1000
1 459 464 177 1000
1 459 465 177 1000
1 459 466 177 1000
1 459 467 177 1000
1 459 468 177 1000
1 459 469 177 1000
1 459 470 177 1000
1 459 471 177 1000
1 459 472 177 1000
1 459 473 177 1000
1 459 474 177 1000
1 459 475 177 1000
1 460 338 177 1000
1 460 339 177 1000
1 460 340 177 1000
1 460 341 177 1000
1 460 342 177 1000
1 460 350 177 1000
1 460 351 177 1000
1 460 352 177 1000
1 460 353 177 1000
1 460 354 177 1000
1 460 355 177 1000
1 460 356 177 1000
1 460 357 177 1000
1 460 358 177 1000
1 460 359 177 1000
1 460 360 177 1000
1 460 361 177 1000
1 460 362 177 1000
1 460 363 177 1000
1 460 364 177 1000
1 460 365 177 1000
1 460 366 177 1000
1 460 367 177 1000
1 460 368 177 1000
1 460 369 177 1000
1 460 370 177 1000
1 460 371 177 1000
1 460 372 177 1000
1 460 373 177 1000
1 460 374 177 1000
1 460 375 177 1000
1 460 376 177 1000
1 460 377 177 1000
1 460 378 177 1000
1 460 379 177 1000
1 460 411 177 1000
1 460 412 177 1000
1 460 413 177 1000
1 460 414 177 1000
1 460 415 177 1000
1 460 416 177 1000
1 460 417 177 1000
1 460 418 177 1000
1 460 419 177 1000
1 460 420 177 1000
1 460 421 177 1000
1 460 422 177 1000
1 460 423 177 1000
1 460 424 177 1000
1 460 425 177 1000
1 460 426 177 1000
1 460 427 177 1000
1 460 428 177 1000
1 460 429 177 1000
1 460 430 177 1000
1 460 431 177 1000
1 460 432 177 1000
1 460 433 177 1000
1 460 434 177 1000
1 460 435 177 1000
1 460 436 177 1000
1 460 437 177 1000
1 460 438 177 1000
1 460 439 177 1000
1 460 440 177 1000
1 460 441 177 1000
1 460 442 177 1000
1 460 443 177 1000
1 460 444 177 1000
1 460 445 177 1000
1 460 446 177 1000
1 460 447 177 1000
1 460 448 177 1000
1 460 449 177 1000
1 460 450 177 1000
1 460 451 177 1000
1 460 452 177 1000
1 460 453 177 1000
1 460 454 177 1000
1 460 455 177 1000
1 460 456 177 1000
1 460 457 177 1000
1 460 458 177 1000
1 460 459 177 1000
1 460 460 177 1000
1 460 461 177 1000
1 460 462 177 1000
1 460 463 177 1000
1 460 464 177 1000
1 460 465 177 1000
1 460 466 177 1000
1 460 467 177 1000
1 460 469 177 1000
1 460 470 177 1000
1 460 471 177 1000
1 460 472 177 1000
1 460 473 177 1000
1 461 340 177 1000
1 461 341 177 1000
1 461 349 177 1000
1 461 350 177 1000
1 461 351 177 1000
1 461 352 177 1000
1 461 353 177 1000
1 461 354 177 1000
1 461 355 177 1000
1 461 356 177 1000
1 461 357 177 1000
1 461 358 177 1000
1 461 359 177 1000
1 461 360 177 1000
1 461 361 177 1000
1 461 362 177 1000
1 461 363 177 1000
1 461 364 177 1000
1 461 365 177 1000
1 461 366 177 1000
1 461 367 177 1000
1 461 368 177 1000
1 461 369 177 1000
1 461 370 177 1000
1 461 371 177 1000
1 461 372 177 1000
1 461 373 177 1000
1 461 374 177 1000
1 461 375 177 1000
1 461 376 177 1000
1 461 377 177 1000
1 461 378 177 1000
1 461 379 177 1000
1 461 380 177 1000
1 461 381 177 1000
1 461 409 177 1000
1 461 410 177 1000
1 461 411 177 1000
1 461 412 177 1000
1 461 413 177 1000
1 461 414 177 1000
1 461 415 177 1000
1 461 416 177 1000
1 461 417 177 1000
1 461 418 177 1000
1 461 419 177 1000
1 461 420 177 1000
1 461 421 177 1000
1 461 422 177 1000
1 461 423 177 1000
1 461 424 177 1000
1 461 425 177 1000
1 461 426 177 1000
1 461 427 177 1000
1 461 428 177 1000
1 461 429 177 1000
1 461 430 177 1000
1 461 431 177 1000
1 461 432 177 1000
1 461 433 177 1000
1 461 434 177 1000
1 461 435 177 1000
1 461 436 177 1000
1 461 437 177 1000
1 461 438 177 1000
1 461 439 177 1000
1 461 440 177 1000
1 461 441 177 1000
1 461 442 177 1000
1 461 443 177 1000
1 461 444 177 1000
1 461 445 177 1000
1 461 446 177 1000
1 461 447 177 1000
1 461 448 177 1000
1 461 449 177 1000
1 461 450 177 1000
1 461 451 177 1000
1 461 452 177 1000
1 461 453 177 1000
1 461 454 177 1000
1 461 455 177 1000
1 461 456 177 1000
1 461 457 177 1000
1 461 458 177 1000
1 461 459 177 1000
1 461 460 177 1000
1 461 461 177 1000
1 461 462 177 1000
1 461 463 177 1000
1 461 464 177 1000
1 461 465 177 1000
1 461 466 177 1000
1 461 469 177 1000
1 461 470 177 1000
1 462 349 177 1000
1 462 350 177 1000
1 462 351 177 1000
1 462 352 177 1000
1 462 353 177 1000
1 462 354 177 1000
1 462 355 177 1000
1 462 356 177 1000
1 462 357 177 1000
1 462 358 177 1000
1 462 359 177 1000
1 462 360 177 1000
1 462 361 177 1000
1 462 362 177 1000
1 462 363 177 1000
1 462 364 177 1000
1 462 365 177 1000
1 462 366 177 1000
1 462 367 177 1000
1 462 368 177 1000
1 462 369 177 1000
1 462 370 177 1000
1 462 371 177 1000
1 462 372 177 1000
1 462 373 177 1000
1 462 374 177 1000
1 462 375 177 1000
1 462 376 177 1000
1 462 377 177 1000
1 462 378 177 1000
1 462 379 177 1000
1 462 380 177 1000
1 462 381 177 1000
1 462 382 177 1000
1 462 406 177 1000
1 462 407 177 1000
1 462 408 177 1000
1 462 409 177 1000
1 462 410 177 1000
1 462 411 177 1000
1 462 412 177 1000
1 462 413 177 1000
1 462 414 177 1000
1 462 415 177 1000
1 462 416 177 1000
1 462 417 177 1000
1 462 418 177 1000
1 462 419 177 1000
1 462 420 177 1000
1 462 421 177 1000
1 462 422 177 1000
1 462 423 177 1000
1 462 424 177 1000
1 462 425 177 1000
1 462 426 177 1000
1 462 427 177 1000
1 462 428 177 1000
1 462 429 177 1000
1 462 430 177 1000
1 462 431 177 1000
1 462 432 177 1000
1 462 433 177 1000
1 462 434 177 1000
1 462 435 177 1000
1 462 436 177 1000
1 462 437 177 1000
1 462 438 177 1000
1 462 439 177 1000
1 462 440 177 1000
1 462 441 177 1000
1 462 442 177 1000
1 462 443 177 1000
1 462 444 177 1000
1 462 445 177 1000
1 462 446 177 1000
1 462 447 177 1000
1 462 448 177 1000
1 462 449 177 1000
1 462 450 177 1000
1 462 451 177 1000
1 462 452 177 1000
1 462 453 177 1000
1 462 454 177 1000
1 462 455 177 1000
1 462 456 177 1000
1 462 457 177 1000
1 462 458 177 1000
1 462 459 177 1000
1 462 460 177 1000
1 462 461 177 1000
1 463 348 177 1000
1 463 349 177 1000
1 463 350 177 1000
1 463 351 177 1000
1 463 352 177 1000
1 463 353 177 1000
1 463 354 177 1000
1 463 355 177 1000
1 463 356 177 1000
1 463 357 177 1000
1 463 358 177 1000
1 463 359 177 1000
1 463 360 177 1000
1 463 361 177 1000
1 463 362 177 1000
1 463 363 177 1000
1 463 364 177 1000
1 463 365 177 1000
1 463 366 177 1000
1 463 367 177 1000
1 463 368 177 1000
1 463 369 177 1000
1 463 370 177 1000
1 463 371 177 1000
1 463 372 177 1000
1 463 373 177 1000
1 463 374 177 1000
1 463 375 177 1000
1 463 376 177 1000
1 463 377 177 1000
1 463 378 177 1000
1 463 379 177 1000
1 463 380 177 1000
1 463 381 177 1000
1 463 382 177 1000
1 463 383 177 1000
1 463 404 177 1000
1 463 405 177 1000
1 463 406 177 1000
1 463 407 177 1000
1 463 408 177 1000
1 463 409 177 1000
1 463 410 177 1000
1 463 411 177 1000
1 463 412 177 1000
1 463 413 177 1000
1 463 414 177 1000
1 463 415 177 1000
1 463 416 177 1000
1 463 417 177 1000
1 463 418 177 1000
1 463 419 177 1000
1 463 420 177 1000
1 463 421 177 1000
1 463 422 177 1000
1 463 423 177 1000
1 463 424 177 1000
1 463 425 177 1000
1 463 426 177 1000
1 463 427 177 1000
1 463 428 177 1000
1 463 429 177 1000
1 463 430 177 1000
1 463 431 177 1000
1 463 432 177 1000
1 463 433 177 1000
1 463 434 177 1000
1 463 435 177 1000
1 463 436 177 1000
1 463 437 177 1000
1 463 438 177 1000
1 463 439 177 1000
1 463 440 177 1000
1 463 441 177 1000
1 463 442 177 1000
1 463 443 177 1000
1 463 444 177 1000
1 463 445 177 1000
1 463 446 177 1000
1 463 447 177 1000
1 463 448 177 1000
1 463 449 177 1000
1 463 450 177 1000
1 463 451 177 1000
1 463 452 177 1000
1 463 453 177 1000
1 463 454 177 1000
1 463 455 177 1000
1 463 456 177 1000
1 463 457 177 1000
1 463 458 177 1000
1 463 459 177 1000
1 463 460 177 1000
1 463 461 177 1000
1 464 346 177 1000
1 464 347 177 1000
1 464 348 177 1000
1 464 349 177 1000
1 464 350 177 1000
1 464 351 177 1000
1 464 352 177 1000
1 464 353 177 1000
1 464 354 177 1000
1 464 355 177 1000
1 464 356 177 1000
1 464 357 177 1000
1 464 358 177 1000
1 464 359 177 1000
1 464 360 177 1000
1 464 361 177 1000
1 464 362 177 1000
1 464 363 177 1000
1 464 364 177 1000
1 464 365 177 1000
1 464 366 177 1000
1 464 367 177 1000
1 464 368 177 1000
1 464 369 177 1000
1 464 370 177 1000
1 464 371 177 1000
1 464 372 177 1000
1 464 373 177 1000
1 464 374 177 1000
1 464 375 177 1000
1 464 376 177 1000
1 464 377 177 1000
1 464 378 177 1000
1 464 379 177 1000
1 464 380 177 1000
1 464 381 177 1000
1 464 382 177 1000
1 464 383 177 1000
1 464 384 177 1000
1 464 401 177 1000
1 464 402 177 1000
1 464 403 177 1000
1 464 404 177 1000
1 464 405 177 1000
1 464 406 177 1000
1 464 407 177 1000
1 464 408 177 1000
1 464 409 177 1000
1 464 410 177 1000
1 464 411 177 1000
1 464 412 177 1000
1 464 413 177 1000
1 464 414 177 1000
1 464 415 177 1000
1 464 416 177 1000
1 464 417 177 1000
1 464 418 177 1000
1 464 419 177 1000
1 464 420 177 1000
1 464 421 177 1000
1 464 422 177 1000
1 464 423 177 1000
1 464 424 177 1000
1 464 425 177 1000
1 464 426 177 1000
1 464 427 177 1000
1 464 428 177 1000
1 464 429 177 1000
1 464 430 177 1000
1 464 431 177 1000
1 464 432 177 1000
1 464 433 177 1000
1 464 434 177 1000
1 464 435 177 1000
1 464 436 177 1000
1 464 437 177 1000
1 464 438 177 1000
1 464 439 177 1000
1 464 440 177 1000
1 464 441 177 1000
1 464 442 177 1000
1 464 443 177 1000
1 464 444 177 1000
1 464 445 177 1000
1 464 446 177 1000
1 464 447 177 1000
1 464 448 177 1000
1 464 449 177 1000
1 464 450 177 1000
1 464 451 177 1000
1 464 452 177 1000
1 464 453 177 1000
1 464 454 177 1000
1 464 455 177 1000
1 464 456 177 1000
1 464 457 177 1000
1 464 460 177 1000
1 464 461 177 1000
1 465 342 177 1000
1 465 343 177 1000
1 465 344 177 1000
1 465 345 177 1000
1 465 346 177 1000
1 465 347 177 1000
1 465 348 177 1000
1 465 349 177 1000
1 465 350 177 1000
1 465 351 177 1000
1 465 352 177 1000
1 465 353 177 1000
1 465 354 177 1000
1 465 355 177 1000
1 465 356 177 1000
1 465 357 177 1000
1 465 358 177 1000
1 465 359 177 1000
1 465 360 177 1000
1 465 361 177 1000
1 465 362 177 1000
1 465 363 177 1000
1 465 364 177 1000
1 465 365 177 1000
1 465 366 177 1000
1 465 367 177 1000
1 465 368 177 1000
1 465 369 177 1000
1 465 370 177 1000
1 465 371 177 1000
1 465 372 177 1000
1 465 373 177 1000
1 465 374 177 1000
1 465 375 177 1000
1 465 376 177 1000
1 465 377 177 1000
1 465 378 177 1000
1 465 379 177 1000
1 465 380 177 1000
1 465 381 177 1000
1 465 382 177 1000
1 465 383 177 1000
1 465 384 177 1000
1 465 385 177 1000
1 465 386 177 1000
1 465 399 177 1000
1 465 400 177 1000
1 465 401 177 1000
1 465 402 177 1000
1 465 403 177 1000
1 465 404 177 1000
1 465 405 177 1000
1 465 406 177 1000
1 465 407 177 1000
1 465 408 177 1000
1 465 409 177 1000
1 465 410 177 1000
1 465 411 177 1000
1 465 412 177 1000
1 465 413 177 1000
1 465 414 177 1000
1 465 415 177 1000
1 465 416 177 1000
1 465 417 177 1000
1 465 418 177 1000
1 465 419 177 1000
1 465 420 177 1000
1 465 421 177 1000
1 465 422 177 1000
1 465 423 177 1000
1 465 424 177 1000
1 465 425 177 1000
1 465 426 177 1000
1 465 427 177 1000
1 465 428 177 1000
1 465 429 177 1000
1 465 430 177 1000
1 465 431 177 1000
1 465 432 177 1000
1 465 433 177 1000
1 465 434 177 1000
1 465 435 177 1000
1 465 436 177 1000
1 465 437 177 1000
1 465 438 177 1000
1 465 439 177 1000
1 465 440 177 1000
1 465 441 177 1000
1 465 442 177 1000
1 465 443 177 1000
1 465 444 177 1000
1 465 445 177 1000
1 465 446 177 1000
1 465 447 177 1000
1 465 448 177 1000
1 465 449 177 1000
1 465 450 177 1000
1 465 451 177 1000
1 465 452 177 1000
1 465 453 177 1000
1 465 454 177 1000
1 465 455 177 1000
1 465 456 177 1000
1 465 457 177 1000
1 465 460 177 1000
1 465 461 177 1000
1 465 462 177 1000
1 466 342 177 1000
1 466 343 177 1000
1 466 344 177 1000
1 466 345 177 1000
1 466 346 177 1000
1 466 347 177 1000
1 466 348 177 1000
1 466 349 177 1000
1 466 350 177 1000
1 466 351 177 1000
1 466 352 177 1000
1 466 353 177 1000
1 466 354 177 1000
1 466 355 177 1000
1 466 356 177 1000
1 466 357 177 1000
1 466 358 177 1000
1 466 359 177 1000
1 466 360 177 1000
1 466 361 177 1000
1 466 362 177 1000
1 466 363 177 1000
1 466 364 177 1000
1 466 365 177 1000
1 466 366 177 1000
1 466 367 177 1000
1 466 368 177 1000
1 466 369 177 1000
1 466 370 177 1000
1 466 371 177 1000
1 466 372 177 1000
1 466 373 177 1000
1 466 374 177 1000
1 466 375 177 1000
1 466 376 177 1000
1 466 377 177 1000
1 466 378 177 1000
1 466 379 177 1000
1 466 380 177 1000
1 466 381 177 1000
1 466 382 177 1000
1 466 383 177 1000
1 466 384 177 1000
1 466 385 177 1000
1 466 386 177 1000
1 466 387 177 1000
1 466 396 177 1000
1 466 397 177 1000
1 466 398 177 1000
1 466 399 177 1000
1 466 400 177 1000
1 466 401 177 1000
1 466 402 177 1000
1 466 403 177 1000
1 466 404 177 1000
1 466 405 177 1000
1 466 406 177 1000
1 466 407 177 1000
1 466 408 177 1000
1 466 409 177 1000
1 466 410 177 1000
1 466 411 177 1000
1 466 412 177 1000
1 466 413 177 1000
1 466 414 177 1000
1 466 415 177 1000
1 466 416 177 1000
1 466 417 177 1000
1 466 418 177 1000
1 466 419 177 1000
1 466 420 177 1000
1 466 421 177 1000
1 466 422 177 1000
1 466 423 177 1000
1 466 424 177 1000
1 466 425 177 1000
1 466 426 177 1000
1 466 427 177 1000
1 466 428 177 1000
1 466 429 177 1000
1 466 430 177 1000
1 466 431 177 1000
1 466 432 177 1000
1 466 433 177 1000
1 466 434 177 1000
1 466 435 177 1000
1 466 436 177 1000
1 466 437 177 1000
1 466 438 177 1000
1 466 439 177 1000
1 466 440 177 1000
1 466 441 177 1000
1 466 442 177 1000
1 466 443 177 1000
1 466 444 177 1000
1 466 445 177 1000
1 466 446 177 1000
1 466 447 177 1000
1 466 448 177 1000
1 466 449 177 1000
1 466 450 177 1000
1 466 451 177 1000
1 466 452 177 1000
1 466 453 177 1000
1 466 454 177 1000
1 466 455 177 1000
1 466 456 177 1000
1 466 457 177 1000
1 466 460 177 1000
1 466 461 177 1000
1 466 462 177 1000
1 467 341 177 1000
1 467 342 177 1000
1 467 343 177 1000
1 467 344 177 1000
1 467 345 177 1000
1 467 346 177 1000
1 467 347 177 1000
1 467 348 177 1000
1 467 349 177 1000
1 467 350 177 1000
1 467 351 177 1000
1 467 352 177 1000
1 467 353 177 1000
1 467 354 177 1000
1 467 355 177 1000
1 467 356 177 1000
1 467 357 177 1000
1 467 358 177 1000
1 467 359 177 1000
1 467 360 177 1000
1 467 361 177 1000
1 467 362 177 1000
1 467 363 177 1000
1 467 364 177 1000
1 467 365 177 1000
1 467 366 177 1000
1 467 367 177 1000
1 467 368 177 1000
1 467 369 177 1000
1 467 370 177 1000
1 467 371 177 1000
1 467 372 177 1000
1 467 373 177 1000
1 467 374 177 1000
1 467 375 177 1000
1 467 376 177 1000
1 467 377 177 1000
1 467 378 177 1000
1 467 379 177 1000
1 467 380 177 1000
1 467 381 177 1000
1 467 382 177 1000
1 467 383 177 1000
1 467 384 177 1000
1 467 385 177 1000
1 467 386 177 1000
1 467 387 177 1000
1 467 388 177 1000
1 467 394 177 1000
1 467 395 177 1000
1 467 396 177 1000
1 467 397 177 1000
1 467 398 177 1000
1 467 399 177 1000
1 467 400 177 1000
1 467 401 177 1000
1 467 402 177 1000
1 467 403 177 1000
1 467 404 177 1000
1 467 405 177 1000
1 467 406 177 1000
1 467 407 177 1000
1 467 408 177 1000
1 467 409 177 1000
1 467 410 177 1000
1 467 411 177 1000
1 467 412 177 1000
1 467 413 177 1000
1 467 414 177 1000
1 467 415 177 1000
1 467 416 177 1000
1 467 417 177 1000
1 467 418 177 1000
1 467 419 177 1000
1 467 420 177 1000
1 467 421 177 1000
1 467 422 177 1000
1 467 423 177 1000
1 467 424 177 1000
1 467 425 177 1000
1 467 426 177 1000
1 467 427 177 1000
1 467 428 177 1000
1 467 429 177 1000
1 467 430 177 1000
1 467 431 177 1000
1 467 432 177 1000
1 467 433 177 1000
1 467 434 177 1000
1 467 435 177 1000
1 467 436 177 1000
1 467 437 177 1000
1 467 438 177 1000
1 467 439 177 1000
1 467 440 177 1000
1 467 441 177 1000
1 467 442 177 1000
1 467 443 177 1000
1 467 444 177 1000
1 467 445 177 1000
1 467 446 177 1000
1 467 447 177 1000
1 467 448 177 1000
1 467 449 177 1000
1 467 450 177 1000
1 467 451 177 1000
1 467 452 177 1000
1 467 453 177 1000
1 467 454 177 1000
1 467 455 177 1000
1 467 456 177 1000
1 467 457 177 1000
1 467 461 177 1000
1 468 341 177 1000
1 468 342 177 1000
1 468 343 177 1000
1 468 344 177 1000
1 468 345 177 1000
1 468 346 177 1000
1 468 347 177 1000
1 468 348 177 1000
1 468 349 177 1000
1 468 350 177 1000
1 468 351 177 1000
1 468 352 177 1000
1 468 353 177 1000
1 468 354 177 1000
1 468 355 177 1000
1 468 356 177 1000
1 468 357 177 1000
1 468 358 177 1000
1 468 359 177 1000
1 468 360 177 1000
1 468 361 177 1000
1 468 362 177 1000
1 468 363 177 1000
1 468 364 177 1000
1 468 365 177 1000
1 468 366 177 1000
1 468 367 177 1000
1 468 368 177 1000
1 468 369 177 1000
1 468 370 177 1000
1 468 371 177 1000
1 468 372 177 1000
1 468 373 177 1000
1 468 374 177 1000
1 468 375 177 1000
1 468 376 177 1000
1 468 377 177 1000
1 468 378 177 1000
1 468 379 177 1000
1 468 380 177 1000
1 468 381 177 1000
1 468 382 177 1000
1 468 383 177 1000
1 468 384 177 1000
1 468 385 177 1000
1 468 386 177 1000
1 468 387 177 1000
1 468 388 177 1000
1 468 389 177 1000
1 468 391 177 1000
1 468 392 177 1000
1 468 393 177 1000
1 468 394 177 1000
1 468 395 177 1000
1 468 396 177 1000
1 468 397 177 1000
1 468 398 177 1000
1 468 399 177 1000
1 468 400 177 1000
1 468 401 177 1000
1 468 402 177 1000
1 468 403 177 1000
1 468 404 177 1000
1 468 405 177 1000
1 468 406 177 1000
1 468 407 177 1000
1 468 408 177 1000
1 468 409 177 1000
1 468 410 177 1000
1 468 411 177 1000
1 468 412 177 1000
1 468 413 177 1000
1 468 414 177 1000
1 468 415 177 1000
1 468 416 177 1000
1 468 417 177 1000
1 468 418 177 1000
1 468 419 177 1000
1 468 420 177 1000
1 468 421 177 1000
1 468 422 177 1000
1 468 423 177 1000
1 468 424 177 1000
1 468 425 177 1000
1 468 426 177 1000
1 468 427 177 1000
1 468 428 177 1000
1 468 429 177 1000
1 468 430 177 1000
1 468 431 177 1000
1 468 432 177 1000
1 468 433 177 1000
1 468 434 177 1000
1 468 435 177 1000
1 468 436 177 1000
1 468 437 177 1000
1 468 438 177 1000
1 468 439 177 1000
1 468 440 177 1000
1 468 441 177 1000
1 468 442 177 1000
1 468 443 177 1000
1 468 444 177 1000
1 468 445 177 1000
1 468 446 177 1000
1 468 447 177 1000
1 468 448 177 1000
1 468 449 177 1000
1 468 450 177 1000
1 468 451 177 1000
1 468 452 177 1000
1 468 453 177 1000
1 468 456 177 1000
1 468 457 177 1000
1 469 343 177 1000
1 469 344 177 1000
1 469 345 177 1000
1 469 346 177 1000
1 469 347 177 1000
1 469 348 177 1000
1 469 349 177 1000
1 469 350 177 1000
1 469 351 177 1000
1 469 352 177 1000
1 469 353 177 1000
1 469 354 177 1000
1 469 355 177 1000
1 469 356 177 1000
1 469 357 177 1000
1 469 358 177 1000
1 469 359 177 1000
1 469 360 177 1000
1 469 361 177 1000
1 469 362 177 1000
1 469 363 177 1000
1 469 364 177 1000
1 469 365 177 1000
1 469 366 177 1000
1 469 367 177 1000
1 469 368 177 1000
1 469 369 177 1000
1 469 370 177 1000
1 469 371 177 1000
1 469 372 177 1000
1 469 373 177 1000
1 469 374 177 1000
1 469 375 177 1000
1 469 376 177 1000
1 469 377 177 1000
1 469 378 177 1000
1 469 379 177 1000
1 469 380 177 1000
1 469 381 177 1000
1 469 382 177 1000
1 469 383 177 1000
1 469 384 177 1000
1 469 385 177 1000
1 469 386 177 1000
1 469 387 177 1000
1 469 388 177 1000
1 469 389 177 1000
1 469 390 177 1000
1 469 391 177 1000
1 469 392 177 1000
1 469 393 177 1000
1 469 394 177 1000
1 469 395 177 1000
1 469 396 177 1000
1 469 397 177 1000
1 469 398 177 1000
1 469 399 177 1000
1 469 400 177 1000
1 469 401 177 1000
1 469 402 177 1000
1 469 403 177 1000
1 469 404 177 1000
1 469 405 177 1000
1 469 406 177 1000
1 469 407 177 1000
1 469 408 177 1000
1 469 409 177 1000
1 469 410 177 1000
1 469 411 177 1000
1 469 412 177 1000
1 469 413 177 1000
1 469 414 177 1000
1 469 415 177 1000
1 469 416 177 1000
1 469 417 177 1000
1 469 418 177 1000
1 469 419 177 1000
1 469 420 177 1000
1 469 421 177 1000
1 469 422 177 1000
1 469 423 177 1000
1 469 424 177 1000
1 469 425 177 1000
1 469 426 177 1000
1 469 427 177 1000
1 469 428 177 1000
1 469 429 177 1000
1 469 430 177 1000
1 469 431 177 1000
1 469 432 177 1000
1 469 433 177 1000
1 469 434 177 1000
1 469 435 177 1000
1 469 436 177 1000
1 469 437 177 1000
1 469 438 177 1000
1 469 439 177 1000
1 469 440 177 1000
1 469 441 177 1000
1 469 442 177 1000
1 469 443 177 1000
1 469 444 177 1000
1 469 445 177 1000
1 469 446 177 1000
1 469 447 177 1000
1 469 448 177 1000
1 469 449 177 1000
1 469 450 177 1000
1 469 456 177 1000
1 469 457 177 1000
1 470 343 177 1000
1 470 344 177 1000
1 470 345 177 1000
1 470 346 177 1000
1 470 347 177 1000
1 470 348 177 1000
1 470 349 177 1000
1 470 350 177 1000
1 470 351 177 1000
1 470 352 177 1000
1 470 353 177 1000
1 470 354 177 1000
1 470 355 177 1000
1 470 356 177 1000
1 470 357 177 1000
1 470 358 177 1000
1 470 359 177 1000
1 470 360 177 1000
1 470 361 177 1000
1 470 362 177 1000
1 470 363 177 1000
1 470 364 177 1000
1 470 365 177 1000
1 470 366 177 1000
1 470 367 177 1000
1 470 368 177 1000
1 470 369 177 1000
1 470 370 177 1000
1 470 371 177 1000
1 470 372 177 1000
1 470 373 177 1000
1 470 374 177 1000
1 470 375 177 1000
1 470 376 177 1000
1 470 377 177 1000
1 470 378 177 1000
1 470 379 177 1000
1 470 380 177 1000
1 470 381 177 1000
1 470 382 177 1000
1 470 383 177 1000
1 470 384 177 1000
1 470 385 177 1000
1 470 386 177 1000
1 470 387 177 1000
1 470 388 177 1000
1 470 389 177 1000
1 470 390 177 1000
1 470 391 177 1000
1 470 392 177 1000
1 470 393 177 1000
1 470 394 177 1000
1 470 395 177 1000
1 470 396 177 1000
1 470 397 177 1000
1 470 398 177 1000
1 470 399 177 1000
1 470 400 177 1000
1 470 401 177 1000
1 470 402 177 1000
1 470 403 177 1000
1 470 404 177 1000
1 470 405 177 1000
1 470 406 177 1000
1 470 407 177 1000
1 470 408 177 1000
1 470 409 177 1000
1 470 410 177 1000
1 470 411 177 1000
1 470 412 177 1000
1 470 413 177 1000
1 470 414 177 1000
1 470 415 177 1000
1 470 416 177 1000
1 470 417 177 1000
1 470 418 177 1000
1 470 419 177 1000
1 470 420 177 1000
1 470 421 177 1000
1 470 422 177 1000
1 470 423 177 1000
1 470 424 177 1000
1 470 425 177 1000
1 470 426 177 1000
1 470 427 177 1000
1 470 428 177 1000
1 470 429 177 1000
1 470 430 177 1000
1 470 431 177 1000
1 470 432 177 1000
1 470 433 177 1000
1 470 434 177 1000
1 470 435 177 1000
1 470 436 177 1000
1 470 437 177 1000
1 470 438 177 1000
1 470 439 177 1000
1 470 440 177 1000
1 470 441 177 1000
1 470 442 177 1000
1 470 443 177 1000
1 470 444 177 1000
1 470 445 177 1000
1 470 446 177 1000
1 470 447 177 1000
1 470 448 177 1000
1 470 449 177 1000
1 470 450 177 1000
1 471 344 177 1000
1 471 345 177 1000
1 471 346 177 1000
1 471 347 177 1000
1 471 348 177 1000
1 471 349 177 1000
1 471 350 177 1000
1 471 351 177 1000
1 471 352 177 1000
1 471 353 177 1000
1 471 354 177 1000
1 471 355 177 1000
1 471 356 177 1000
1 471 357 177 1000
1 471 358 177 1000
1 471 359 177 1000
1 471 360 177 1000
1 471 361 177 1000
1 471 362 177 1000
1 471 363 177 1000
1 471 364 177 1000
1 471 365 177 1000
1 471 366 177 1000
1 471 367 177 1000
1 471 368 177 1000
1 471 369 177 1000
1 471 370 177 1000
1 471 371 177 1000
1 471 372 177 1000
1 471 373 177 1000
1 471 374 177 1000
1 471 375 177 1000
1 471 376 177 1000
1 471 377 177 1000
1 471 378 177 1000
1 471 379 177 1000
1 471 380 177 1000
1 471 381 177 1000
1 471 382 177 1000
1 471 383 177 1000
1 471 384 177 1000
1 471 385 177 1000
1 471 386 177 1000
1 471 387 177 1000
1 471 388 177 1000
1 471 389 177 1000
1 471 390 177 1000
1 471 391 177 1000
1 471 392 177 1000
1 471 393 177 1000
1 471 394 177 1000
1 471 395 177 1000
1 471 396 177 1000
1 471 397 177 1000
1 471 398 177 1000
1 471 399 177 1000
1 471 400 177 1000
1 471 401 177 1000
1 471 402 177 1000
1 471 403 177 1000
1 471 404 177 1000
1 471 405 177 1000
1 471 406 177 1000
1 471 407 177 1000
1 471 408 177 1000
1 471 409 177 1000
1 471 410 177 1000
1 471 411 177 1000
1 471 412 177 1000
1 471 413 177 1000
1 471 414 177 1000
1 471 415 177 1000
1 471 416 177 1000
1 471 417 177 1000
1 471 418 177 1000
1 471 419 177 1000
1 471 420 177 1000
1 471 421 177 1000
1 471 422 177 1000
1 471 423 177 1000
1 471 424 177 1000
1 471 425 177 1000
1 471 426 177 1000
1 471 427 177 1000
1 471 428 177 1000
1 471 429 177 1000
1 471 430 177 1000
1 471 431 177 1000
1 471 432 177 1000
1 471 433 177 1000
1 471 434 177 1000
1 471 435 177 1000
1 471 436 177 1000
1 471 437 177 1000
1 471 438 177 1000
1 471 439 177 1000
1 471 440 177 1000
1 471 441 177 1000
1 471 442 177 1000
1 471 443 177 1000
1 471 444 177 1000
1 471 445 177 1000
1 471 446 177 1000
1 471 447 177 1000
1 472 345 177 1000
1 472 346 177 1000
1 472 347 177 1000
1 472 348 177 1000
1 472 349 177 1000
1 472 350 177 1000
1 472 351 177 1000
1 472 352 177 1000
1 472 353 177 1000
1 472 354 177 1000
1 472 355 177 1000
1 472 356 177 1000
1 472 357 177 1000
1 472 358 177 1000
1 472 359 177 1000
1 472 360 177 1000
1 472 361 177 1000
1 472 362 177 1000
1 472 363 177 1000
1 472 364 177 1000
1 472 365 177 1000
1 472 366 177 1000
1 472 367 177 1000
1 472 368 177 1000
1 472 369 177 1000
1 472 370 177 1000
1 472 371 177 1000
1 472 372 177 1000
1 472 373 177 1000
1 472 374 177 1000
1 472 375 177 1000
1 472 376 177 1000
1 472 377 177 1000
1 472 378 177 1000
1 472 379 177 1000
1 472 380 177 1000
1 472 381 177 1000
1 472 382 177 1000
1 472 383 177 1000
1 472 384 177 1000
1 472 385 177 1000
1 472 386 177 1000
1 472 387 177 1000
1 472 388 177 1000
1 472 389 177 1000
1 472 390 177 1000
1 472 391 177 1000
1 472 392 177 1000
1 472 393 177 1000
1 472 394 177 1000
1 472 395 177 1000
1 472 396 177 1000
1 472 397 177 1000
1 472 398 177 1000
1 472 399 177 1000
1 472 400 177 1000
1 472 401 177 1000
1 472 402 177 1000
1 472 403 177 1000
1 472 404 177 1000
1 472 405 177 1000
1 472 406 177 1000
1 472 407 177 1000
1 472 408 177 1000
1 472 409 177 1000
1 472 410 177 1000
1 472 411 177 1000
1 472 412 177 1000
1 472 413 177 1000
1 472 414 177 1000
1 472 415 177 1000
1 472 416 177 1000
1 472 417 177 1000
1 472 418 177 1000
1 472 419 177 1000
1 472 420 177 1000
1 472 421 177 1000
1 472 422 177 1000
1 472 423 177 1000
1 472 424 177 1000
1 472 425 177 1000
1 472 426 177 1000
1 472 427 177 1000
1 472 428 177 1000
1 472 429 177 1000
1 472 430 177 1000
1 472 431 177 1000
1 472 432 177 1000
1 472 433 177 1000
1 472 434 177 1000
1 472 435 177 1000
1 472 436 177 1000
1 472 437 177 1000
1 472 438 177 1000
1 472 439 177 1000
1 472 440 177 1000
1 472 441 177 1000
1 472 442 177 1000
1 472 443 177 1000
1 472 444 177 1000
1 473 347 177 1000
1 473 348 177 1000
1 473 349 177 1000
1 473 350 177 1000
1 473 351 177 1000
1 473 352 177 1000
1 473 353 177 1000
1 473 354 177 1000
1 473 355 177 1000
1 473 356 177 1000
1 473 357 177 1000
1 473 358 177 1000
1 473 359 177 1000
1 473 360 177 1000
1 473 361 177 1000
1 473 362 177 1000
1 473 363 177 1000
1 473 364 177 1000
1 473 365 177 1000
1 473 366 177 1000
1 473 367 177 1000
1 473 368 177 1000
1 473 369 177 1000
1 473 370 177 1000
1 473 371 177 1000
1 473 372 177 1000
1 473 373 177 1000
1 473 374 177 1000
1 473 375 177 1000
1 473 376 177 1000
1 473 377 177 1000
1 473 378 177 1000
1 473 379 177 1000
1 473 380 177 1000
1 473 381 177 1000
1 473 382 177 1000
1 473 383 177 1000
1 473 384 177 1000
1 473 385 177 1000
1 473 386 177 1000
1 473 387 177 1000
1 473 388 177 1000
1 473 389 177 1000
1 473 390 177 1000
1 473 391 177 1000
1 473 392 177 1000
1 473 393 177 1000
1 473 394 177 1000
1 473 395 177 1000
1 473 396 177 1000
1 473 397 177 1000
1 473 398 177 1000
1 473 399 177 1000
1 473 400 177 1000
1 473 401 177 1000
1 473 402 177 1000
1 473 403 177 1000
1 473 404 177 1000
1 473 405 177 1000
1 473 406 177 1000
1 473 407 177 1000
1 473 408 177 1000
1 473 409 177 1000
1 473 410 177 1000
1 473 411 177 1000
1 473 412 177 1000
1 473 413 177 1000
1 473 414 177 1000
1 473 415 177 1000
1 473 416 177 1000
1 473 417 177 1000
1 473 418 177 1000
1 473 419 177 1000
1 473 420 177 1000
1 473 421 177 1000
1 473 422 177 1000
1 473 423 177 1000
1 473 424 177 1000
1 473 425 177 1000
1 473 426 177 1000
1 473 427 177 1000
1 473 428 177 1000
1 473 429 177 1000
1 473 430 177 1000
1 473 431 177 1000
1 473 432 177 1000
1 473 433 177 1000
1 473 434 177 1000
1 473 435 177 1000
1 473 436 177 1000
1 473 437 177 1000
1 473 438 177 1000
1 473 439 177 1000
1 473 440 177 1000
1 473 441 177 1000
1 473 442 177 1000
1 474 349 177 1000
1 474 350 177 1000
1 474 351 177 1000
1 474 356 177 1000
1 474 357 177 1000
1 474 358 177 1000
1 474 359 177 1000
1 474 360 177 1000
1 474 361 177 1000
1 474 362 177 1000
1 474 363 177 1000
1 474 364 177 1000
1 474 365 177 1000
1 474 366 177 1000
1 474 367 177 1000
1 474 368 177 1000
1 474 369 177 1000
1 474 370 177 1000
1 474 371 177 1000
1 474 372 177 1000
1 474 373 177 1000
1 474 374 177 1000
1 474 375 177 1000
1 474 376 177 1000
1 474 377 177 1000
1 474 378 177 1000
1 474 379 177 1000
1 474 380 177 1000
1 474 381 177 1000
1 474 382 177 1000
1 474 383 177 1000
1 474 384 177 1000
1 474 385 177 1000
1 474 386 177 1000
1 474 387 177 1000
1 474 388 177 1000
1 474 389 177 1000
1 474 390 177 1000
1 474 391 177 1000
1 474 392 177 1000
1 474 393 177 1000
1 474 394 177 1000
1 474 395 177 1000
1 474 396 177 1000
1 474 397 177 1000
1 474 398 177 1000
1 474 399 177 1000
1 474 400 177 1000
1 474 401 177 1000
1 474 402 177 1000
1 474 403 177 1000
1 474 404 177 1000
1 474 405 177 1000
1 474 406 177 1000
1 474 407 177 1000
1 474 408 177 1000
1 474 409 177 1000
1 474 410 177 1000
1 474 411 177 1000
1 474 412 177 1000
1 474 413 177 1000
1 474 414 177 1000
1 474 415 177 1000
1 474 416 177 1000
1 474 417 177 1000
1 474 418 177 1000
1 474 419 177 1000
1 474 420 177 1000
1 474 421 177 1000
1 474 422 177 1000
1 474 423 177 1000
1 474 424 177 1000
1 474 425 177 1000
1 474 426 177 1000
1 474 427 177 1000
1 474 428 177 1000
1 474 429 177 1000
1 474 430 177 1000
1 474 431 177 1000
1 474 432 177 1000
1 474 433 177 1000
1 474 434 177 1000
1 474 435 177 1000
1 474 436 177 1000
1 474 437 177 1000
1 474 438 177 1000
1 474 439 177 1000
1 475 357 177 1000
1 475 358 177 1000
1 475 359 177 1000
1 475 360 177 1000
1 475 361 177 1000
1 475 362 177 1000
1 475 363 177 1000
1 475 364 177 1000
1 475 365 177 1000
1 475 366 177 1000
1 475 367 177 1000
1 475 368 177 1000
1 475 369 177 1000
1 475 370 177 1000
1 475 371 177 1000
1 475 372 177 1000
1 475 373 177 1000
1 475 374 177 1000
1 475 375 177 1000
1 475 376 177 1000
1 475 377 177 1000
1 475 378 177 1000
1 475 379 177 1000
1 475 380 177 1000
1 475 381 177 1000
1 475 382 177 1000
1 475 383 177 1000
1 475 384 177 1000
1 475 385 177 1000
1 475 386 177 1000
1 475 387 177 1000
1 475 388 177 1000
1 475 389 177 1000
1 475 390 177 1000
1 475 391 177 1000
1 475 392 177 1000
1 475 393 177 1000
1 475 394 177 1000
1 475 395 177 1000
1 475 396 177 1000
1 475 397 177 1000
1 475 398 177 1000
1 475 399 177 1000
1 475 400 177 1000
1 475 401 177 1000
1 475 402 177 1000
1 475 403 177 1000
1 475 404 177 1000
1 475 405 177 1000
1 475 406 177 1000
1 475 407 177 1000
1 475 408 177 1000
1 475 409 177 1000
1 475 410 177 1000
1 475 411 177 1000
1 475 412 177 1000
1 475 413 177 1000
1 475 414 177 1000
1 475 415 177 1000
1 475 416 177 1000
1 475 417 177 1000
1 475 418 177 1000
1 475 419 177 1000
1 475 420 177 1000
1 475 421 177 1000
1 475 422 177 1000
1 475 423 177 1000
1 475 424 177 1000
1 475 425 177 1000
1 475 426 177 1000
1 475 427 177 1000
1 475 428 177 1000
1 475 429 177 1000
1 475 430 177 1000
1 475 431 177 1000
1 475 432 177 1000
1 475 433 177 1000
1 475 434 177 1000
1 475 435 177 1000
1 475 436 177 1000
1 476 358 177 1000
1 476 359 177 1000
1 476 360 177 1000
1 476 362 177 1000
1 476 363 177 1000
1 476 364 177 1000
1 476 365 177 1000
1 476 366 177 1000
1 476 367 177 1000
1 476 368 177 1000
1 476 369 177 1000
1 476 370 177 1000
1 476 371 177 1000
1 476 372 177 1000
1 476 373 177 1000
1 476 374 177 1000
1 476 375 177 1000
1 476 376 177 1000
1 476 377 177 1000
1 476 378 177 1000
1 476 379 177 1000
1 476 380 177 1000
1 476 381 177 1000
1 476 382 177 1000
1 476 383 177 1000
1 476 384 177 1000
1 476 385 177 1000
1 476 386 177 1000
1 476 387 177 1000
1 476 388 177 1000
1 476 389 177 1000
1 476 390 177 1000
1 476 391 177 1000
1 476 392 177 1000
1 476 393 177 1000
1 476 394 177 1000
1 476 395 177 1000
1 476 396 177 1000
1 476 397 177 1000
1 476 398 177 1000
1 476 399 177 1000
1 476 400 177 1000
1 476 401 177 1000
1 476 402 177 1000
1 476 403 177 1000
1 476 404 177 1000
1 476 405 177 1000
1 476 406 177 1000
1 476 407 177 1000
1 476 408 177 1000
1 476 409 177 1000
1 476 410 177 1000
1 476 411 177 1000
1 476 412 177 1000
1 476 413 177 1000
1 476 414 177 1000
1 476 415 177 1000
1 476 416 177 1000
1 476 417 177 1000
1 476 418 177 1000
1 476 419 177 1000
1 476 420 177 1000
1 476 421 177 1000
1 476 422 177 1000
1 476 423 177 1000
1 476 424 177 1000
1 476 425 177 1000
1 476 426 177 1000
1 476 427 177 1000
1 476 428 177 1000
1 476 429 177 1000
1 476 430 177 1000
1 476 431 177 1000
1 476 432 177 1000
1 476 433 177 1000
1 477 365 177 1000
1 477 366 177 1000
1 477 367 177 1000
1 477 368 177 1000
1 477 369 177 1000
1 477 370 177 1000
1 477 371 177 1000
1 477 372 177 1000
1 477 373 177 1000
1 477 374 177 1000
1 477 375 177 1000
1 477 376 177 1000
1 477 377 177 1000
1 477 378 177 1000
1 477 379 177 1000
1 477 380 177 1000
1 477 381 177 1000
1 477 382 177 1000
1 477 383 177 1000
1 477 384 177 1000
1 477 385 177 1000
1 477 386 177 1000
1 477 387 177 1000
1 477 388 177 1000
1 477 389 177 1000
1 477 390 177 1000
1 477 391 177 1000
1 477 392 177 1000
1 477 393 177 1000
1 477 394 177 1000
1 477 395 177 1000
1 477 396 177 1000
1 477 397 177 1000
1 477 398 177 1000
1 477 399 177 1000
1 477 400 177 1000
1 477 401 177 1000
1 477 402 177 1000
1 477 403 177 1000
1 477 404 177 1000
1 477 405 177 1000
1 477 406 177 1000
1 477 407 177 1000
1 477 408 177 1000
1 477 409 177 1000
1 477 410 177 1000
1 477 411 177 1000
1 477 412 177 1000
1 477 413 177 1000
1 477 414 177 1000
1 477 415 177 1000
1 477 416 177 1000
1 477 417 177 1000
1 477 418 177 1000
1 477 419 177 1000
1 477 420 177 1000
1 477 421 177 1000
1 477 422 177 1000
1 477 423 177 1000
1 477 424 177 1000
1 477 425 177 1000
1 477 426 177 1000
1 477 427 177 1000
1 477 428 177 1000
1 478 369 177 1000
1 478 370 177 1000
1 478 371 177 1000
1 478 372 177 1000
1 478 373 177 1000
1 478 374 177 1000
1 478 375 177 1000
1 478 376 177 1000
1 478 377 177 1000
1 478 378 177 1000
1 478 379 177 1000
1 478 380 177 1000
1 478 381 177 1000
1 478 382 177 1000
1 478 383 177 1000
1 478 384 177 1000
1 478 385 177 1000
1 478 386 177 1000
1 478 387 177 1000
1 478 388 177 1000
1 478 389 177 1000
1 478 390 177 1000
1 478 391 177 1000
1 478 392 177 1000
1 478 393 177 1000
1 478 394 177 1000
1 478 395 177 1000
1 478 396 177 1000
1 478 397 177 1000
1 478 398 177 1000
1 478 399 177 1000
1 478 400 177 1000
1 478 401 177 1000
1 478 402 177 1000
1 478 403 177 1000
1 478 404 177 1000
1 478 405 177 1000
1 478 406 177 1000
1 478 407 177 1000
1 478 408 177 1000
1 478 409 177 1000
1 478 410 177 1000
1 478 411 177 1000
1 478 412 177 1000
1 478 413 177 1000
1 478 414 177 1000
1 478 415 177 1000
1 478 416 177 1000
1 478 417 177 1000
1 478 418 177 1000
1 478 419 177 1000
1 478 420 177 1000
1 478 421 177 1000
1 478 422 177 1000
1 478 423 177 1000
1 478 424 177 1000
1 478 425 177 1000
1 479 374 177 1000
1 479 375 177 1000
1 479 376 177 1000
1 479 377 177 1000
1 479 378 177 1000
1 479 379 177 1000
1 479 380 177 1000
1 479 381 177 1000
1 479 382 177 1000
1 479 383 177 1000
1 479 384 177 1000
1 479 385 177 1000
1 479 386 177 1000
1 479 387 177 1000
1 479 388 177 1000
1 479 389 177 1000
1 479 390 177 1000
1 479 391 177 1000
1 479 392 177 1000
1 479 393 177 1000
1 479 394 177 1000
1 479 395 177 1000
1 479 396 177 1000
1 479 397 177 1000
1 479 398 177 1000
1 479 399 177 1000
1 479 400 177 1000
1 479 401 177 1000
1 479 402 177 1000
1 479 403 177 1000
1 479 404 177 1000
1 479 405 177 1000
1 479 406 177 1000
1 479 407 177 1000
1 479 408 177 1000
1 479 409 177 1000
1 479 410 177 1000
1 479 411 177 1000
1 479 412 177 1000
1 479 413 177 1000
1 479 414 177 1000
1 479 415 177 1000
1 479 416 177 1000
1 479 417 177 1000
1 479 418 177 1000
1 479 419 177 1000
1 479 420 177 1000
1 479 421 177 1000
1 480 389 177 1000
1 480 390 177 1000
1 480 391 177 1000
1 480 392 177 1000
1 480 393 177 1000
1 480 394 177 1000
1 480 395 177 1000
1 480 396 177 1000
1 480 397 177 1000
1 480 398 177 1000
1 480 399 177 1000
1 480 400 177 1000
1 480 401 177 1000
1 480 402 177 1000
1 480 403 177 1000
1 480 404 177 1000
1 480 405 177 1000
1 480 406 177 1000
1 480 407 177 1000
1 480 408 177 1000
1 480 409 177 1000
1 480 410 177 1000
1 480 411 177 1000
1 480 412 177 1000
1 480 413 177 1000
1 480 414 177 1000
1 480 415 177 1000
1 481 389 177 1000
1 481 390 177 1000
1 481 391 177 1000
1 481 392 177 1000
1 481 393 177 1000
1 481 394 177 1000
1 481 395 177 1000
1 481 396 177 1000
1 481 397 177 1000
1 481 398 177 1000
1 481 399 177 1000
1 481 400 177 1000
1 481 401 177 1000
1 481 402 177 1000
1 481 403 177 1000
1 481 404 177 1000
1 481 405 177 1000
1 481 406 177 1000
1 481 407 177 1000
1 481 408 177 1000
1 482 389 177 1000
1 482 390 177 1000
1 482 396 177 1000
1 482 397 177 1000
1 482 400 177 1000
1 482 401 177 1000
1 483 389 177 1000
1 483 390 177 1000
1 484 389 177 1000
1 484 390 177 1000
1 485 390 177 1000
1 486 390 177 1000
1 487 390 177 1000
1 487 391 177 1000
1 488 390 177 1000
1 488 391 177 1000
